title,value,stage,created_date,closed_date,company,owner
GTX Plus Basic - Cancity (1C1I7A6R),135966,won,2025-07-17,2025-11-26,Cancity,Moses Frase
GTX Pro - Isdom (Z063OYW0),582306,won,2025-07-22,2025-12-06,Isdom,Darcel Schlecht
MG Special - Cancity (EC4QE1BX),6450,won,2025-07-22,2025-12-02,Cancity,Darcel Schlecht
GTX Basic - Codehow (MV1LWRNH),75852,won,2025-07-22,2025-12-04,Codehow,Moses Frase
GTX Basic - Hatfan (PE84CX4O),66693,won,2025-07-22,2025-11-27,Hatfan,Zane Levy
MG Special - Ron-tech (ZNBS69V1),6321,won,2025-07-26,2025-11-26,Ron-tech,Anna Snelling
MG Special - J-Texon (9ME3374G),7353,won,2025-07-27,2025-11-27,J-Texon,Vicki Laflamme
GTX Basic - Cheers (7GN8Q4LL),77529,won,2025-07-29,2025-12-02,Cheers,Markita Hansen
GTX Plus Basic - Zumgoity (OLK9LKZB),132354,won,2025-07-29,2025-11-28,Zumgoity,Niesha Huffines
MG Advanced - New prospect (HAXMC4IX),437697,qualified,2025-07-31,,,James Ascencio
MG Special - Bioholding (NL3JZH1Z),6837,won,2025-08-01,2025-12-05,Bioholding,Anna Snelling
GTX Pro - Genco Pura Olive Oil Company (KWVA7VR1),621909,lost,2025-08-01,2025-12-13,Genco Pura Olive Oil Company,Gladys Colclough
GTX Plus Pro - Sunnamplex (S8DX3XOU),666801,won,2025-08-01,2025-12-05,Sunnamplex,James Ascencio
GTX Plus Pro - Sonron (ENB2XD8G),597399,won,2025-08-01,2025-12-01,Sonron,Maureen Marcano
MG Advanced - Finjob (09YE9QOV),437697,won,2025-08-02,2025-12-06,Finjob,Hayden Neloms
MG Special - Sonron (3F5MZNEH),7095,lost,2025-08-02,2025-11-28,Sonron,Rosalina Dieter
MG Advanced - Scotfind (M6WEJXC0),423636,won,2025-08-02,2025-12-01,Scotfind,Rosalina Dieter
MG Special - Treequote (6PTR7VBR),7869,won,2025-08-03,2025-11-30,Treequote,Versie Hillebrand
GTX Pro - Xx-zobam (902REDPA),621909,lost,2025-08-04,2025-12-04,Xx-zobam,Daniell Hammack
MG Special - Rantouch (5J9CMGDV),5934,won,2025-08-04,2025-12-03,Rantouch,Elease Gluck
GTX Plus Pro - Fasehatice (JJXRR8R6),707178,lost,2025-08-04,2025-12-12,Fasehatice,James Ascencio
MG Special - Ron-tech (WF4HA5NW),6450,won,2025-08-04,2025-12-13,Ron-tech,Moses Frase
GTX Plus Basic - Vehement Capital Partners (C5K2JP1H),130806,won,2025-08-04,2025-12-06,Vehement Capital Partners,Violet Mclelland
GTX Basic - Warephase (ADRB8OMB),72369,won,2025-08-05,2025-12-21,Warephase,Darcel Schlecht
GTX Basic - Zoomit (SBCR987L),76110,won,2025-08-07,2025-12-18,Zoomit,Kami Bicknell
MG Advanced - Ganjaflex (UP409DSB),437697,qualified,2025-08-07,,Ganjaflex,Maureen Marcano
MG Special - Bioholding (JSD4APT2),7869,won,2025-08-07,2025-12-07,Bioholding,Versie Hillebrand
GTX Plus Pro - Xx-zobam (AO9Z2D17),707178,lost,2025-08-07,2025-12-06,Xx-zobam,Violet Mclelland
MG Special - Cheers (5M58DTJK),7482,won,2025-08-08,2025-11-30,Cheers,Elease Gluck
GTX Pro - Labdrill (KNY1OSAB),631971,won,2025-08-08,2025-12-09,Labdrill,Maureen Marcano
MG Advanced - Zotware (EAZDUUM9),437697,lost,2025-08-08,2025-11-26,Zotware,Rosie Papadopoulos
MG Special - dambase (2STUSOFE),8643,won,2025-08-08,2025-11-28,dambase,Versie Hillebrand
GTX Pro - Xx-holding (JYKM0B00),559602,won,2025-08-09,2025-12-01,Xx-holding,James Ascencio
GTX Basic - Fasehatice (KU28360J),74562,won,2025-08-09,2025-12-14,Fasehatice,Kary Hendrixson
GTX Basic - Acme Corporation (N4SD17JR),71724,won,2025-08-09,2025-11-26,Acme Corporation,Reed Clapper
GTX Basic - Green-Plus (E67P9Y3Q),81915,won,2025-08-09,2025-11-28,Green-Plus,Rosalina Dieter
MG Advanced - The New York Inquirer (AT3MMVIS),392805,won,2025-08-09,2025-12-02,The New York Inquirer,Wilburn Farren
GTX Plus Basic - Mathtouch (REJ11LRY),159057,won,2025-08-10,2025-12-09,Mathtouch,Garret Kinder
MG Special - Zumgoity (ERV0CAZ7),7740,won,2025-08-10,2025-12-04,Zumgoity,Versie Hillebrand
MG Special - Gogozoom (8SOQADK7),7095,lost,2025-08-11,2025-12-25,Gogozoom,Anna Snelling
GTX Basic - Stanredtax (TCHFT25B),70950,lost,2025-08-11,2025-12-03,Stanredtax,Darcel Schlecht
GTX Plus Basic - Konmatfix (CZVN09WN),150930,won,2025-08-11,2025-12-15,Konmatfix,Darcel Schlecht
GTX Basic - New prospect (EG7OFLFR),70950,qualified,2025-08-11,,,Kami Bicknell
GTX Plus Basic - Genco Pura Olive Oil Company (30UQWUKB),149898,won,2025-08-12,2025-12-15,Genco Pura Olive Oil Company,Marty Freudenburg
GTX Pro - New prospect (OLVI7L8M),621909,qualified,2025-08-13,,,Cassey Cress
MG Advanced - Conecom (97UN20YY),480525,won,2025-08-13,2025-12-09,Conecom,Darcel Schlecht
GTX Basic - Golddex (JXLERZ9O),72111,won,2025-08-13,2025-12-26,Golddex,Kary Hendrixson
GTX Basic - Plexzap (6ROE69W5),70950,lost,2025-08-13,2025-12-06,Plexzap,Rosalina Dieter
GTX Plus Basic - Rundofase (0DFXFKT7),141384,lost,2025-08-14,2025-12-16,Rundofase,Darcel Schlecht
GTX Plus Pro - Sonron (XKMZVSN4),602043,won,2025-08-14,2025-11-30,Sonron,James Ascencio
GTX Plus Basic - Finhigh (IU8V0BZK),116487,won,2025-08-14,2025-12-12,Finhigh,Marty Freudenburg
GTX Plus Basic - Finjob (XY42936P),152220,won,2025-08-14,2025-12-08,Finjob,Maureen Marcano
GTX Basic - Ron-tech (XRN54MBM),62823,won,2025-08-14,2025-11-30,Ron-tech,Niesha Huffines
MG Advanced - Stanredtax (2V848WZD),410220,won,2025-08-15,2025-11-29,Stanredtax,Lajuana Vencill
GTX Pro - Funholding (ONYNTUCG),621909,lost,2025-08-16,2025-12-12,Funholding,Darcel Schlecht
MG Advanced - Gogozoom (HIOHX80Y),459627,won,2025-08-16,2025-12-13,Gogozoom,Darcel Schlecht
GTX Plus Basic - New prospect (F5U1ACDD),141384,qualified,2025-08-16,,,Kami Bicknell
GTX Pro - Opentech (LPKT07PV),606816,won,2025-08-17,2025-12-18,Opentech,Boris Faz
GTX Plus Pro - Silis (WPB2SLIG),720465,won,2025-08-17,2025-12-09,Silis,Donn Cantrell
GTK 500 - Zoomit (XUSUEAV7),3340713,won,2025-08-17,2025-12-04,Zoomit,Elease Gluck
MG Advanced - New prospect (ZZY4516R),437697,qualified,2025-08-17,,,Hayden Neloms
GTX Plus Basic - Goodsilron (3TYPII47),155703,won,2025-08-17,2025-11-28,Goodsilron,Kami Bicknell
MG Advanced - Cancity (7WAX8Z8O),437697,lost,2025-08-17,2025-12-03,Cancity,Lajuana Vencill
GTX Basic - Rangreen (MYDUMR3R),72111,won,2025-08-17,2025-11-29,Rangreen,Lajuana Vencill
GTX Basic - Green-Plus (0DRC1U9Q),70950,qualified,2025-08-17,,Green-Plus,Maureen Marcano
GTX Plus Basic - dambase (37JFKD4I),133257,won,2025-08-17,2025-12-04,dambase,Niesha Huffines
GTX Basic - Kan-code (25YKPHX8),59598,won,2025-08-18,2025-12-16,Kan-code,Donn Cantrell
MG Advanced - Nam-zim (BXXMA7F3),437697,lost,2025-08-18,2025-11-26,Nam-zim,Hayden Neloms
GTX Pro - Y-corporation (GIUUTBXM),714531,won,2025-08-18,2025-12-09,Y-corporation,Kary Hendrixson
MG Advanced - Ron-tech (MFX2LR1Q),460917,won,2025-08-18,2025-12-10,Ron-tech,Lajuana Vencill
GTX Pro - Conecom (DUHE9FLY),635454,won,2025-08-18,2025-11-26,Conecom,Marty Freudenburg
GTX Plus Basic - Sunnamplex (96BSG7R1),141384,lost,2025-08-18,2025-12-12,Sunnamplex,Zane Levy
MG Special - Bioplex (7FQMSWIX),7998,won,2025-08-19,2025-11-29,Bioplex,Corliss Cosme
GTX Pro - Gogozoom (C20AVXN7),562311,won,2025-08-19,2025-12-09,Gogozoom,Darcel Schlecht
GTX Basic - Plusstrip (GS1QVWCR),73014,won,2025-08-19,2025-12-26,Plusstrip,Kami Bicknell
GTX Basic - Toughzap (ZWH8FXY3),65532,won,2025-08-19,2025-11-28,Toughzap,Marty Freudenburg
MG Advanced - Vehement Capital Partners (2U94Y3Q9),437697,lost,2025-08-19,2025-12-15,Vehement Capital Partners,Rosie Papadopoulos
MG Special - Codehow (AAR79NOO),6579,won,2025-08-19,2025-12-06,Codehow,Versie Hillebrand
GTX Pro - Dalttechnology (B6B0PNR2),631971,won,2025-08-19,2025-11-30,Dalttechnology,Vicki Laflamme
GTX Basic - Cheers (M7I5O9YU),70950,qualified,2025-08-20,,Cheers,Corliss Cosme
GTX Plus Pro - Ontomedia (LXZA2OSZ),746910,won,2025-08-20,2025-11-28,Ontomedia,Corliss Cosme
MG Special - Kinnamplus (N0ONCYVZ),7095,lost,2025-08-20,2025-12-25,Kinnamplus,Donn Cantrell
MG Advanced - New prospect (GYB4W2AU),437697,qualified,2025-08-20,,,Elease Gluck
GTX Pro - Codehow (513DPFX5),572502,won,2025-08-20,2025-11-28,Codehow,Gladys Colclough
MG Advanced - Finhigh (RU023K5W),383388,won,2025-08-20,2025-12-12,Finhigh,Gladys Colclough
MG Special - Lexiqvolax (VDIU10RV),7095,qualified,2025-08-20,,Lexiqvolax,Markita Hansen
GTX Basic - Y-corporation (BZCBQ514),67467,won,2025-08-20,2025-11-26,Y-corporation,Markita Hansen
MG Advanced - Statholdings (HEE6P0QH),470463,won,2025-08-21,2025-12-20,Statholdings,Anna Snelling
MG Advanced - Umbrella Corporation (L8CHRJ2B),541800,won,2025-08-21,2025-11-26,Umbrella Corporation,Cassey Cress
GTX Plus Basic - J-Texon (579LZ3F9),141384,qualified,2025-08-21,,J-Texon,Daniell Hammack
GTX Plus Basic - Bubba Gump (SU8JNMP4),141384,qualified,2025-08-21,,Bubba Gump,Kami Bicknell
GTX Plus Basic - Faxquote (V2X2KMUR),136611,won,2025-08-21,2025-12-23,Faxquote,Kami Bicknell
GTX Plus Basic - Codehow (AJIPJP75),141384,lost,2025-08-21,2025-11-30,Codehow,Marty Freudenburg
MG Special - Dontechi (NYVA2G6U),7353,won,2025-08-21,2025-11-27,Dontechi,Versie Hillebrand
MG Advanced - Konex (FF45BXTL),473559,won,2025-08-21,2025-12-22,Konex,Vicki Laflamme
MG Special - Treequote (TTA9LYBS),7482,won,2025-08-22,2025-11-26,Treequote,Anna Snelling
MG Advanced - Treequote (PAGZQH8L),510324,won,2025-08-22,2025-12-01,Treequote,Cecily Lampkin
GTX Plus Pro - Betasoloin (J7YF6DS7),769356,won,2025-08-22,2025-11-26,Betasoloin,Corliss Cosme
GTX Pro - Betasoloin (S5IXY4Z9),589530,won,2025-08-22,2025-12-01,Betasoloin,Corliss Cosme
MG Special - Domzoom (JQBJMETQ),6321,won,2025-08-22,2025-12-22,Domzoom,Darcel Schlecht
MG Special - Donquadtech (0LVWSWEW),8385,won,2025-08-22,2025-12-01,Donquadtech,Violet Mclelland
MG Special - Domzoom (K53BC1T9),7095,lost,2025-08-23,2025-12-22,Domzoom,Anna Snelling
GTX Pro - Finhigh (D40N5I9Y),611331,won,2025-08-23,2025-12-03,Finhigh,Darcel Schlecht
GTX Plus Basic - Globex Corporation (051QTX8Z),139320,won,2025-08-23,2025-12-16,Globex Corporation,Niesha Huffines
MG Special - Plussunin (5D2XH04S),7353,won,2025-08-23,2025-12-07,Plussunin,Reed Clapper
GTX Basic - Konex (V9E582SK),60501,won,2025-08-24,2025-12-11,Konex,Garret Kinder
GTX Basic - Condax (UK0LEZRJ),68628,won,2025-08-24,2025-11-28,Condax,Kary Hendrixson
MG Advanced - Opentech (PFFHM7HR),437697,qualified,2025-08-24,,Opentech,Markita Hansen
GTX Basic - Konex (IT10CFQH),69402,won,2025-08-24,2025-12-21,Konex,Rosalina Dieter
GTX Pro - Massive Dynamic (8VKD2CCH),622941,won,2025-08-24,2025-12-16,Massive Dynamic,Rosie Papadopoulos
GTX Plus Pro - Doncon (2XQAKBXH),692730,won,2025-08-24,2025-12-06,Doncon,Zane Levy
GTX Plus Pro - Hatfan (7G7YLGJO),838371,won,2025-08-24,2025-12-16,Hatfan,Zane Levy
GTX Plus Basic - Genco Pura Olive Oil Company (GCA97W27),149769,won,2025-08-25,2025-12-01,Genco Pura Olive Oil Company,Darcel Schlecht
GTX Basic - Scotfind (K8FUZHOG),74304,won,2025-08-25,2025-12-21,Scotfind,Kary Hendrixson
GTX Plus Basic - Hatfan (5WJZMULK),126291,won,2025-08-25,2025-12-14,Hatfan,Maureen Marcano
MG Special - Stanredtax (ZPYD4T9W),5547,won,2025-08-25,2025-12-02,Stanredtax,Versie Hillebrand
MG Special - Scottech (KE9ZEDS8),7353,won,2025-08-26,2025-12-02,Scottech,Gladys Colclough
MG Special - Ron-tech (7KK0HQ4C),7095,lost,2025-08-26,2025-12-23,Ron-tech,Lajuana Vencill
GTX Plus Basic - Funholding (FP7014Z0),122292,won,2025-08-26,2025-12-07,Funholding,Lajuana Vencill
MG Advanced - Plussunin (N4HFHDMW),388548,won,2025-08-26,2025-12-05,Plussunin,Wilburn Farren
MG Advanced - Zotware (2HFLKREC),472785,won,2025-08-27,2025-12-10,Zotware,Cassey Cress
GTX Basic - Gekko & Co (7JVTTVCO),72756,won,2025-08-27,2025-12-19,Gekko & Co,Violet Mclelland
GTX Plus Basic - dambase (3X13866U),141384,lost,2025-08-28,2025-12-01,dambase,Anna Snelling
MG Advanced - Initech (7LE19SYE),446727,won,2025-08-28,2025-12-17,Initech,Cassey Cress
GTX Basic - Gekko & Co (J5V2M7Y1),66177,won,2025-08-28,2025-12-21,Gekko & Co,Corliss Cosme
GTX Basic - Konex (41MURAI5),76110,won,2025-08-28,2025-12-23,Konex,Corliss Cosme
GTX Pro - Dontechi (QHI8WRIA),581919,won,2025-08-28,2025-12-25,Dontechi,Darcel Schlecht
MG Advanced - Finhigh (AJXAXV4W),437697,lost,2025-08-28,2025-11-27,Finhigh,Lajuana Vencill
GTX Basic - Cancity (VPDXX5PJ),70434,won,2025-08-28,2025-12-21,Cancity,Niesha Huffines
MG Special - Y-corporation (PZB9NUK8),5934,won,2025-08-28,2025-11-30,Y-corporation,Vicki Laflamme
GTX Pro - Ron-tech (A0ANOYPF),630939,won,2025-08-29,2025-12-04,Ron-tech,Darcel Schlecht
GTX Plus Basic - Golddex (0P4AAPYX),134160,won,2025-08-29,2025-11-28,Golddex,Hayden Neloms
GTX Plus Basic - Sonron (O6T5WC3W),142932,won,2025-08-29,2025-11-29,Sonron,Hayden Neloms
MG Special - Nam-zim (0NO04P6C),7611,won,2025-08-29,2025-11-29,Nam-zim,Hayden Neloms
GTX Pro - Statholdings (22OFSXBT),697374,won,2025-08-29,2025-12-25,Statholdings,Jonathan Berthelot
GTX Basic - Cheers (MRXZTMM6),66435,won,2025-08-29,2025-12-15,Cheers,Kary Hendrixson
GTX Basic - Treequote (LGI8QEC2),75207,won,2025-08-29,2025-12-01,Treequote,Moses Frase
MG Special - Funholding (6KZ0NCFX),6966,won,2025-08-29,2025-12-09,Funholding,Versie Hillebrand
MG Special - Plusstrip (3SF8O9S6),7740,won,2025-08-29,2025-12-22,Plusstrip,Vicki Laflamme
GTX Basic - New prospect (CNM0H9FR),70950,qualified,2025-08-29,,,Zane Levy
GTX Basic - Dontechi (XK668R7C),70950,lost,2025-08-30,2025-12-07,Dontechi,Darcel Schlecht
GTX Pro - Funholding (TZCAQWL3),621909,lost,2025-08-30,2025-12-14,Funholding,Darcel Schlecht
GTX Basic - Globex Corporation (BADC6A9H),66564,won,2025-08-30,2025-12-18,Globex Corporation,Darcel Schlecht
GTX Pro - Rangreen (B8E0UUZR),622941,won,2025-08-30,2025-12-17,Rangreen,Darcel Schlecht
GTX Plus Basic - Dontechi (I043RXJV),141384,lost,2025-08-30,2025-12-12,Dontechi,Moses Frase
GTX Plus Basic - Donquadtech (MWWB44CC),122550,won,2025-08-30,2025-11-27,Donquadtech,Reed Clapper
GTX Plus Basic - Xx-holding (HBTINPDG),141384,lost,2025-08-30,2025-12-04,Xx-holding,Vicki Laflamme
GTX Basic - Initech (DZ3KHZSX),66177,won,2025-08-31,2025-12-15,Initech,Corliss Cosme
GTX Pro - Condax (3W1K7X5F),621909,lost,2025-08-31,2025-12-04,Condax,Darcel Schlecht
GTX Plus Pro - Ron-tech (45A57X68),712338,won,2025-08-31,2025-12-07,Ron-tech,Darcel Schlecht
MG Special - Cancity (9SLYC4TR),7224,won,2025-08-31,2025-12-04,Cancity,Gladys Colclough
GTX Pro - Doncon (JLWKWQYC),731817,won,2025-08-31,2025-12-03,Doncon,James Ascencio
GTX Basic - Xx-holding (7QC6FOKW),77142,won,2025-08-31,2025-12-05,Xx-holding,Kami Bicknell
GTX Plus Pro - Rangreen (XA184CMW),746523,won,2025-08-31,2025-12-11,Rangreen,Marty Freudenburg
GTX Plus Basic - Singletechno (S0N7BYU3),138030,won,2025-08-31,2025-12-03,Singletechno,Maureen Marcano
MG Advanced - Donquadtech (6WOMHAJM),474333,won,2025-09-01,2025-12-09,Donquadtech,Boris Faz
GTX Plus Pro - Ontomedia (G1QGATKV),699825,won,2025-09-01,2025-12-25,Ontomedia,Cassey Cress
GTX Plus Pro - New prospect (UAE5ZC7O),707178,qualified,2025-09-01,,,Daniell Hammack
MG Advanced - Yearin (6XFVQI32),440535,won,2025-09-01,2025-12-18,Yearin,Donn Cantrell
GTX Basic - New prospect (JUCNIG4H),70950,qualified,2025-09-01,,,James Ascencio
GTX Plus Basic - Lexiqvolax (OGD4MDJ9),114939,won,2025-09-01,2025-12-16,Lexiqvolax,Maureen Marcano
GTX Basic - Codehow (4NGBUZWJ),78561,won,2025-09-02,2025-12-07,Codehow,Lajuana Vencill
MG Special - Plusstrip (EFG5DGV5),6966,won,2025-09-02,2025-12-11,Plusstrip,Markita Hansen
GTX Plus Basic - Labdrill (82MM4H33),135321,won,2025-09-02,2025-12-04,Labdrill,Zane Levy
GTX Plus Basic - Gekko & Co (14PM641K),148608,won,2025-09-03,2025-12-02,Gekko & Co,Cassey Cress
MG Special - Plussunin (DSBGHOPN),7095,lost,2025-09-03,2025-12-15,Plussunin,Daniell Hammack
GTX Pro - Umbrella Corporation (1YSOZLHF),619071,won,2025-09-03,2025-12-23,Umbrella Corporation,Daniell Hammack
MG Special - dambase (E8RP9FRW),6579,won,2025-09-03,2025-12-07,dambase,Gladys Colclough
MG Advanced - J-Texon (787IRG9Q),441954,won,2025-09-03,2025-11-28,J-Texon,Hayden Neloms
MG Special - Rangreen (0TUS4NAC),6579,won,2025-09-03,2025-12-06,Rangreen,Jonathan Berthelot
GTX Basic - Finjob (FAJTQMUM),72756,won,2025-09-03,2025-12-15,Finjob,Kami Bicknell
GTX Plus Pro - Isdom (TWF0J0DF),758778,won,2025-09-04,2025-11-26,Isdom,Cecily Lampkin
GTX Pro - Stanredtax (ICMXZOVL),621909,qualified,2025-09-04,,Stanredtax,Daniell Hammack
GTX Pro - Plussunin (UQ14O415),652611,won,2025-09-04,2025-12-15,Plussunin,Donn Cantrell
MG Advanced - New prospect (IBEUTCSW),437697,qualified,2025-09-04,,,James Ascencio
GTX Plus Basic - New prospect (O3KC8QI8),141384,qualified,2025-09-04,,,Kami Bicknell
MG Advanced - Singletechno (BOJSLNDG),437052,won,2025-09-04,2025-12-06,Singletechno,Kami Bicknell
GTX Plus Pro - New prospect (WALNFJ70),707178,qualified,2025-09-04,,,Kary Hendrixson
GTX Plus Pro - Zoomit (DASMR0EK),697890,won,2025-09-04,2025-12-05,Zoomit,Markita Hansen
GTX Plus Basic - Zathunicon (A76M0OOH),126162,won,2025-09-04,2025-12-23,Zathunicon,Reed Clapper
MG Special - Scotfind (E1VKE2PH),6966,won,2025-09-04,2025-12-21,Scotfind,Vicki Laflamme
MG Special - Betatech (SKY95DVG),7095,lost,2025-09-05,2025-12-17,Betatech,Anna Snelling
GTX Basic - Bubba Gump (V5OK4V5I),70821,won,2025-09-05,2025-12-09,Bubba Gump,Cassey Cress
GTX Plus Basic - Mathtouch (GJ4L5HHN),133386,won,2025-09-05,2025-12-09,Mathtouch,Corliss Cosme
GTX Pro - Vehement Capital Partners (9R8JWY3J),644742,won,2025-09-05,2025-11-28,Vehement Capital Partners,Donn Cantrell
MG Advanced - Ontomedia (0EOFVU05),441309,won,2025-09-05,2025-12-23,Ontomedia,Donn Cantrell
GTX Plus Pro - Doncon (HNHOPL7M),699825,won,2025-09-05,2025-11-29,Doncon,Kary Hendrixson
MG Special - Dalttechnology (Y0NYI17R),7095,won,2025-09-05,2025-12-10,Dalttechnology,Vicki Laflamme
MG Advanced - Silis (R4F4RGAL),458982,won,2025-09-05,2025-12-09,Silis,Violet Mclelland
GTX Pro - Plussunin (MNVMY83P),621909,qualified,2025-09-06,,Plussunin,Cassey Cress
GTX Pro - Blackzim (0ZHLQFGU),624231,won,2025-09-06,2025-12-17,Blackzim,Kami Bicknell
MG Special - Hottechi (40DPY158),6063,won,2025-09-06,2025-12-20,Hottechi,Markita Hansen
GTX Plus Basic - Fasehatice (DP9E525R),129903,won,2025-09-06,2025-12-19,Fasehatice,Maureen Marcano
MG Special - Inity (DBDUMQQK),6192,won,2025-09-06,2025-12-19,Inity,Niesha Huffines
MG Special - Treequote (CNBN12RL),6321,won,2025-09-06,2025-12-02,Treequote,Versie Hillebrand
GTX Basic - Mathtouch (OXL0YWEE),65016,won,2025-09-06,2025-12-13,Mathtouch,Violet Mclelland
MG Advanced - New prospect (ZOBJHMAF),437697,qualified,2025-09-07,,,Cassey Cress
MG Special - New prospect (KD6MB4AP),7095,qualified,2025-09-07,,,Elease Gluck
GTX Basic - Finhigh (5CSSZJF4),70047,won,2025-09-07,2025-12-16,Finhigh,Jonathan Berthelot
GTX Plus Pro - Fasehatice (0XG8TOJF),707178,lost,2025-09-07,2025-12-13,Fasehatice,Kary Hendrixson
GTX Pro - Fasehatice (IIS0O91J),664221,won,2025-09-07,2025-12-23,Fasehatice,Kary Hendrixson
GTX Basic - Treequote (2LP5SUR5),70950,lost,2025-09-07,2025-12-04,Treequote,Lajuana Vencill
GTX Plus Basic - Blackzim (PYZZ3IS6),134547,won,2025-09-07,2025-12-06,Blackzim,Markita Hansen
GTX Plus Pro - Sumace (5I4K5TQE),707178,lost,2025-09-08,2025-12-04,Sumace,Cassey Cress
GTX Basic - Condax (RV3LPOYP),56373,won,2025-09-08,2025-12-24,Condax,James Ascencio
MG Advanced - New prospect (A194RP0I),437697,qualified,2025-09-08,,,Rosalina Dieter
GTX Pro - Kinnamplus (1HVNTEPV),575985,won,2025-09-08,2025-12-06,Kinnamplus,Rosie Papadopoulos
GTX Basic - Konex (LC85AQ1I),57147,won,2025-09-08,2025-12-13,Konex,Vicki Laflamme
MG Special - Sumace (TBV972NP),7095,lost,2025-09-08,2025-12-18,Sumace,Violet Mclelland
GTX Plus Pro - Betatech (EJMX0EIJ),551862,won,2025-09-09,2025-12-15,Betatech,Darcel Schlecht
MG Special - Kinnamplus (VR9NYBOV),5289,won,2025-09-09,2025-12-01,Kinnamplus,Garret Kinder
GTX Basic - Isdom (3U25FK08),66951,won,2025-09-09,2025-12-23,Isdom,Jonathan Berthelot
GTX Pro - New prospect (KV2OFRJT),621909,qualified,2025-09-09,,,Kami Bicknell
GTX Basic - Kan-code (CRLK4Z1P),67596,won,2025-09-09,2025-11-29,Kan-code,Maureen Marcano
GTX Basic - Singletechno (OGENAT0L),71208,won,2025-09-09,2025-12-22,Singletechno,Zane Levy
GTX Plus Basic - Konmatfix (F57JWIDF),125130,won,2025-09-10,2025-11-27,Konmatfix,Gladys Colclough
MG Advanced - New prospect (ERFRHR3Z),437697,qualified,2025-09-10,,,Hayden Neloms
GTX Plus Basic - Hottechi (J53D8EOL),141384,qualified,2025-09-10,,Hottechi,Kary Hendrixson
GTX Plus Basic - Hatfan (LF8JZ3Q5),134934,won,2025-09-10,2025-12-08,Hatfan,Kary Hendrixson
GTX Plus Basic - Sunnamplex (MRGBSMQ5),127452,won,2025-09-10,2025-12-09,Sunnamplex,Kary Hendrixson
GTX Basic - Codehow (CBAV8ZJL),70563,won,2025-09-10,2025-12-17,Codehow,Lajuana Vencill
GTX Basic - New prospect (J32XDDAW),70950,qualified,2025-09-10,,,Markita Hansen
GTX Pro - Singletechno (NN4DWBVN),621909,lost,2025-09-10,2025-11-29,Singletechno,Maureen Marcano
MG Special - Isdom (6JXHEZYK),6966,won,2025-09-10,2025-12-26,Isdom,Versie Hillebrand
MG Special - Silis (WDHNR2EI),7353,won,2025-09-10,2025-12-15,Silis,Violet Mclelland
MG Special - Yearin (4K750D6F),7095,won,2025-09-10,2025-12-13,Yearin,Violet Mclelland
GTX Plus Pro - Stanredtax (94GI0ZJ7),743685,won,2025-09-11,2025-12-10,Stanredtax,Anna Snelling
GTX Basic - Bioplex (TODG6DEK),82431,won,2025-09-11,2025-12-11,Bioplex,Daniell Hammack
GTX Pro - Labdrill (G0ECB8FS),657900,won,2025-09-11,2025-12-10,Labdrill,Kary Hendrixson
MG Special - New prospect (1ZDDZD8B),7095,qualified,2025-09-11,,,Markita Hansen
GTX Pro - Fasehatice (96MZYUY0),632874,won,2025-09-11,2025-12-02,Fasehatice,Vicki Laflamme
GTX Plus Pro - Genco Pura Olive Oil Company (EZVKSQ9C),707178,qualified,2025-09-12,,Genco Pura Olive Oil Company,Boris Faz
GTX Basic - Domzoom (RJYG004O),70950,qualified,2025-09-12,,Domzoom,Daniell Hammack
GTX Plus Basic - Opentech (JZOKHHWN),133773,won,2025-09-12,2025-12-02,Opentech,Donn Cantrell
GTX Basic - Plexzap (EH6I67I0),69273,won,2025-09-12,2025-12-10,Plexzap,James Ascencio
GTX Pro - Hatfan (JUUXF02Z),605526,won,2025-09-12,2025-12-04,Hatfan,Kary Hendrixson
GTX Basic - Konmatfix (OT87JDWO),72240,won,2025-09-12,2025-12-19,Konmatfix,Lajuana Vencill
GTX Basic - dambase (YHKT6YJ7),75981,won,2025-09-12,2025-12-08,dambase,Moses Frase
GTX Basic - Mathtouch (H78I3TAY),63597,won,2025-09-12,2025-12-09,Mathtouch,Reed Clapper
MG Special - Betatech (1ROC43JK),6450,won,2025-09-12,2025-12-03,Betatech,Versie Hillebrand
GTX Basic - Y-corporation (LPZLQL48),63468,won,2025-09-12,2025-12-23,Y-corporation,Vicki Laflamme
GTX Basic - New prospect (PYOFK7ZD),70950,qualified,2025-09-13,,,Cassey Cress
GTX Plus Pro - New prospect (DWUXMAGZ),707178,qualified,2025-09-13,,,Corliss Cosme
GTX Plus Basic - Konex (3KR50X38),161895,won,2025-09-13,2025-12-08,Konex,Corliss Cosme
GTX Basic - Statholdings (Q3WLHRE9),59727,won,2025-09-13,2025-11-29,Statholdings,Darcel Schlecht
GTX Plus Basic - Initech (IX7UEOAP),141384,lost,2025-09-13,2025-12-22,Initech,Donn Cantrell
GTX Basic - Zencorporation (NQU62K1H),78045,won,2025-09-13,2025-12-07,Zencorporation,Donn Cantrell
GTX Plus Basic - Fasehatice (NAQKOU0T),169635,won,2025-09-13,2025-12-15,Fasehatice,Hayden Neloms
GTX Basic - Zumgoity (I3V3GUAI),72111,won,2025-09-13,2025-11-27,Zumgoity,Lajuana Vencill
GTX Basic - Rundofase (PN4VJDXY),71853,won,2025-09-13,2025-12-23,Rundofase,Moses Frase
MG Special - Vehement Capital Partners (K9D4DQ3R),6192,won,2025-09-13,2025-11-27,Vehement Capital Partners,Rosie Papadopoulos
GTX Plus Pro - Isdom (9X6V79KE),810378,won,2025-09-13,2025-12-20,Isdom,Versie Hillebrand
MG Special - New prospect (6SN2RQJX),7095,qualified,2025-09-13,,,Vicki Laflamme
MG Advanced - Isdom (W1KLFNE4),418734,won,2025-09-14,2025-11-27,Isdom,Anna Snelling
MG Advanced - New prospect (NKPH3EFG),437697,qualified,2025-09-14,,,Cassey Cress
GTX Basic - Finhigh (GD2OCW12),66306,won,2025-09-14,2025-12-09,Finhigh,Darcel Schlecht
GTX Plus Basic - Silis (6XO4RYXK),146028,won,2025-09-14,2025-12-10,Silis,Donn Cantrell
GTX Plus Pro - Silis (18Y7GRPW),763422,won,2025-09-14,2025-12-16,Silis,Garret Kinder
GTX Pro - Hottechi (127ZPLXQ),621909,lost,2025-09-14,2025-12-13,Hottechi,Kary Hendrixson
MG Special - Kan-code (U07C2HEG),7095,lost,2025-09-14,2025-12-09,Kan-code,Maureen Marcano
MG Special - Hatfan (RNTOJ78L),7095,lost,2025-09-14,2025-12-08,Hatfan,Rosalina Dieter
MG Special - Plexzap (N07K7DR7),7095,qualified,2025-09-14,,Plexzap,Rosie Papadopoulos
MG Advanced - Gogozoom (NLB4D5BQ),381195,won,2025-09-14,2025-12-19,Gogozoom,Versie Hillebrand
GTX Pro - Fasehatice (FCFDJIEZ),482718,won,2025-09-14,2025-12-16,Fasehatice,Vicki Laflamme
MG Special - Initech (YZGDW4G1),8256,won,2025-09-14,2025-12-09,Initech,Violet Mclelland
MG Advanced - Initech (G8AO5FA2),437697,lost,2025-09-14,2025-12-22,Initech,Wilburn Farren
GTK 500 - Warephase (125VIRMX),3453072,qualified,2025-09-15,,Warephase,Elease Gluck
GTX Plus Basic - Scotfind (LXXW3TRW),150156,won,2025-09-15,2025-12-13,Scotfind,Elease Gluck
MG Special - Singletechno (8KJ3H262),8385,won,2025-09-15,2025-12-02,Singletechno,Elease Gluck
GTX Plus Basic - Cancity (88POGNEL),141384,lost,2025-09-15,2025-12-02,Cancity,Gladys Colclough
GTX Basic - Groovestreet (UYP3NNU6),56889,won,2025-09-15,2025-12-11,Groovestreet,Kami Bicknell
GTX Plus Basic - Finhigh (S1V8684Y),141384,lost,2025-09-15,2025-12-07,Finhigh,Marty Freudenburg
GTX Pro - Hatfan (MOPWEMB5),633003,won,2025-09-15,2025-12-11,Hatfan,Vicki Laflamme
MG Advanced - Isdom (L62MDI48),437697,lost,2025-09-16,2025-11-26,Isdom,Anna Snelling
GTX Plus Basic - New prospect (3ECHUPQY),141384,qualified,2025-09-16,,,Daniell Hammack
MG Advanced - Codehow (3EL8D4WO),421701,won,2025-09-16,2025-12-20,Codehow,Darcel Schlecht
GTX Basic - Kinnamplus (VOAN1NXG),74691,won,2025-09-16,2025-12-07,Kinnamplus,Donn Cantrell
GTX Basic - Isdom (ALW92XQL),70950,lost,2025-09-16,2025-12-20,Isdom,Gladys Colclough
GTX Basic - Dalttechnology (TJ6ZA1M3),70950,lost,2025-09-16,2025-12-02,Dalttechnology,Kary Hendrixson
MG Special - Xx-holding (FKAFO8O9),6579,won,2025-09-16,2025-12-26,Xx-holding,Kary Hendrixson
MG Special - Faxquote (1XBC7M9F),8256,won,2025-09-16,2025-12-03,Faxquote,Markita Hansen
MG Special - Donware (8IXBS90G),7740,won,2025-09-16,2025-12-03,Donware,Rosie Papadopoulos
GTX Plus Basic - Ganjaflex (2X45BEOS),152994,won,2025-09-17,2025-12-22,Ganjaflex,Cassey Cress
MG Advanced - Yearin (EQ8X0QTL),461433,won,2025-09-17,2025-12-04,Yearin,Corliss Cosme
GTX Plus Basic - Donquadtech (5QD53WHF),131580,won,2025-09-17,2025-12-02,Donquadtech,Daniell Hammack
GTX Pro - Blackzim (K5CWSFCW),621909,qualified,2025-09-17,,Blackzim,Elease Gluck
MG Special - Zoomit (79EABK3X),6837,won,2025-09-17,2025-12-18,Zoomit,Hayden Neloms
GTX Basic - Rundofase (2DKO9X1T),70950,lost,2025-09-17,2025-12-05,Rundofase,Jonathan Berthelot
GTX Basic - Faxquote (IBDEQVBN),70950,lost,2025-09-17,2025-12-23,Faxquote,Kary Hendrixson
GTX Pro - Sunnamplex (QZ3VV4C1),608751,won,2025-09-17,2025-12-03,Sunnamplex,Kary Hendrixson
GTX Basic - Codehow (62AK8UWX),70434,won,2025-09-17,2025-12-17,Codehow,Moses Frase
GTX Plus Basic - Domzoom (5QM4ORNT),156348,won,2025-09-17,2025-12-16,Domzoom,Niesha Huffines
GTX Basic - New prospect (4H2QMS78),70950,qualified,2025-09-17,,,Vicki Laflamme
GTX Basic - Sunnamplex (S91N9YBL),70950,lost,2025-09-17,2025-12-03,Sunnamplex,Vicki Laflamme
GTX Plus Pro - Bioholding (44H0FJMH),707178,lost,2025-09-18,2025-12-22,Bioholding,Anna Snelling
GTX Plus Pro - Dontechi (N5AZLQZR),713757,won,2025-09-18,2025-12-09,Dontechi,Gladys Colclough
MG Advanced - Finjob (4T295XQL),425055,won,2025-09-18,2025-11-26,Finjob,Kami Bicknell
MG Special - Finjob (YFS5KLJJ),5805,won,2025-09-18,2025-12-26,Finjob,Rosalina Dieter
MG Special - Bioplex (S8GLKDB9),7224,won,2025-09-18,2025-11-29,Bioplex,Violet Mclelland
GTX Pro - Opentech (SQLYCFGV),621909,qualified,2025-09-18,,Opentech,Zane Levy
GTX Basic - New prospect (EUG019AS),70950,qualified,2025-09-19,,,Corliss Cosme
GTX Plus Basic - Finhigh (IE7VQ5BA),141384,qualified,2025-09-19,,Finhigh,Daniell Hammack
GTX Pro - Funholding (01QKN578),547863,won,2025-09-19,2025-12-15,Funholding,Darcel Schlecht
MG Advanced - Isdom (M0JKP0HT),443760,won,2025-09-19,2025-12-08,Isdom,Gladys Colclough
GTX Pro - Plexzap (ZC3KKSUK),650160,won,2025-09-19,2025-11-27,Plexzap,James Ascencio
GTX Basic - Cancity (3X8VLQ5G),60501,won,2025-09-19,2025-12-07,Cancity,Jonathan Berthelot
MG Special - Isdom (EZLXL6GL),7482,won,2025-09-19,2025-12-02,Isdom,Moses Frase
MG Advanced - Isdom (R8PEL8V8),381195,won,2025-09-20,2025-12-11,Isdom,Cecily Lampkin
GTX Plus Pro - Condax (L1R32S8H),674412,won,2025-09-20,2025-12-21,Condax,Corliss Cosme
MG Advanced - Toughzap (J7N8J8NM),433182,won,2025-09-20,2025-12-09,Toughzap,Darcel Schlecht
GTX Plus Pro - Green-Plus (TO7PGVP1),707178,lost,2025-09-20,2025-12-24,Green-Plus,Elease Gluck
GTX Basic - Codehow (A051G1B4),66693,won,2025-09-20,2025-12-26,Codehow,Jonathan Berthelot
GTX Basic - Dontechi (NMDMM5YJ),79335,won,2025-09-20,2025-11-28,Dontechi,Moses Frase
GTX Basic - Domzoom (LWPJEV3U),70950,lost,2025-09-20,2025-12-05,Domzoom,Niesha Huffines
MG Special - Condax (I93ZFHEM),7998,won,2025-09-20,2025-12-03,Condax,Versie Hillebrand
GTX Plus Pro - Isdom (B2VJCVBB),607719,won,2025-09-21,2025-12-08,Isdom,Darcel Schlecht
GTX Pro - Kinnamplus (F90O03ZH),621909,lost,2025-09-21,2025-12-18,Kinnamplus,Donn Cantrell
GTX Basic - Yearin (PC78RLUX),65790,won,2025-09-21,2025-12-25,Yearin,Garret Kinder
GTX Pro - Warephase (X6GL64T5),630939,won,2025-09-21,2025-12-20,Warephase,Gladys Colclough
GTX Plus Basic - Green-Plus (OWM3BPGW),119454,won,2025-09-21,2025-12-12,Green-Plus,Hayden Neloms
MG Special - Betatech (RP5PS9A5),7224,won,2025-09-21,2025-12-05,Betatech,Lajuana Vencill
GTX Basic - Treequote (AI76U58A),70950,qualified,2025-09-21,,Treequote,Maureen Marcano
GTX Basic - New prospect (KFPM2LJW),70950,qualified,2025-09-21,,,Rosalina Dieter
MG Special - Ontomedia (F2PW7WP2),6063,won,2025-09-21,2025-11-30,Ontomedia,Violet Mclelland
GTX Basic - Rangreen (GK8YD2XW),70950,lost,2025-09-22,2025-12-18,Rangreen,Darcel Schlecht
GTX Plus Pro - Nam-zim (U4LRR9E9),837210,won,2025-09-22,2025-12-05,Nam-zim,James Ascencio
MG Advanced - Gogozoom (B00UMAV4),437697,qualified,2025-09-22,,Gogozoom,Kami Bicknell
GTX Pro - New prospect (C8TV7R8A),621909,qualified,2025-09-22,,,Kary Hendrixson
MG Advanced - Treequote (9N55D1AH),495489,won,2025-09-22,2025-11-27,Treequote,Niesha Huffines
GTX Basic - New prospect (2VCDVCIZ),70950,qualified,2025-09-23,,,Kary Hendrixson
GTX Plus Pro - Faxquote (WI4PODA2),678024,won,2025-09-23,2025-12-10,Faxquote,Kary Hendrixson
MG Special - Kan-code (VF1V41RI),7095,lost,2025-09-23,2025-12-23,Kan-code,Markita Hansen
MG Advanced - Sonron (1B4L7TNG),437697,lost,2025-09-23,2025-12-20,Sonron,Markita Hansen
GTX Basic - Conecom (MZAN11FT),80625,won,2025-09-24,2025-11-26,Conecom,Anna Snelling
GTX Pro - New prospect (0U3WVJO0),621909,qualified,2025-09-24,,,Corliss Cosme
GTX Pro - Warephase (0IO00FNS),621909,lost,2025-09-24,2025-12-11,Warephase,Darcel Schlecht
GTX Pro - Conecom (8S6TNXYB),509808,won,2025-09-24,2025-12-17,Conecom,Darcel Schlecht
GTX Basic - New prospect (PMMW9JX3),70950,qualified,2025-09-24,,,Kary Hendrixson
GTX Plus Pro - Konex (MOLGOSGE),711435,won,2025-09-24,2025-12-08,Konex,Kary Hendrixson
MG Special - Vehement Capital Partners (FA1VHZSV),7353,won,2025-09-24,2025-12-11,Vehement Capital Partners,Reed Clapper
MG Special - Konmatfix (PXQEX039),6579,won,2025-09-24,2025-12-23,Konmatfix,Versie Hillebrand
MG Advanced - Fasehatice (RX56S6G3),490587,won,2025-09-24,2025-12-08,Fasehatice,Vicki Laflamme
GTX Plus Pro - Rundofase (G4F8W039),704211,won,2025-09-25,2025-12-22,Rundofase,Anna Snelling
MG Advanced - Stanredtax (4T31MWVO),535092,won,2025-09-25,2025-12-18,Stanredtax,Anna Snelling
GTX Plus Pro - New prospect (2HT2R2GY),707178,qualified,2025-09-25,,,Cassey Cress
GTX Plus Pro - Ganjaflex (83XN082U),645258,won,2025-09-25,2025-12-18,Ganjaflex,Corliss Cosme
MG Advanced - Gekko & Co (J21W3WIW),432279,won,2025-09-25,2025-11-28,Gekko & Co,Corliss Cosme
GTX Basic - Domzoom (52UPJFYI),73659,won,2025-09-25,2025-12-14,Domzoom,Gladys Colclough
GTX Basic - Goodsilron (QOL51JIB),77529,won,2025-09-25,2025-12-05,Goodsilron,James Ascencio
GTX Pro - New prospect (13GM5I6M),621909,qualified,2025-09-25,,,Kami Bicknell
GTX Basic - Zoomit (93AGN8A6),74304,won,2025-09-25,2025-12-08,Zoomit,Markita Hansen
MG Special - Funholding (J7UNJFJL),6708,won,2025-09-25,2025-11-28,Funholding,Marty Freudenburg
GTX Plus Basic - Fasehatice (A4H5ESTU),152865,won,2025-09-25,2025-12-08,Fasehatice,Maureen Marcano
GTX Plus Basic - Gekko & Co (8EZ04VQB),141384,lost,2025-09-25,2025-12-23,Gekko & Co,Reed Clapper
MG Special - Plexzap (4501T63I),7224,won,2025-09-25,2025-12-09,Plexzap,Rosalina Dieter
GTX Basic - New prospect (9IA34L8S),70950,qualified,2025-09-25,,,Vicki Laflamme
MG Special - Opentech (FPNGEJRC),6966,won,2025-09-25,2025-12-24,Opentech,Violet Mclelland
GTX Pro - Xx-holding (S33WRL0Y),621522,won,2025-09-25,2025-12-08,Xx-holding,Zane Levy
GTX Plus Pro - Codehow (Q7IRUJK7),656223,won,2025-09-28,2025-11-26,Codehow,Anna Snelling
GTX Plus Basic - Opentech (DTZPYISJ),143964,won,2025-09-28,2025-12-14,Opentech,Daniell Hammack
GTX Basic - Gogozoom (Y9HWSG8Z),65790,won,2025-09-28,2025-12-15,Gogozoom,Darcel Schlecht
MG Special - New prospect (5T8Q2YID),7095,qualified,2025-09-28,,,Elease Gluck
GTX Basic - Streethex (JOQCXC9Z),72885,won,2025-09-28,2025-12-11,Streethex,Jonathan Berthelot
GTX Basic - Finjob (AP7PCLAZ),81657,won,2025-09-28,2025-12-21,Finjob,Kami Bicknell
MG Advanced - Xx-zobam (BIE471SO),511098,won,2025-09-28,2025-12-24,Xx-zobam,Reed Clapper
MG Advanced - Y-corporation (UA8AWDG4),473688,won,2025-09-28,2025-12-17,Y-corporation,Vicki Laflamme
GTX Plus Basic - Green-Plus (BTT6YAVZ),141384,qualified,2025-09-28,,Green-Plus,Zane Levy
GTX Pro - Goodsilron (FZDRB789),591594,won,2025-09-28,2025-12-13,Goodsilron,Zane Levy
MG Special - Hottechi (PC1NUL8Q),7740,won,2025-09-29,2025-11-27,Hottechi,Anna Snelling
GTX Plus Basic - dambase (O7UUAK3Y),141384,qualified,2025-09-29,,dambase,Corliss Cosme
GTX Plus Basic - New prospect (TLOHEQ18),141384,qualified,2025-09-29,,,Corliss Cosme
GTX Basic - Dontechi (F1X5ZJ7V),73788,won,2025-09-29,2026-01-29,Dontechi,Jonathan Berthelot
GTX Basic - Goodsilron (IF7MJ88P),70950,won,2025-09-29,2025-11-26,Goodsilron,Kary Hendrixson
GTX Pro - Sonron (06B7XWPC),532125,won,2025-09-29,2025-12-12,Sonron,Kary Hendrixson
MG Advanced - Zumgoity (12MQ3WM8),470463,won,2025-09-29,2025-12-05,Zumgoity,Marty Freudenburg
GTX Basic - Dontechi (91M6FY8S),73917,won,2025-09-29,2025-12-16,Dontechi,Moses Frase
GTX Basic - Zencorporation (0LNZRNEU),69918,won,2025-09-29,2025-12-24,Zencorporation,Violet Mclelland
MG Advanced - Donware (NKOKUS7D),448791,won,2025-09-30,2025-12-07,Donware,Cassey Cress
MG Advanced - Ganjaflex (NF6GCTMV),437697,lost,2025-09-30,2025-12-17,Ganjaflex,Daniell Hammack
GTX Plus Basic - Stanredtax (I4UCA7CU),130548,won,2025-09-30,2025-12-16,Stanredtax,Darcel Schlecht
MG Special - New prospect (EWDOBEM6),7095,qualified,2025-09-30,,,Hayden Neloms
GTX Plus Basic - Doncon (1LI7ETNZ),127710,won,2025-09-30,2025-12-01,Doncon,James Ascencio
GTX Pro - Sunnamplex (N36DEZBR),564246,won,2025-09-30,2025-12-13,Sunnamplex,James Ascencio
GTX Basic - Finjob (77ZECYVJ),70950,lost,2025-09-30,2025-12-12,Finjob,Kary Hendrixson
GTX Plus Basic - Xx-holding (IRB461Y7),135966,won,2025-09-30,2025-12-25,Xx-holding,Kary Hendrixson
MG Special - Scotfind (NM2Q3CGW),7095,won,2025-09-30,2025-12-10,Scotfind,Vicki Laflamme
MG Special - Ganjaflex (OEEUEIPJ),7095,lost,2025-09-30,2025-11-30,Ganjaflex,Violet Mclelland
GTX Plus Basic - Iselectrics (5E14LG51),138417,won,2025-10-01,2025-12-20,Iselectrics,Boris Faz
MG Advanced - Genco Pura Olive Oil Company (TIAGZQ54),437697,lost,2025-10-01,2025-12-15,Genco Pura Olive Oil Company,Cecily Lampkin
GTX Plus Pro - New prospect (QM6VR1H5),707178,qualified,2025-10-01,,,Daniell Hammack
MG Advanced - New prospect (QR2BDRAI),437697,qualified,2025-10-01,,,James Ascencio
GTX Basic - New prospect (Z75ND4JF),70950,qualified,2025-10-01,,,Kary Hendrixson
GTX Basic - Faxquote (CRX91A45),75594,won,2025-10-01,2025-12-11,Faxquote,Kary Hendrixson
GTX Pro - Treequote (ZOQ8RC86),602043,won,2025-10-01,2026-01-30,Treequote,Marty Freudenburg
GTX Plus Basic - Hottechi (SV4SOO2K),113520,won,2025-10-01,2025-12-23,Hottechi,Vicki Laflamme
MG Advanced - Plexzap (ITHR5WLF),474204,won,2025-10-01,2025-12-07,Plexzap,Vicki Laflamme
MG Special - New prospect (CGWJ1WHI),7095,qualified,2025-10-01,,,Wilburn Farren
MG Advanced - Funholding (279625VN),437697,lost,2025-10-02,2025-12-20,Funholding,Anna Snelling
GTX Plus Pro - New prospect (M16D8PYH),707178,qualified,2025-10-02,,,Daniell Hammack
GTX Pro - Treequote (RK52YU8S),621909,lost,2025-10-02,2025-12-04,Treequote,Darcel Schlecht
GTX Plus Basic - Opentech (E8EY51IC),141384,lost,2025-10-02,2025-12-21,Opentech,Garret Kinder
GTX Pro - Treequote (HG07LMHI),608364,won,2025-10-02,2025-12-14,Treequote,Jonathan Berthelot
MG Advanced - New prospect (VPXW8RJS),437697,qualified,2025-10-02,,,Kami Bicknell
GTX Basic - Blackzim (85XNDIK1),70950,lost,2025-10-02,2025-12-25,Blackzim,Kary Hendrixson
GTX Pro - Goodsilron (2U54WYQ1),543219,won,2025-10-02,2025-12-18,Goodsilron,Vicki Laflamme
MG Advanced - Funholding (VCA1WAB0),437697,lost,2025-10-03,2025-12-16,Funholding,Anna Snelling
GTX Plus Pro - New prospect (T7T1YIM7),707178,qualified,2025-10-03,,,Boris Faz
GTX Pro - Codehow (MXNVX2AM),621909,lost,2025-10-03,2025-12-13,Codehow,Darcel Schlecht
MG Special - Toughzap (1G866GH4),7224,won,2025-10-03,2025-12-12,Toughzap,Darcel Schlecht
MG Special - Rundofase (WDG0B1IR),7095,lost,2025-10-03,2025-12-18,Rundofase,Gladys Colclough
MG Special - Funholding (Q5CABPMO),5676,won,2025-10-03,2025-12-18,Funholding,Gladys Colclough
GTX Basic - Konex (HHBA93J5),68628,won,2025-10-03,2025-12-22,Konex,Kary Hendrixson
GTX Basic - Treequote (R0W6A9BG),70950,lost,2025-10-03,2026-02-04,Treequote,Lajuana Vencill
GTX Basic - Zumgoity (P5EGQ0HI),70950,lost,2025-10-03,2025-12-15,Zumgoity,Lajuana Vencill
GTX Pro - Kinnamplus (L1EJIE5L),621909,lost,2025-10-03,2025-12-12,Kinnamplus,Reed Clapper
GTX Basic - Domzoom (S3XI6YB3),70950,lost,2025-10-03,2025-12-19,Domzoom,Versie Hillebrand
GTX Basic - Isdom (BBC3JB3H),80238,won,2025-10-04,2025-12-03,Isdom,Anna Snelling
GTX Basic - New prospect (4JHY98UG),70950,qualified,2025-10-04,,,Cassey Cress
GTX Plus Pro - Cancity (7XVLKX8G),707178,lost,2025-10-04,2025-11-30,Cancity,Cecily Lampkin
MG Special - New prospect (G39V1X3G),7095,qualified,2025-10-04,,,Corliss Cosme
GTX Plus Basic - Xx-zobam (OX4P78HP),162153,won,2025-10-04,2025-12-11,Xx-zobam,Corliss Cosme
GTX Plus Basic - Lexiqvolax (72LNJRY9),146415,won,2025-10-04,2025-12-20,Lexiqvolax,Maureen Marcano
MG Advanced - Hottechi (8C2WG2FB),437697,lost,2025-10-04,2025-12-23,Hottechi,Zane Levy
GTX Pro - Newex (L0345WKB),556377,won,2025-10-04,2025-12-09,Newex,Zane Levy
GTX Plus Pro - dambase (S24L8LVR),672090,won,2025-10-05,2025-12-13,dambase,Anna Snelling
MG Special - Ron-tech (JXWXEJXE),6063,won,2025-10-05,2025-12-22,Ron-tech,Lajuana Vencill
MG Advanced - Konex (W2JCRPLX),415380,won,2025-10-05,2025-12-17,Konex,Markita Hansen
GTX Basic - Initech (EQCD7G7Q),70950,qualified,2025-10-05,,Initech,Rosalina Dieter
MG Special - Donware (1M2I2NXQ),6063,won,2025-10-05,2025-12-21,Donware,Rosie Papadopoulos
MG Special - Rundofase (XYNTWPN1),7095,qualified,2025-10-05,,Rundofase,Violet Mclelland
MG Special - Yearin (54EGR0AD),8127,won,2025-10-05,2025-12-20,Yearin,Violet Mclelland
MG Special - Betatech (VT5Y73GX),7224,won,2025-10-06,2025-12-10,Betatech,Anna Snelling
MG Special - Rundofase (8O9V7UOZ),8385,won,2025-10-06,2025-11-26,Rundofase,Anna Snelling
GTX Plus Pro - Donquadtech (GIIC5H9X),740847,won,2025-10-06,2025-12-14,Donquadtech,Boris Faz
MG Special - Mathtouch (9WMU7YHD),6837,won,2025-10-06,2025-11-28,Mathtouch,Cassey Cress
GTX Plus Pro - Betasoloin (8BQMFR86),641646,won,2025-10-06,2025-12-25,Betasoloin,Corliss Cosme
MG Advanced - Ontomedia (DDCC6ZPK),502068,won,2025-10-06,2025-12-20,Ontomedia,Donn Cantrell
GTX Pro - Betasoloin (YMGWLEHY),493038,won,2025-10-06,2025-12-16,Betasoloin,Garret Kinder
GTX Basic - Inity (FKS9MVF6),65016,won,2025-10-06,2025-11-27,Inity,Jonathan Berthelot
MG Special - New prospect (6Q67ZUJ1),7095,qualified,2025-10-06,,,Maureen Marcano
MG Advanced - Xx-holding (HF8ABDF6),405705,won,2025-10-06,2025-12-24,Xx-holding,Rosalina Dieter
GTX Plus Pro - New prospect (Y6UBZM6P),707178,qualified,2025-10-06,,,Vicki Laflamme
GTX Basic - Finjob (SIRC44NM),72756,won,2025-10-06,2025-12-22,Finjob,Vicki Laflamme
GTX Plus Basic - Fasehatice (7S6SHJJG),144093,won,2025-10-06,2025-12-09,Fasehatice,Zane Levy
MG Special - Inity (ZE84UHHB),7611,won,2025-10-07,2025-12-21,Inity,Anna Snelling
MG Special - Finhigh (2R3ZA84D),6708,won,2025-10-07,2025-12-23,Finhigh,Darcel Schlecht
GTX Pro - Kan-code (LTTYTAXA),605526,won,2025-10-07,2025-12-19,Kan-code,Donn Cantrell
GTX Plus Pro - New prospect (RIW4VWBW),707178,qualified,2025-10-07,,,Hayden Neloms
GTX Pro - Plusstrip (ZWFPD71J),724980,won,2025-10-07,2025-12-01,Plusstrip,Kami Bicknell
GTX Plus Basic - Singletechno (T5C527Z9),141255,won,2025-10-07,2025-12-03,Singletechno,Kary Hendrixson
GTX Basic - Conecom (XC4LTIEO),70950,lost,2025-10-07,2026-01-27,Conecom,Lajuana Vencill
GTX Basic - Ron-tech (AEBF9M5T),63081,won,2025-10-07,2025-12-25,Ron-tech,Lajuana Vencill
GTX Basic - New prospect (DWUD4S0P),70950,qualified,2025-10-07,,,Markita Hansen
MG Special - Bioholding (MCE5DKD1),7095,qualified,2025-10-07,,Bioholding,Markita Hansen
GTX Plus Pro - Golddex (EV46ES18),762132,won,2025-10-07,2025-12-11,Golddex,Markita Hansen
MG Advanced - Xx-holding (ID3IJHUS),492780,won,2025-10-07,2025-12-06,Xx-holding,Markita Hansen
GTX Plus Basic - Hottechi (YBJ72HKE),141384,lost,2025-10-07,2025-12-07,Hottechi,Maureen Marcano
GTX Pro - New prospect (RW39Y63V),621909,qualified,2025-10-07,,,Vicki Laflamme
GTX Basic - Rantouch (5DEO8EDS),74949,won,2025-10-07,2025-12-15,Rantouch,Vicki Laflamme
GTX Plus Pro - New prospect (8LW65NDL),707178,qualified,2025-10-07,,,Violet Mclelland
GTX Pro - Nam-zim (CJ2ON1LV),621909,qualified,2025-10-08,,Nam-zim,Corliss Cosme
GTX Pro - New prospect (4I8X7EMW),621909,qualified,2025-10-08,,,Corliss Cosme
GTX Plus Pro - Funholding (WPXAMXD2),707178,lost,2025-10-08,2025-12-05,Funholding,Darcel Schlecht
GTX Basic - Gogozoom (A4BBDK82),75465,won,2025-10-08,2025-12-23,Gogozoom,Jonathan Berthelot
GTX Plus Basic - Plusstrip (LMOAYCUK),141384,qualified,2025-10-08,,Plusstrip,Kami Bicknell
GTX Basic - Nam-zim (4XCJP60W),73788,won,2025-10-08,2026-01-31,Nam-zim,Kami Bicknell
MG Advanced - Zumgoity (CDKX2A19),473301,won,2025-10-08,2025-12-07,Zumgoity,Lajuana Vencill
GTX Plus Basic - Golddex (344I60EI),140739,won,2025-10-08,2025-12-11,Golddex,Markita Hansen
GTX Plus Basic - Rangreen (YI30GSB5),141384,lost,2025-10-08,2025-12-26,Rangreen,Marty Freudenburg
GTX Pro - Donquadtech (0IYQX303),632745,won,2025-10-08,2025-12-12,Donquadtech,Reed Clapper
GTX Basic - Vehement Capital Partners (6IMUQYMN),69660,won,2025-10-09,2025-12-05,Vehement Capital Partners,Corliss Cosme
MG Special - Zumgoity (N9GAZ6B6),6321,won,2025-10-09,2025-12-15,Zumgoity,Gladys Colclough
GTX Basic - Globex Corporation (8O3IYWSM),66177,won,2025-10-09,2026-02-11,Globex Corporation,Jonathan Berthelot
MG Special - Gogozoom (R3OR0J5C),6966,won,2025-10-09,2025-12-25,Gogozoom,Lajuana Vencill
GTX Plus Basic - New prospect (VCSHYIU8),141384,qualified,2025-10-09,,,Maureen Marcano
GTX Basic - Funholding (0I6U3MQ6),70950,qualified,2025-10-09,,Funholding,Violet Mclelland
MG Special - Yearin (RXV4UXRE),7224,won,2025-10-09,2025-12-18,Yearin,Violet Mclelland
MG Special - Konmatfix (5AKGNKX1),7482,won,2025-10-10,2025-12-11,Konmatfix,Anna Snelling
MG Special - Treequote (KNLMLTJH),7482,won,2025-10-10,2025-12-22,Treequote,Anna Snelling
MG Advanced - Vehement Capital Partners (WRUG19FZ),437697,qualified,2025-10-10,,Vehement Capital Partners,Hayden Neloms
GTX Pro - Iselectrics (UQQE9ILV),621909,qualified,2025-10-10,,Iselectrics,James Ascencio
GTX Pro - Nam-zim (G9GH5KV5),574437,won,2025-10-10,2025-12-16,Nam-zim,Kami Bicknell
MG Special - Plusstrip (H06UZJH8),7095,lost,2025-10-10,2026-02-02,Plusstrip,Kary Hendrixson
GTX Basic - Nam-zim (K1RXVUG9),79851,won,2025-10-10,2025-12-09,Nam-zim,Kary Hendrixson
GTX Plus Pro - Xx-holding (1QT3STIA),666027,won,2025-10-10,2026-02-08,Xx-holding,Maureen Marcano
GTX Pro - Green-Plus (070M5M6X),525159,won,2025-10-10,2025-12-20,Green-Plus,Maureen Marcano
MG Special - Donquadtech (DFTR2O9K),7224,won,2025-10-10,2026-02-02,Donquadtech,Reed Clapper
MG Special - New prospect (W8CXDBQN),7095,qualified,2025-10-10,,,Vicki Laflamme
MG Advanced - Sumace (S9MECO24),437697,lost,2025-10-10,2025-12-26,Sumace,Violet Mclelland
GTX Pro - Zotware (EJSFO67U),564375,won,2025-10-11,2025-12-24,Zotware,Donn Cantrell
MG Advanced - Codehow (VKT0UN11),437697,qualified,2025-10-11,,Codehow,James Ascencio
GTX Basic - Golddex (SKTD4GGU),78690,won,2025-10-11,2025-12-23,Golddex,Kami Bicknell
GTX Basic - Scottech (JIACLB24),70950,qualified,2025-10-11,,Scottech,Vicki Laflamme
MG Advanced - Hatfan (SNAPG5KC),437697,lost,2025-10-11,2026-01-30,Hatfan,Vicki Laflamme
GTX Pro - Xx-holding (561707V4),587466,won,2025-10-11,2025-12-12,Xx-holding,Vicki Laflamme
MG Advanced - Konex (J28ZRO9G),371520,won,2025-10-11,2026-02-12,Konex,Wilburn Farren
GTX Plus Pro - Zoomit (5VYJCJAE),707178,qualified,2025-10-12,,Zoomit,Corliss Cosme
GTX Pro - Inity (BTUG5VDL),621909,qualified,2025-10-12,,Inity,Corliss Cosme
GTX Plus Basic - Initech (KZ8Q0AFX),141384,lost,2025-10-12,2026-01-27,Initech,Corliss Cosme
MG Special - Mathtouch (CT3HBBI2),7095,qualified,2025-10-12,,Mathtouch,Elease Gluck
MG Special - Scotfind (AOOFHH6F),7740,won,2025-10-12,2026-02-12,Scotfind,Markita Hansen
GTX Basic - Condax (5U9Y1P87),88752,won,2025-10-12,2025-12-16,Condax,Maureen Marcano
GTX Plus Pro - Goodsilron (J0Y91LUA),792318,won,2025-10-12,2025-12-17,Goodsilron,Maureen Marcano
GTX Pro - Green-Plus (YBRZQFEO),637131,won,2025-10-12,2025-12-26,Green-Plus,Maureen Marcano
GTX Plus Pro - Warephase (PHR8KB1Y),808830,won,2025-10-12,2026-02-09,Warephase,Niesha Huffines
GTX Basic - New prospect (GR2X90DZ),70950,qualified,2025-10-12,,,Vicki Laflamme
MG Advanced - Acme Corporation (TBZMXKH4),494457,won,2025-10-12,2025-12-24,Acme Corporation,Wilburn Farren
GTX Plus Basic - Bubba Gump (WNXZ1FGS),141384,lost,2025-10-13,2025-12-23,Bubba Gump,Daniell Hammack
GTX Plus Pro - Acme Corporation (S3W6Q07M),707178,qualified,2025-10-13,,Acme Corporation,Kami Bicknell
MG Special - New prospect (K64TY8LU),7095,qualified,2025-10-13,,,Maureen Marcano
MG Special - Hottechi (6389JY2H),7353,won,2025-10-13,2026-02-27,Hottechi,Moses Frase
MG Special - Cancity (SZ81H1PM),6063,won,2025-10-13,2025-12-12,Cancity,Versie Hillebrand
MG Special - Donware (M842E8JB),7095,lost,2025-10-13,2025-12-08,Donware,Violet Mclelland
MG Advanced - Plussunin (JRJ7DBW5),437697,lost,2025-10-14,2025-12-14,Plussunin,Daniell Hammack
MG Special - Inity (N9C0OCYY),7353,won,2025-10-14,2026-01-29,Inity,Gladys Colclough
GTX Plus Basic - Warephase (0OESOJNN),141384,qualified,2025-10-14,,Warephase,James Ascencio
MG Advanced - Genco Pura Olive Oil Company (R7XZAIWS),420153,won,2025-10-14,2025-12-09,Genco Pura Olive Oil Company,Jonathan Berthelot
GTX Basic - Sunnamplex (FFO5WOHT),65919,won,2025-10-14,2026-02-02,Sunnamplex,Kami Bicknell
GTX Basic - Y-corporation (XHHJ48MJ),78303,won,2025-10-14,2025-12-09,Y-corporation,Kami Bicknell
GTX Plus Pro - Cheers (YAR5GGA4),660480,won,2025-10-14,2025-12-24,Cheers,Markita Hansen
GTX Plus Basic - Hottechi (NOVPMLOV),173247,won,2025-10-14,2025-12-18,Hottechi,Niesha Huffines
MG Special - Rundofase (UPHN2I1Q),7095,won,2025-10-14,2026-02-08,Rundofase,Niesha Huffines
MG Special - Faxquote (NN9R2Y4W),6321,won,2025-10-14,2025-12-25,Faxquote,Vicki Laflamme
GTX Basic - The New York Inquirer (977FJ9QQ),70950,lost,2025-10-15,2025-12-24,The New York Inquirer,Boris Faz
GTX Plus Pro - New prospect (DZ57QIQN),707178,qualified,2025-10-15,,,Daniell Hammack
GTX Pro - Zotware (A6Y1V5Z0),570954,won,2025-10-15,2026-03-01,Zotware,Garret Kinder
GTX Plus Pro - Groovestreet (NU8LWEWU),679056,won,2025-10-15,2026-01-28,Groovestreet,James Ascencio
GTX Pro - Conecom (PFHS80CR),621909,lost,2025-10-15,2026-02-14,Conecom,Jonathan Berthelot
GTX Pro - New prospect (OZ5S8NCK),621909,qualified,2025-10-15,,,Kary Hendrixson
MG Special - Dontechi (904203D6),7611,won,2025-10-15,2025-12-24,Dontechi,Moses Frase
GTX Basic - Opentech (Z0TSV030),79593,won,2025-10-16,2025-12-25,Opentech,Garret Kinder
GTX Basic - Codehow (8C4QM1X6),72885,won,2025-10-16,2026-03-01,Codehow,Gladys Colclough
GTX Basic - Sonron (NOPI41RP),65919,won,2025-10-16,2025-11-26,Sonron,James Ascencio
GTX Plus Basic - Rantouch (2536CW3V),141384,lost,2025-10-16,2026-02-02,Rantouch,Kami Bicknell
MG Special - Faxquote (AC5YXLIR),7740,won,2025-10-16,2025-12-25,Faxquote,Kary Hendrixson
MG Advanced - Plexzap (HSGJKH6U),439503,won,2025-10-16,2025-12-24,Plexzap,Kary Hendrixson
MG Advanced - Xx-holding (4TZF9N1D),422217,won,2025-10-16,2025-12-23,Xx-holding,Kary Hendrixson
GTX Plus Basic - Y-corporation (HNKZ2IC6),141384,lost,2025-10-16,2025-12-21,Y-corporation,Markita Hansen
MG Special - Sunnamplex (BB6TCH8B),7095,lost,2025-10-16,2026-01-30,Sunnamplex,Markita Hansen
MG Advanced - Gogozoom (IMTPZV7J),433827,won,2025-10-16,2026-01-26,Gogozoom,Moses Frase
MG Special - New prospect (A4JROIDO),7095,qualified,2025-10-16,,,Vicki Laflamme
GTX Basic - Xx-holding (6NXY7144),47085,won,2025-10-16,2025-12-26,Xx-holding,Vicki Laflamme
GTX Plus Pro - Lexiqvolax (KBKHKULU),628101,won,2025-10-16,2025-12-13,Lexiqvolax,Zane Levy
GTX Basic - Ontomedia (INMJIFTF),77271,won,2025-10-17,2026-03-03,Ontomedia,Corliss Cosme
MG Advanced - Konex (FUVQ5UKB),412026,won,2025-10-17,2026-02-14,Konex,Daniell Hammack
GTX Plus Pro - Condax (O462ARMZ),700341,won,2025-10-17,2026-03-02,Condax,Garret Kinder
GTX Pro - Hottechi (6DCKCXDC),646032,won,2025-10-17,2026-01-30,Hottechi,Jonathan Berthelot
MG Advanced - Domzoom (QVF0JRM5),446211,won,2025-10-17,2025-12-23,Domzoom,Jonathan Berthelot
GTX Pro - Xx-holding (7QGG2LO3),621909,lost,2025-10-17,2026-02-19,Xx-holding,Kary Hendrixson
GTX Pro - Hottechi (Y6HNPIIT),588111,won,2025-10-17,2025-12-02,Hottechi,Kary Hendrixson
GTX Pro - Labdrill (IBKRO1AN),544509,won,2025-10-17,2025-12-23,Labdrill,Kary Hendrixson
MG Advanced - Warephase (3TDWLPMV),437697,lost,2025-10-17,2025-12-06,Warephase,Lajuana Vencill
MG Special - Domzoom (JN1ZFD18),7224,won,2025-10-17,2025-12-01,Domzoom,Lajuana Vencill
GTX Pro - Nam-zim (ZE7ILYKB),710532,won,2025-10-17,2026-01-28,Nam-zim,Markita Hansen
GTX Plus Basic - Codehow (SRFVQ0HG),141384,lost,2025-10-17,2025-12-19,Codehow,Moses Frase
GTX Basic - Lexiqvolax (D7H1EGS9),70950,lost,2025-10-17,2025-12-15,Lexiqvolax,Zane Levy
MG Advanced - Cancity (1DDW2GQW),437697,lost,2025-10-18,2025-12-04,Cancity,Anna Snelling
GTX Pro - Globex Corporation (PMEENWD5),621909,qualified,2025-10-18,,Globex Corporation,Corliss Cosme
GTX Basic - Ron-tech (WPGTHV8V),84753,won,2025-10-18,2025-12-14,Ron-tech,Darcel Schlecht
GTX Basic - New prospect (Z1WLLL1H),70950,qualified,2025-10-18,,,Kami Bicknell
GTX Pro - J-Texon (6GNJMYMO),621909,lost,2025-10-18,2026-01-30,J-Texon,Kami Bicknell
GTX Basic - Scottech (GWAT8UWK),82302,won,2025-10-18,2025-12-20,Scottech,Lajuana Vencill
GTX Basic - New prospect (ETZKANFZ),70950,qualified,2025-10-18,,,Markita Hansen
MG Special - Betatech (IZD69C5Q),5289,won,2025-10-18,2026-03-03,Betatech,Marty Freudenburg
GTX Plus Pro - Initech (QFU565JJ),720078,won,2025-10-18,2026-02-01,Initech,Rosie Papadopoulos
MG Special - Konmatfix (Z5BCBTAO),7740,won,2025-10-18,2026-02-14,Konmatfix,Versie Hillebrand
GTX Plus Basic - Y-corporation (2KKRRM1G),133644,won,2025-10-18,2026-01-28,Y-corporation,Zane Levy
GTX Plus Basic - Funholding (RLUGVSNV),121647,won,2025-10-19,2026-02-06,Funholding,Darcel Schlecht
GTX Basic - Kan-code (ZKSJ1DOK),74949,won,2025-10-19,2026-03-04,Kan-code,Elease Gluck
MG Special - Codehow (K8RQWTP4),7095,lost,2025-10-19,2026-02-09,Codehow,Jonathan Berthelot
GTX Basic - Toughzap (RSZC6BMW),69402,won,2025-10-19,2026-02-01,Toughzap,Moses Frase
GTX Plus Basic - Donquadtech (O7YNBRX0),141900,won,2025-10-19,2025-12-23,Donquadtech,Reed Clapper
MG Advanced - New prospect (PK1PS0KR),437697,qualified,2025-10-19,,,Rosie Papadopoulos
MG Advanced - Inity (AAYV8GV4),437697,lost,2025-10-20,2026-01-30,Inity,Anna Snelling
MG Advanced - Finhigh (EDEBWIOX),437697,lost,2025-10-20,2026-02-22,Finhigh,Cecily Lampkin
GTX Plus Basic - Hottechi (VAH6Y3F6),134031,won,2025-10-20,2026-02-11,Hottechi,Jonathan Berthelot
MG Special - dambase (4U431MNA),7095,lost,2025-10-20,2026-02-05,dambase,Lajuana Vencill
GTX Plus Basic - Umbrella Corporation (5HKAT5GS),138804,won,2025-10-20,2026-02-04,Umbrella Corporation,Reed Clapper
MG Special - Konex (F5VDTC4M),7095,lost,2025-10-20,2026-01-31,Konex,Rosalina Dieter
MG Special - Rantouch (UO4KXDBC),7095,lost,2025-10-20,2026-02-17,Rantouch,Rosalina Dieter
MG Special - Rundofase (TBIW957T),6837,won,2025-10-20,2025-12-11,Rundofase,Versie Hillebrand
MG Advanced - Statholdings (MSEIIH95),392934,won,2025-10-20,2025-12-18,Statholdings,Versie Hillebrand
GTX Plus Basic - New prospect (RPONINLM),141384,qualified,2025-10-20,,,Vicki Laflamme
MG Special - Acme Corporation (V4324HG4),7095,lost,2025-10-20,2026-01-31,Acme Corporation,Violet Mclelland
GTX Basic - Scotfind (N852D2Z8),70950,lost,2025-10-20,2025-12-25,Scotfind,Zane Levy
GTX Pro - Kan-code (CF1CSNPX),663060,won,2025-10-21,2025-12-26,Kan-code,Daniell Hammack
GTX Plus Basic - Warephase (NOXNFJ2L),137643,won,2025-10-21,2026-02-11,Warephase,Darcel Schlecht
GTX Basic - New prospect (F569KUVC),70950,qualified,2025-10-21,,,Kami Bicknell
GTX Plus Basic - Hatfan (PKDJTR06),141384,qualified,2025-10-21,,Hatfan,Kami Bicknell
GTX Basic - New prospect (VYPYVO8V),70950,qualified,2025-10-21,,,Vicki Laflamme
GTX Pro - Opentech (3LJAJVHR),621909,lost,2025-10-22,2026-02-23,Opentech,Cassey Cress
GTX Plus Basic - Zathunicon (NN6CSUWT),137385,won,2025-10-22,2025-12-16,Zathunicon,Daniell Hammack
GTX Basic - Lexiqvolax (X69POZIN),62049,won,2025-10-22,2026-01-31,Lexiqvolax,Kary Hendrixson
GTX Basic - J-Texon (4FAEDB16),70950,lost,2025-10-22,2026-02-16,J-Texon,Markita Hansen
GTX Basic - Dalttechnology (CPGCT81C),64371,won,2025-10-22,2025-12-01,Dalttechnology,Maureen Marcano
GTX Pro - Acme Corporation (TK9T01QM),621909,lost,2025-10-22,2026-02-01,Acme Corporation,Reed Clapper
MG Special - Bioplex (P13DDOTM),7611,won,2025-10-22,2025-12-03,Bioplex,Rosie Papadopoulos
MG Special - Hottechi (1PN7TVPX),7095,lost,2025-10-22,2026-01-26,Hottechi,Vicki Laflamme
MG Special - Initech (9ZKORPL2),5805,won,2025-10-22,2026-02-03,Initech,Violet Mclelland
MG Advanced - New prospect (1D54L027),437697,qualified,2025-10-22,,,Wilburn Farren
GTX Pro - Sonron (1ZCOKNNI),740847,won,2025-10-22,2026-02-08,Sonron,Zane Levy
GTX Plus Pro - Vehement Capital Partners (BVYMJ6TD),789093,won,2025-10-23,2026-02-07,Vehement Capital Partners,Cassey Cress
GTX Pro - Domzoom (W5ADQ9SH),621909,lost,2025-10-23,2026-02-20,Domzoom,Darcel Schlecht
GTX Plus Basic - The New York Inquirer (VXX8GJGY),149382,won,2025-10-23,2025-12-14,The New York Inquirer,Donn Cantrell
MG Special - Kinnamplus (ES9L0DXE),7611,won,2025-10-23,2026-02-16,Kinnamplus,Garret Kinder
GTX Plus Basic - Dalttechnology (AANB25RH),141384,lost,2025-10-23,2026-02-18,Dalttechnology,Kami Bicknell
MG Advanced - Xx-holding (36PTGLTW),400674,won,2025-10-23,2025-12-19,Xx-holding,Maureen Marcano
MG Advanced - Newex (6WTNSL1T),384678,won,2025-10-23,2025-12-14,Newex,Rosalina Dieter
GTX Plus Pro - Hottechi (PV1DISEC),787029,won,2025-10-23,2025-12-11,Hottechi,Zane Levy
GTX Plus Pro - Treequote (S6BG03TB),758907,won,2025-10-24,2026-02-02,Treequote,Anna Snelling
GTX Plus Pro - Xx-zobam (2YOW2BI0),651579,won,2025-10-24,2026-02-16,Xx-zobam,Corliss Cosme
GTX Plus Basic - Statholdings (IQ9KYZCG),148995,won,2025-10-24,2026-02-05,Statholdings,Darcel Schlecht
GTX Basic - Bluth Company (AWDOKG69),70950,lost,2025-10-24,2026-02-04,Bluth Company,Garret Kinder
GTX Plus Pro - Cheers (C4AFMVFM),724464,won,2025-10-24,2025-12-01,Cheers,James Ascencio
GTX Plus Pro - Golddex (WK6ERCGR),659964,won,2025-10-24,2026-03-03,Golddex,James Ascencio
GTX Plus Basic - Condax (64DJ954O),146544,won,2025-10-24,2025-12-25,Condax,Kary Hendrixson
GTX Plus Basic - Finhigh (84V18DBW),156864,won,2025-10-25,2026-02-26,Finhigh,Anna Snelling
GTX Plus Basic - Hottechi (WFY0S4WW),140481,won,2025-10-25,2026-01-27,Hottechi,Anna Snelling
MG Advanced - Condax (HA1KXAIS),504132,won,2025-10-25,2026-03-01,Condax,Cassey Cress
GTX Plus Basic - Toughzap (CENVLTFH),141384,qualified,2025-10-25,,Toughzap,Corliss Cosme
GTX Pro - Dontechi (EAYD98X2),621909,lost,2025-10-25,2026-02-21,Dontechi,Darcel Schlecht
GTX Pro - Finhigh (YR4W59KS),621909,lost,2025-10-25,2026-02-12,Finhigh,Darcel Schlecht
MG Advanced - Streethex (SNFW1FD7),434601,won,2025-10-25,2026-02-01,Streethex,Darcel Schlecht
GTX Pro - Blackzim (4NGSQODD),621909,qualified,2025-10-25,,Blackzim,James Ascencio
GTX Plus Pro - J-Texon (2EOF1QCY),678411,won,2025-10-25,2026-02-14,J-Texon,James Ascencio
GTX Pro - New prospect (5BE27MLY),621909,qualified,2025-10-25,,,Maureen Marcano
GTX Plus Basic - Y-corporation (O5O4ZAAC),141384,lost,2025-10-25,2026-02-02,Y-corporation,Maureen Marcano
MG Advanced - Bubba Gump (YBAKNQ8Z),437697,lost,2025-10-25,2025-12-25,Bubba Gump,Reed Clapper
MG Special - Konmatfix (N5UIZYIV),7095,qualified,2025-10-25,,Konmatfix,Zane Levy
MG Special - Condax (QY6HCHDH),6708,won,2025-10-26,2026-02-19,Condax,Anna Snelling
GTX Plus Pro - Acme Corporation (CZ3XOD03),744588,won,2025-10-26,2026-02-05,Acme Corporation,Boris Faz
GTX Pro - Umbrella Corporation (LQ44KCMI),621909,lost,2025-10-26,2025-12-08,Umbrella Corporation,Cassey Cress
MG Advanced - Domzoom (WVJBVA61),450984,won,2025-10-26,2025-12-16,Domzoom,Cecily Lampkin
MG Advanced - Finjob (MV9AO6WU),464658,won,2025-10-26,2025-12-07,Finjob,Elease Gluck
MG Special - Yearin (VS2G74XQ),7353,won,2025-10-26,2025-12-04,Yearin,Garret Kinder
MG Special - Funholding (Q37IWCG1),6579,won,2025-10-26,2026-02-05,Funholding,Gladys Colclough
MG Advanced - Sonron (CUR03RXO),475881,won,2025-10-26,2026-03-11,Sonron,Hayden Neloms
GTX Plus Basic - Xx-holding (81APSLDP),150930,won,2025-10-26,2026-01-28,Xx-holding,James Ascencio
GTX Basic - Rundofase (RBXWRHBJ),70950,lost,2025-10-26,2025-12-01,Rundofase,Jonathan Berthelot
GTX Pro - Rangreen (G2GU9DYX),610944,won,2025-10-26,2026-01-31,Rangreen,Jonathan Berthelot
MG Advanced - New prospect (KBR253C0),437697,qualified,2025-10-26,,,Kami Bicknell
GTX Basic - New prospect (379DUF2N),70950,qualified,2025-10-26,,,Markita Hansen
GTX Plus Basic - New prospect (67IKZGGJ),141384,qualified,2025-10-26,,,Maureen Marcano
MG Special - Genco Pura Olive Oil Company (05DTWSVC),7095,lost,2025-10-26,2026-01-30,Genco Pura Olive Oil Company,Niesha Huffines
MG Special - Zumgoity (2YQHHWJ3),7095,lost,2025-10-26,2026-02-16,Zumgoity,Versie Hillebrand
MG Special - Hatfan (ZW58VIDI),8256,won,2025-10-26,2026-02-19,Hatfan,Vicki Laflamme
MG Special - J-Texon (Q7IIF1IP),7095,won,2025-10-26,2026-03-02,J-Texon,Vicki Laflamme
MG Advanced - Goodsilron (AALARPLH),383130,won,2025-10-26,2025-12-08,Goodsilron,Vicki Laflamme
GTX Pro - New prospect (8YIANRVX),621909,qualified,2025-10-26,,,Zane Levy
MG Special - Scottech (5FFY13G5),7095,lost,2025-10-27,2026-02-13,Scottech,Cecily Lampkin
GTX Pro - Bubba Gump (01X8H9SO),649515,won,2025-10-27,2026-02-07,Bubba Gump,Corliss Cosme
GTX Pro - Domzoom (VLADQZ43),621909,lost,2025-10-27,2026-02-25,Domzoom,Darcel Schlecht
GTX Pro - Funholding (N9VYMV3W),615846,won,2025-10-27,2025-12-05,Funholding,Darcel Schlecht
GTK 500 - New prospect (A7SA2L21),3453072,qualified,2025-10-27,,,Elease Gluck
GTX Plus Pro - Kan-code (2FTB6A7I),695310,won,2025-10-27,2026-02-10,Kan-code,James Ascencio
GTX Plus Basic - Codehow (7V9A9TXZ),153510,won,2025-10-27,2026-03-03,Codehow,Marty Freudenburg
GTX Plus Pro - Betatech (HWDRCUYU),742395,won,2025-10-27,2026-02-08,Betatech,Moses Frase
GTX Pro - Scotfind (GFV4W89I),636357,won,2025-10-27,2026-03-10,Scotfind,Rosalina Dieter
MG Advanced - Ron-tech (7A4AC5BC),469818,won,2025-10-27,2026-03-01,Ron-tech,Versie Hillebrand
MG Special - Blackzim (3B6HWK65),7095,lost,2025-10-27,2026-02-01,Blackzim,Vicki Laflamme
MG Advanced - Kan-code (A3BK99P6),377067,won,2025-10-28,2025-12-12,Kan-code,Cassey Cress
GTX Basic - New prospect (9W7PFSNX),70950,qualified,2025-10-28,,,Corliss Cosme
GTX Plus Basic - Zathunicon (XYLNH45V),141384,qualified,2025-10-28,,Zathunicon,Daniell Hammack
GTX Plus Basic - New prospect (GVBWTDI3),141384,qualified,2025-10-28,,,Daniell Hammack
GTX Pro - Zumgoity (NY21X16G),649515,won,2025-10-28,2025-12-05,Zumgoity,Darcel Schlecht
GTX Pro - Zoomit (O5BC64NW),621909,lost,2025-10-28,2026-02-20,Zoomit,Maureen Marcano
MG Special - dambase (4DW2FDX4),6966,won,2025-10-28,2026-02-14,dambase,Versie Hillebrand
MG Special - Konmatfix (A66X4Q2J),6966,won,2025-10-28,2026-01-26,Konmatfix,Versie Hillebrand
GTX Plus Basic - New prospect (VFEV5XBS),141384,qualified,2025-10-28,,,Violet Mclelland
GTX Basic - Initech (IT9YW5RP),76368,won,2025-10-28,2026-02-20,Initech,Wilburn Farren
GTX Basic - Toughzap (7IZ2GMYK),82560,won,2025-10-29,2026-02-10,Toughzap,Darcel Schlecht
GTX Pro - Dontechi (TTY0X4TG),661383,won,2025-10-29,2026-01-30,Dontechi,Darcel Schlecht
MG Advanced - Betatech (L8D22SSW),493038,won,2025-10-29,2026-03-14,Betatech,Darcel Schlecht
MG Advanced - Dontechi (ZDDZ64A2),437697,lost,2025-10-29,2026-03-14,Dontechi,Gladys Colclough
MG Special - Blackzim (RDJFZGM9),7095,lost,2025-10-29,2026-03-10,Blackzim,Kami Bicknell
GTX Basic - Gogozoom (4563ENEB),74046,won,2025-10-29,2026-01-27,Gogozoom,Lajuana Vencill
MG Advanced - Codehow (4WP0VJAS),325725,won,2025-10-29,2026-03-15,Codehow,Lajuana Vencill
GTK 500 - Groovestreet (60UOBOEM),3907152,won,2025-10-29,2026-03-04,Groovestreet,Rosalina Dieter
GTX Plus Pro - Goodsilron (AJZB6F22),707178,lost,2025-10-29,2026-02-12,Goodsilron,Vicki Laflamme
GTX Basic - Scotfind (W4K39GNG),70950,lost,2025-10-29,2025-12-24,Scotfind,Zane Levy
GTX Plus Basic - New prospect (VN8LKQN3),141384,qualified,2025-10-30,,,Boris Faz
GTK 500 - Cheers (IXOHJYRM),3453072,lost,2025-10-30,2026-02-03,Cheers,Elease Gluck
MG Special - Kan-code (RMNHSNW9),7095,lost,2025-10-30,2026-01-26,Kan-code,Elease Gluck
MG Advanced - Inity (QPFNQYMV),461949,won,2025-10-30,2026-02-08,Inity,Gladys Colclough
GTX Plus Basic - Warephase (D77SFTS4),141384,lost,2025-10-30,2025-12-07,Warephase,Jonathan Berthelot
GTX Plus Basic - New prospect (ZHY9C8OO),141384,qualified,2025-10-30,,,Kami Bicknell
GTX Pro - Conecom (WRBWZRFD),621909,lost,2025-10-30,2026-01-30,Conecom,Niesha Huffines
MG Special - Finhigh (031BBF1I),6966,won,2025-10-30,2025-12-25,Finhigh,Versie Hillebrand
GTX Plus Basic - Condax (H2MC2E7K),141384,qualified,2025-10-30,,Condax,Vicki Laflamme
GTX Plus Basic - Konex (O11S2R63),144609,won,2025-10-31,2026-02-28,Konex,Boris Faz
GTX Basic - Silis (G13DD850),61533,won,2025-10-31,2026-03-01,Silis,Cassey Cress
GTX Basic - Condax (WZU2OHYU),66435,won,2025-10-31,2026-01-30,Condax,Corliss Cosme
MG Special - Ganjaflex (HVODWXRO),7095,lost,2025-10-31,2026-01-26,Ganjaflex,Daniell Hammack
MG Advanced - Umbrella Corporation (N3JIVUNY),437697,lost,2025-10-31,2026-02-05,Umbrella Corporation,Donn Cantrell
GTX Plus Basic - Goodsilron (RGCH6CUF),125775,won,2025-10-31,2026-03-17,Goodsilron,Hayden Neloms
MG Advanced - Sunnamplex (JX7WZ9UP),435504,won,2025-10-31,2026-01-26,Sunnamplex,Hayden Neloms
GTX Basic - Fasehatice (FDCEBWRI),59082,won,2025-10-31,2025-12-07,Fasehatice,James Ascencio
GTX Basic - Globex Corporation (ZL6TJDPG),70950,lost,2025-10-31,2026-02-10,Globex Corporation,Jonathan Berthelot
GTX Basic - Golddex (DWBSHB8M),70950,lost,2025-10-31,2026-02-17,Golddex,Kami Bicknell
GTX Basic - Golddex (0AJ6LTZ0),80238,won,2025-10-31,2025-12-09,Golddex,Kami Bicknell
GTX Basic - Lexiqvolax (SVMB8M7E),56889,won,2025-10-31,2026-03-06,Lexiqvolax,Kami Bicknell
GTX Pro - Konex (6AWEAWCM),621909,lost,2025-10-31,2026-02-09,Konex,Kary Hendrixson
GTX Basic - Ron-tech (4Q4NBPD6),69402,won,2025-10-31,2026-02-15,Ron-tech,Marty Freudenburg
GTX Plus Pro - Goodsilron (K8VSDOP8),602043,won,2025-10-31,2025-12-24,Goodsilron,Maureen Marcano
GTX Plus Basic - Codehow (YNP9PI1X),131322,won,2025-10-31,2026-03-12,Codehow,Niesha Huffines
GTX Pro - Bluth Company (3XVY4LEU),602559,won,2025-10-31,2026-02-03,Bluth Company,Reed Clapper
MG Special - New prospect (OCGXWE8H),7095,qualified,2025-10-31,,,Vicki Laflamme
GTX Pro - Bubba Gump (8K1OGB0R),597786,won,2025-10-31,2026-02-10,Bubba Gump,Violet Mclelland
GTX Plus Basic - J-Texon (RTKUPEX7),141384,lost,2025-10-31,2026-03-07,J-Texon,Zane Levy
MG Advanced - Warephase (QQDO45YR),447630,won,2025-11-01,2026-02-03,Warephase,Cecily Lampkin
GTX Basic - Dontechi (USVLKDF4),70950,qualified,2025-11-01,,Dontechi,Corliss Cosme
GTX Plus Basic - Silis (HT25XIAV),141384,lost,2025-11-01,2026-02-12,Silis,Daniell Hammack
GTX Plus Pro - Acme Corporation (88KUDE6J),692214,won,2025-11-01,2026-02-24,Acme Corporation,Donn Cantrell
GTX Plus Basic - Rundofase (AOOD3MWW),141384,lost,2025-11-01,2026-02-20,Rundofase,Gladys Colclough
GTX Plus Basic - Cheers (JCPQZ2SN),141384,qualified,2025-11-01,,Cheers,Hayden Neloms
GTX Plus Pro - New prospect (HZIU2NOT),707178,qualified,2025-11-01,,,Kary Hendrixson
GTX Basic - Groovestreet (RZ2PUH86),75078,won,2025-11-01,2026-02-11,Groovestreet,Kary Hendrixson
GTX Basic - Sunnamplex (GLVSDQQT),75207,won,2025-11-01,2026-01-27,Sunnamplex,Kary Hendrixson
GTX Basic - dambase (107BPCAS),70950,lost,2025-11-01,2026-02-10,dambase,Niesha Huffines
GTX Plus Pro - Fasehatice (OCLEO3CD),784191,won,2025-11-01,2026-02-13,Fasehatice,Vicki Laflamme
GTX Plus Basic - Fasehatice (FTVCNH87),141384,lost,2025-11-01,2026-02-01,Fasehatice,Zane Levy
GTX Plus Basic - Konex (GQCRMEIL),137772,won,2025-11-01,2026-02-27,Konex,Zane Levy
MG Special - Cancity (UK2JIE61),7095,won,2025-11-02,2026-01-29,Cancity,Anna Snelling
GTX Basic - Sumace (YM8DBAFV),70950,qualified,2025-11-02,,Sumace,Cassey Cress
MG Advanced - Yearin (AEDL7EC6),437697,lost,2025-11-02,2026-01-27,Yearin,Cassey Cress
GTX Basic - Betasoloin (OV5X3O5I),63597,won,2025-11-02,2025-12-22,Betasoloin,Cassey Cress
GTX Plus Basic - Ron-tech (MMWX1A4H),141384,lost,2025-11-02,2026-03-17,Ron-tech,Darcel Schlecht
GTX Pro - Condax (LSVMMUJ0),717111,won,2025-11-02,2025-12-20,Condax,Darcel Schlecht
MG Special - Mathtouch (RP7KA6HS),7095,qualified,2025-11-02,,Mathtouch,Elease Gluck
MG Advanced - Scotfind (97KFQSX1),432279,won,2025-11-02,2026-02-03,Scotfind,Elease Gluck
GTX Basic - Isdom (08APB75Q),64629,won,2025-11-02,2026-02-07,Isdom,Lajuana Vencill
MG Special - New prospect (P9PFSLS6),7095,qualified,2025-11-02,,,Maureen Marcano
MG Special - Inity (6RL97BR9),7095,lost,2025-11-02,2026-02-02,Inity,Moses Frase
GTX Basic - Mathtouch (TPVFA5B8),68628,won,2025-11-02,2026-02-01,Mathtouch,Reed Clapper
MG Special - Sonron (FHLOUD3V),7095,lost,2025-11-02,2026-02-18,Sonron,Vicki Laflamme
MG Advanced - Green-Plus (4E01ALB0),400287,won,2025-11-02,2026-01-29,Green-Plus,Vicki Laflamme
GTX Basic - New prospect (E4THD359),70950,qualified,2025-11-02,,,Wilburn Farren
GTX Plus Pro - Gekko & Co (K4HVGBVH),710145,won,2025-11-03,2026-02-16,Gekko & Co,Corliss Cosme
MG Special - Isdom (6VIK2VX8),7095,qualified,2025-11-03,,Isdom,Hayden Neloms
GTX Pro - Zoomit (30R81VZX),621909,qualified,2025-11-03,,Zoomit,Kami Bicknell
GTX Plus Basic - Y-corporation (XDLQ71X4),141384,lost,2025-11-03,2026-02-16,Y-corporation,Kami Bicknell
MG Special - New prospect (TH9RV79M),7095,qualified,2025-11-03,,,Maureen Marcano
GTX Plus Basic - Rangreen (L33YUX9V),137772,won,2025-11-03,2026-02-09,Rangreen,Moses Frase
MG Advanced - Cheers (QT7LRWTN),433053,won,2025-11-03,2026-01-29,Cheers,Vicki Laflamme
MG Special - Mathtouch (Q1JKHY7H),7095,lost,2025-11-03,2026-01-31,Mathtouch,Violet Mclelland
GTX Basic - Sonron (BY0O646G),70950,lost,2025-11-03,2026-02-21,Sonron,Zane Levy
GTX Basic - Finjob (5831YZMT),68628,won,2025-11-03,2026-03-20,Finjob,Zane Levy
GTX Pro - New prospect (7VOW7BUJ),621909,qualified,2025-11-04,,,Cassey Cress
GTX Pro - New prospect (2J5E145N),621909,qualified,2025-11-04,,,Daniell Hammack
MG Advanced - Condax (AZUBCO7L),437697,lost,2025-11-04,2026-01-31,Condax,Daniell Hammack
GTX Plus Pro - Funholding (FOWAY95L),746394,won,2025-11-04,2026-01-30,Funholding,Darcel Schlecht
GTK 500 - New prospect (YFB7Y92U),3453072,qualified,2025-11-04,,,Elease Gluck
GTX Plus Basic - Sonron (KGZL60NI),141384,lost,2025-11-04,2026-02-05,Sonron,Hayden Neloms
GTX Plus Basic - Streethex (SRZMNS79),145899,won,2025-11-04,2026-02-13,Streethex,Jonathan Berthelot
GTX Basic - Y-corporation (S6645YWA),70950,qualified,2025-11-04,,Y-corporation,Kami Bicknell
GTX Pro - Umbrella Corporation (B5A1BERF),621909,qualified,2025-11-04,,Umbrella Corporation,Kami Bicknell
GTX Plus Pro - Scotfind (0XMB83YO),696729,won,2025-11-04,2026-02-09,Scotfind,Kami Bicknell
GTX Plus Basic - Konmatfix (4TEO0LE1),136998,won,2025-11-04,2025-12-23,Konmatfix,Marty Freudenburg
GTX Plus Basic - New prospect (IEAPJ5X1),141384,qualified,2025-11-04,,,Maureen Marcano
MG Advanced - Zotware (5P82H5AA),476655,won,2025-11-04,2025-12-18,Zotware,Reed Clapper
MG Special - Condax (BN8UTT8O),7095,lost,2025-11-04,2026-03-01,Condax,Rosie Papadopoulos
MG Special - Finhigh (V751HK8R),7740,won,2025-11-04,2026-02-28,Finhigh,Versie Hillebrand
GTX Pro - Groovestreet (H4TBCR80),621909,lost,2025-11-04,2026-02-22,Groovestreet,Vicki Laflamme
MG Advanced - Singletechno (QWL218JV),376551,won,2025-11-04,2026-03-10,Singletechno,Vicki Laflamme
GTX Plus Pro - New prospect (L2S4T3VA),707178,qualified,2025-11-05,,,Cassey Cress
MG Special - Betatech (AF8NG5JC),7095,qualified,2025-11-05,,Betatech,Cassey Cress
MG Advanced - New prospect (IVJP36UT),437697,qualified,2025-11-05,,,Cassey Cress
GTX Basic - Plussunin (12M4HB7G),80367,won,2025-11-05,2026-01-26,Plussunin,Cassey Cress
MG Special - Umbrella Corporation (1XVTUE5J),7095,lost,2025-11-05,2025-12-26,Umbrella Corporation,Corliss Cosme
MG Advanced - Scottech (3VKO28KR),437697,lost,2025-11-05,2026-01-29,Scottech,Darcel Schlecht
GTX Basic - Genco Pura Olive Oil Company (9A9E1KPG),70950,qualified,2025-11-05,,Genco Pura Olive Oil Company,Elease Gluck
MG Special - Scotfind (5IES0B4B),6321,won,2025-11-05,2026-01-29,Scotfind,James Ascencio
GTX Basic - Stanredtax (HUFYU0AT),70950,lost,2025-11-05,2026-02-18,Stanredtax,Jonathan Berthelot
GTX Basic - Codehow (GMI6XZ4O),78948,won,2025-11-05,2026-01-29,Codehow,Jonathan Berthelot
GTX Plus Basic - New prospect (TF19VML9),141384,qualified,2025-11-05,,,Kami Bicknell
GTX Basic - Hottechi (YOQCQ4UO),68886,won,2025-11-05,2025-12-13,Hottechi,Kami Bicknell
GTX Plus Basic - Condax (KOZTDBJ5),142287,won,2025-11-05,2026-03-04,Condax,Kami Bicknell
GTX Pro - New prospect (ZHXIDZNI),621909,qualified,2025-11-05,,,Kary Hendrixson
GTX Basic - Conecom (8NMPO9K3),75078,won,2025-11-05,2026-02-04,Conecom,Lajuana Vencill
MG Advanced - Condax (PU7GV4MK),437697,lost,2025-11-05,2026-02-07,Condax,Marty Freudenburg
GTX Plus Pro - Cancity (RCQDGE4W),811668,won,2025-11-05,2026-01-29,Cancity,Marty Freudenburg
MG Special - Funholding (ZT832XIR),7095,lost,2025-11-05,2026-03-22,Funholding,Niesha Huffines
MG Special - Groovestreet (I995O4XJ),8127,won,2025-11-05,2026-02-18,Groovestreet,Rosalina Dieter
MG Advanced - Globex Corporation (EOXZGSX9),454338,won,2025-11-05,2026-02-07,Globex Corporation,Versie Hillebrand
MG Special - Konex (PW5OGY78),7095,lost,2025-11-05,2026-02-23,Konex,Vicki Laflamme
GTX Basic - Plexzap (NJCSG7MX),68628,won,2025-11-05,2026-01-29,Plexzap,Vicki Laflamme
MG Special - Iselectrics (ZYRF768H),7095,lost,2025-11-05,2026-01-29,Iselectrics,Violet Mclelland
MG Advanced - Kinnamplus (5Q8BQ64R),470205,won,2025-11-05,2026-02-16,Kinnamplus,Wilburn Farren
GTX Pro - Y-corporation (ZNNBFAKF),621909,lost,2025-11-05,2026-02-04,Y-corporation,Zane Levy
GTX Plus Pro - Gogozoom (L47EPGVT),614040,won,2025-11-06,2025-11-26,Gogozoom,Anna Snelling
GTX Basic - Betasoloin (9GENDMWA),77787,won,2025-11-06,2026-02-19,Betasoloin,Corliss Cosme
GTX Basic - Bioplex (DHACLHPS),70950,lost,2025-11-06,2026-02-16,Bioplex,Daniell Hammack
MG Advanced - Yearin (GKLE0CDI),419121,won,2025-11-06,2025-11-27,Yearin,Daniell Hammack
GTX Pro - Dontechi (E9DJS1D8),621909,lost,2025-11-06,2025-12-12,Dontechi,Darcel Schlecht
GTX Pro - Statholdings (22ZJM20V),621909,lost,2025-11-06,2026-02-12,Statholdings,Darcel Schlecht
GTX Pro - Zumgoity (C47Z92AG),621909,lost,2025-11-06,2026-02-03,Zumgoity,Darcel Schlecht
GTX Plus Pro - Acme Corporation (XT9YNOV2),738396,won,2025-11-06,2026-03-08,Acme Corporation,Donn Cantrell
GTX Plus Basic - Groovestreet (TMZQX7F8),141384,lost,2025-11-06,2026-01-27,Groovestreet,Hayden Neloms
GTX Plus Basic - Plexzap (5JHSTFEZ),141384,lost,2025-11-06,2026-02-05,Plexzap,Hayden Neloms
GTX Basic - Faxquote (BAOSO1I2),66564,won,2025-11-06,2026-01-27,Faxquote,Kary Hendrixson
GTX Plus Basic - Rangreen (IZDF2RTL),135450,won,2025-11-06,2026-02-21,Rangreen,Marty Freudenburg
GTX Plus Pro - Plexzap (F61DLVRS),582951,won,2025-11-06,2026-02-17,Plexzap,Maureen Marcano
GTX Basic - Funholding (80F0J70G),70950,lost,2025-11-06,2026-02-19,Funholding,Niesha Huffines
GTX Basic - Dontechi (S9W53L4L),86688,won,2025-11-06,2026-03-02,Dontechi,Niesha Huffines
GTX Plus Basic - Mathtouch (12OQKSVK),115584,won,2025-11-06,2025-12-15,Mathtouch,Reed Clapper
GTX Basic - Konex (VC94R5H8),75723,won,2025-11-06,2025-12-18,Konex,Vicki Laflamme
MG Advanced - Sonron (XTKIX6I4),441954,won,2025-11-06,2026-03-10,Sonron,Vicki Laflamme
MG Advanced - Golddex (5P3NH791),437697,qualified,2025-11-07,,Golddex,Boris Faz
GTX Pro - Ontomedia (MSE1UXKU),647709,won,2025-11-07,2025-12-15,Ontomedia,Cassey Cress
GTX Plus Basic - Rangreen (HM334UL2),145254,won,2025-11-07,2025-12-25,Rangreen,Darcel Schlecht
GTX Pro - Umbrella Corporation (L4124UJG),706017,won,2025-11-07,2026-02-09,Umbrella Corporation,Donn Cantrell
MG Special - Sunnamplex (DR2QE1RW),7095,lost,2025-11-07,2026-02-24,Sunnamplex,Elease Gluck
MG Special - Rantouch (FD8YL177),6579,won,2025-11-07,2026-02-03,Rantouch,Elease Gluck
GTX Basic - Scotfind (X3ZSQCH8),70950,qualified,2025-11-07,,Scotfind,Kami Bicknell
GTX Basic - Sonron (UU21EYFN),72627,won,2025-11-07,2025-12-01,Sonron,Kami Bicknell
GTX Basic - Isdom (OBDRD0AD),70950,lost,2025-11-07,2026-02-20,Isdom,Lajuana Vencill
GTX Basic - Opentech (NSGEM06J),70950,lost,2025-11-07,2026-02-08,Opentech,Reed Clapper
MG Advanced - Kan-code (QSQ42Q6M),377712,won,2025-11-07,2026-03-12,Kan-code,Reed Clapper
MG Advanced - Zathunicon (PCBA3KAV),466722,won,2025-11-07,2026-03-02,Zathunicon,Reed Clapper
GTX Plus Basic - Inity (ZBBMGEV4),153381,won,2025-11-08,2026-02-10,Inity,Darcel Schlecht
GTX Basic - Donquadtech (TYSORYA9),70950,lost,2025-11-08,2026-02-01,Donquadtech,Donn Cantrell
MG Special - Hatfan (ULVXOPG3),7740,won,2025-11-08,2026-02-16,Hatfan,Elease Gluck
GTX Plus Pro - New prospect (5BXUKFPR),707178,qualified,2025-11-08,,,James Ascencio
GTX Plus Basic - Statholdings (G0R305KO),141384,lost,2025-11-08,2026-02-05,Statholdings,Jonathan Berthelot
GTX Basic - Cheers (ZDZGCWX7),70305,won,2025-11-08,2026-03-19,Cheers,Kami Bicknell
MG Advanced - Labdrill (PQJZ5Z3R),391515,won,2025-11-08,2026-02-06,Labdrill,Kami Bicknell
GTX Basic - New prospect (8AJG1YLJ),70950,qualified,2025-11-08,,,Kary Hendrixson
GTX Basic - Konex (7KXTF2Q6),75336,won,2025-11-08,2026-03-20,Konex,Kary Hendrixson
MG Special - Scotfind (WZVE1NTM),7095,lost,2025-11-08,2026-02-09,Scotfind,Markita Hansen
GTX Plus Basic - Cheers (M6UEZLOQ),137901,won,2025-11-08,2026-03-20,Cheers,Maureen Marcano
GTX Plus Basic - Xx-holding (D6T5MM04),133515,won,2025-11-08,2026-03-19,Xx-holding,Maureen Marcano
MG Advanced - Golddex (5RNWV17L),437697,qualified,2025-11-08,,Golddex,Rosalina Dieter
GTX Pro - Ganjaflex (9GCJGVY7),621909,lost,2025-11-08,2025-11-27,Ganjaflex,Rosie Papadopoulos
GTX Pro - Scotfind (5QBQMEY5),581790,won,2025-11-08,2025-12-19,Scotfind,Vicki Laflamme
GTX Plus Basic - Vehement Capital Partners (9JKVM4BK),141384,lost,2025-11-08,2026-03-02,Vehement Capital Partners,Violet Mclelland
MG Special - Zotware (14PBBHSE),6321,won,2025-11-08,2026-02-02,Zotware,Violet Mclelland
MG Special - Rundofase (P1KS5YFX),7611,won,2025-11-09,2026-03-04,Rundofase,Anna Snelling
GTX Pro - Kan-code (7R4VL3Q8),606945,won,2025-11-09,2025-11-29,Kan-code,Cassey Cress
GTX Plus Pro - Zumgoity (3MNZF5ZK),664092,won,2025-11-09,2026-02-28,Zumgoity,Cecily Lampkin
GTX Pro - Ganjaflex (52SANIGE),623457,won,2025-11-09,2026-02-02,Ganjaflex,Corliss Cosme
GTX Pro - Mathtouch (73SY9EU8),601656,won,2025-11-09,2026-02-25,Mathtouch,Daniell Hammack
GTX Basic - Plussunin (HVM656P3),61275,won,2025-11-09,2026-02-06,Plussunin,Donn Cantrell
GTX Plus Basic - New prospect (LXM6CTMS),141384,qualified,2025-11-09,,,Hayden Neloms
MG Advanced - Labdrill (U2SW8DT1),491103,won,2025-11-09,2026-03-10,Labdrill,Hayden Neloms
GTX Basic - Faxquote (VXMFL425),70950,qualified,2025-11-09,,Faxquote,James Ascencio
GTX Basic - Stanredtax (XMH4CH4Q),66822,won,2025-11-09,2026-02-15,Stanredtax,Jonathan Berthelot
GTX Plus Basic - Dalttechnology (UNLIS3RY),135450,won,2025-11-09,2026-02-03,Dalttechnology,Kami Bicknell
GTX Pro - Y-corporation (GVFQXZLL),592884,won,2025-11-09,2026-02-18,Y-corporation,Maureen Marcano
MG Advanced - Cheers (E887HZT1),437697,qualified,2025-11-09,,Cheers,Rosalina Dieter
MG Special - New prospect (CGJ7NRZH),7095,qualified,2025-11-09,,,Violet Mclelland
GTX Basic - Y-corporation (NRYC7T45),79722,won,2025-11-09,2026-01-30,Y-corporation,Zane Levy
MG Advanced - Singletechno (ZVR3I3F0),446340,won,2025-11-09,2026-01-27,Singletechno,Zane Levy
GTX Plus Pro - Ontomedia (2TKQ8B78),741879,won,2025-11-10,2026-02-15,Ontomedia,Daniell Hammack
GTX Plus Pro - Konmatfix (OZ5O64KJ),727431,won,2025-11-10,2026-02-22,Konmatfix,Darcel Schlecht
GTX Plus Pro - Bioplex (WXCW16QT),707178,lost,2025-11-10,2026-02-27,Bioplex,Donn Cantrell
GTX Plus Pro - Zencorporation (UCXCUP1U),614814,won,2025-11-10,2026-02-12,Zencorporation,Garret Kinder
MG Advanced - Opentech (SWJ9OOZU),437697,qualified,2025-11-10,,Opentech,Hayden Neloms
GTX Plus Basic - Scotfind (9ERRIZKG),141384,lost,2025-11-10,2026-02-03,Scotfind,Kami Bicknell
GTX Basic - Singletechno (CKLYIFLY),75981,won,2025-11-10,2026-02-05,Singletechno,Kary Hendrixson
GTX Plus Pro - Finhigh (6VDLCBYU),707178,lost,2025-11-10,2026-02-25,Finhigh,Marty Freudenburg
GTX Basic - Hottechi (XYBPUC2H),70950,lost,2025-11-10,2026-02-10,Hottechi,Moses Frase
GTX Pro - Faxquote (B06D1F9M),621909,qualified,2025-11-10,,Faxquote,Vicki Laflamme
GTX Basic - New prospect (OZ761BUJ),70950,qualified,2025-11-10,,,Violet Mclelland
GTX Basic - Massive Dynamic (I3MC9XZC),68757,won,2025-11-10,2026-02-12,Massive Dynamic,Violet Mclelland
GTX Basic - Conecom (L5T2HKKO),70950,lost,2025-11-11,2026-01-30,Conecom,Anna Snelling
MG Special - Domzoom (6CEEGQ8I),8127,won,2025-11-11,2026-02-24,Domzoom,Anna Snelling
GTX Pro - Bioplex (P2LY9NFN),637518,won,2025-11-11,2026-02-02,Bioplex,Cassey Cress
GTX Pro - dambase (94GCWI08),599850,won,2025-11-11,2026-03-09,dambase,Darcel Schlecht
GTX Pro - Konmatfix (GUMQTC3J),622941,won,2025-11-11,2026-03-13,Konmatfix,Darcel Schlecht
GTX Plus Basic - Betasoloin (U64RT0UF),127323,won,2025-11-11,2026-02-23,Betasoloin,Donn Cantrell
GTX Plus Pro - Gekko & Co (RWGSCFHR),547734,won,2025-11-11,2025-11-27,Gekko & Co,Donn Cantrell
GTX Plus Pro - Iselectrics (GEBVQH17),735558,won,2025-11-11,2026-01-31,Iselectrics,Donn Cantrell
MG Advanced - Silis (3OVJXUSB),384549,won,2025-11-11,2026-03-11,Silis,Donn Cantrell
MG Advanced - Hottechi (KQPY8LLI),437697,lost,2025-11-11,2026-02-07,Hottechi,Gladys Colclough
MG Advanced - Konex (DC7COE9W),370617,won,2025-11-11,2026-01-26,Konex,Hayden Neloms
MG Advanced - Treequote (3LED0EK3),437697,lost,2025-11-11,2026-02-05,Treequote,Jonathan Berthelot
GTK 500 - Vehement Capital Partners (SCS5H8V1),3453072,qualified,2025-11-11,,Vehement Capital Partners,Markita Hansen
MG Advanced - Bioholding (81MXE1H7),437697,qualified,2025-11-11,,Bioholding,Markita Hansen
MG Special - The New York Inquirer (G4MKT3AE),7095,lost,2025-11-11,2026-02-01,The New York Inquirer,Rosie Papadopoulos
GTX Basic - Gogozoom (GQ125FX0),68112,won,2025-11-11,2026-02-28,Gogozoom,Versie Hillebrand
GTX Plus Basic - Scottech (JO52QXJ0),154671,won,2025-11-11,2026-03-15,Scottech,Versie Hillebrand
GTX Pro - Zoomit (PQ2VF873),621909,lost,2025-11-11,2025-11-26,Zoomit,Zane Levy
GTX Basic - Streethex (N6H58J55),70950,lost,2025-11-12,2026-02-07,Streethex,Anna Snelling
GTX Plus Pro - New prospect (W24IDMVV),707178,qualified,2025-11-12,,,Corliss Cosme
GTX Plus Pro - Streethex (WR6Q2X53),707178,lost,2025-11-12,2026-02-02,Streethex,Darcel Schlecht
GTX Basic - Bluth Company (8O1WNJBA),70950,lost,2025-11-12,2025-12-18,Bluth Company,Garret Kinder
GTX Plus Pro - Ontomedia (X1LAD57Y),707178,lost,2025-11-12,2025-11-29,Ontomedia,Garret Kinder
MG Advanced - Ganjaflex (E2NXQUWO),452403,won,2025-11-12,2025-12-01,Ganjaflex,Garret Kinder
GTX Basic - Fasehatice (MEZLJGRB),70950,lost,2025-11-12,2026-02-14,Fasehatice,James Ascencio
GTX Pro - Green-Plus (M1QKPX6R),585918,won,2025-11-12,2026-02-15,Green-Plus,James Ascencio
GTX Basic - Globex Corporation (X6LO8WPD),65145,won,2025-11-12,2026-02-22,Globex Corporation,Jonathan Berthelot
GTX Plus Pro - New prospect (JQA8H6M5),707178,qualified,2025-11-12,,,Kami Bicknell
GTX Basic - New prospect (92G1TO7L),70950,qualified,2025-11-12,,,Kary Hendrixson
GTX Plus Basic - Cheers (S8WV5MUC),141384,lost,2025-11-12,2026-02-01,Cheers,Kary Hendrixson
GTX Plus Basic - New prospect (FW2XJG9S),141384,qualified,2025-11-12,,,Markita Hansen
GTX Pro - Sonron (R7JI95HZ),621909,lost,2025-11-12,2026-02-25,Sonron,Markita Hansen
GTX Basic - New prospect (SVCKI631),70950,qualified,2025-11-12,,,Maureen Marcano
MG Advanced - New prospect (VJ5QGP8Z),437697,qualified,2025-11-12,,,Maureen Marcano
GTX Basic - Genco Pura Olive Oil Company (CVKLHZEO),58695,won,2025-11-12,2026-02-07,Genco Pura Olive Oil Company,Moses Frase
GTX Basic - Initech (8KJZJFJ1),69273,won,2025-11-12,2025-11-28,Initech,Reed Clapper
GTX Plus Basic - Opentech (W560QFJL),140610,won,2025-11-12,2025-11-29,Opentech,Reed Clapper
MG Advanced - Stanredtax (TA3PW6ZQ),437697,lost,2025-11-12,2026-02-18,Stanredtax,Versie Hillebrand
MG Special - Genco Pura Olive Oil Company (2DVE0XCM),7740,won,2025-11-12,2025-12-12,Genco Pura Olive Oil Company,Versie Hillebrand
GTX Plus Basic - Faxquote (L3UMWAX7),141384,lost,2025-11-12,2026-02-11,Faxquote,Vicki Laflamme
GTX Basic - New prospect (R2W96FGX),70950,qualified,2025-11-12,,,Zane Levy
GTX Plus Pro - Plussunin (VOTOT8MK),839661,won,2025-11-13,2026-03-12,Plussunin,Cassey Cress
GTX Plus Basic - Ron-tech (Y3ULGUD8),139191,won,2025-11-13,2026-02-12,Ron-tech,Cecily Lampkin
GTX Plus Basic - Silis (7350YGG4),143319,won,2025-11-13,2026-02-23,Silis,Corliss Cosme
GTX Pro - Mathtouch (2J16RN99),621909,lost,2025-11-13,2026-02-15,Mathtouch,Donn Cantrell
GTX Basic - Donquadtech (BRQRF65L),59598,won,2025-11-13,2025-11-27,Donquadtech,Donn Cantrell
GTX Basic - Xx-zobam (LB6XW39X),71595,won,2025-11-13,2025-11-29,Xx-zobam,Donn Cantrell
GTX Plus Pro - Conecom (WS9CXY7E),866751,won,2025-11-13,2025-11-26,Conecom,Gladys Colclough
MG Advanced - Faxquote (CK0MDHHM),423249,won,2025-11-13,2026-02-27,Faxquote,Hayden Neloms
GTX Plus Basic - New prospect (KM1D04JS),141384,qualified,2025-11-13,,,James Ascencio
MG Advanced - Kan-code (RNUH1SI8),438342,won,2025-11-13,2026-02-01,Kan-code,James Ascencio
GTX Basic - Labdrill (BNY8MJ6L),70950,qualified,2025-11-13,,Labdrill,Kary Hendrixson
GTX Pro - New prospect (INBGKE14),621909,qualified,2025-11-13,,,Kary Hendrixson
GTX Pro - Hottechi (D54HETSI),621909,lost,2025-11-13,2026-02-08,Hottechi,Kary Hendrixson
GTX Basic - Domzoom (JOQQZ5RH),78432,won,2025-11-13,2025-11-26,Domzoom,Marty Freudenburg
GTX Pro - Globex Corporation (90V75MDV),621909,lost,2025-11-13,2026-02-11,Globex Corporation,Niesha Huffines
GTX Plus Basic - Donquadtech (LIIBOUUQ),153123,won,2025-11-13,2026-02-24,Donquadtech,Reed Clapper
GTX Basic - New prospect (5KK2SSSB),70950,qualified,2025-11-13,,,Rosie Papadopoulos
GTX Plus Pro - Initech (UDYSM42B),755295,won,2025-11-13,2026-03-19,Initech,Violet Mclelland
GTX Basic - New prospect (V3HVIJLL),70950,qualified,2025-11-13,,,Zane Levy
GTX Pro - Cancity (F835LA4P),653772,won,2025-11-14,2026-02-04,Cancity,Darcel Schlecht
GTX Plus Basic - Gekko & Co (75Q82XU7),141384,lost,2025-11-14,2026-03-10,Gekko & Co,Donn Cantrell
MG Special - Betasoloin (AMNKCM1H),7095,qualified,2025-11-14,,Betasoloin,Elease Gluck
GTX Plus Pro - J-Texon (2U6QQHCC),524514,won,2025-11-14,2026-03-16,J-Texon,James Ascencio
GTX Pro - Isdom (MMKMJ0WC),579726,won,2025-11-14,2026-03-04,Isdom,Jonathan Berthelot
GTX Basic - Finjob (CZIXINO2),70950,lost,2025-11-14,2026-01-29,Finjob,Kami Bicknell
GTX Pro - Nam-zim (HV7Y6184),621909,lost,2025-11-14,2026-02-22,Nam-zim,Kami Bicknell
GTX Basic - Plexzap (KIHC1QJQ),69660,won,2025-11-14,2026-02-03,Plexzap,Kami Bicknell
MG Advanced - Conecom (VBWQO6BM),437697,lost,2025-11-14,2026-02-08,Conecom,Niesha Huffines
MG Special - Domzoom (LTZCN1RA),6966,won,2025-11-14,2026-02-13,Domzoom,Versie Hillebrand
MG Advanced - New prospect (84LN84VM),437697,qualified,2025-11-14,,,Vicki Laflamme
GTX Pro - Lexiqvolax (YO32O3T9),621909,lost,2025-11-14,2026-02-22,Lexiqvolax,Zane Levy
MG Special - New prospect (MU7JWTP6),7095,qualified,2025-11-15,,,Cassey Cress
MG Special - Zathunicon (8638OV6W),7095,lost,2025-11-15,2026-02-20,Zathunicon,Corliss Cosme
GTX Pro - Hottechi (TTJXSO57),621909,lost,2025-11-15,2026-02-14,Hottechi,Darcel Schlecht
MG Advanced - Betasoloin (K4VP5HK4),464658,won,2025-11-15,2026-02-02,Betasoloin,Donn Cantrell
MG Advanced - Betatech (10R46CSK),374616,won,2025-11-15,2026-02-01,Betatech,Lajuana Vencill
GTX Basic - Sonron (VBA34LWX),73659,won,2025-11-15,2026-02-25,Sonron,Markita Hansen
MG Special - Genco Pura Olive Oil Company (DLJN7WG0),7095,lost,2025-11-15,2026-02-24,Genco Pura Olive Oil Company,Marty Freudenburg
GTX Basic - Zathunicon (FJCCTOPN),63468,won,2025-11-15,2026-03-15,Zathunicon,Reed Clapper
GTX Pro - Zathunicon (LR6USOHL),586305,won,2025-11-15,2026-02-21,Zathunicon,Reed Clapper
GTX Plus Pro - Cancity (5VAV2TUY),724206,won,2025-11-15,2025-12-20,Cancity,Versie Hillebrand
GTX Plus Pro - Betatech (HTD2ME9C),692730,won,2025-11-16,2026-03-09,Betatech,Anna Snelling
GTX Basic - Zencorporation (GHUCMUPL),70950,won,2025-11-16,2026-01-27,Zencorporation,Boris Faz
GTX Plus Basic - Yearin (1LKY3B4X),130419,won,2025-11-16,2025-11-27,Yearin,Cassey Cress
MG Special - Sumace (7Y5E0RDL),7224,won,2025-11-16,2026-03-15,Sumace,Corliss Cosme
MG Special - New prospect (9HRMW8SL),7095,qualified,2025-11-16,,,Daniell Hammack
GTX Plus Basic - Codehow (BEQIZZ7W),156993,won,2025-11-16,2025-11-29,Codehow,Darcel Schlecht
GTX Basic - Bubba Gump (44F8ZE41),70950,lost,2025-11-16,2026-02-13,Bubba Gump,Donn Cantrell
MG Advanced - Kan-code (YJIH415V),415638,won,2025-11-16,2026-02-04,Kan-code,Donn Cantrell
GTX Basic - Bioplex (K3DQJ796),70950,lost,2025-11-16,2026-02-08,Bioplex,Garret Kinder
GTX Basic - Massive Dynamic (6QF3D2RI),70950,lost,2025-11-16,2026-01-30,Massive Dynamic,Garret Kinder
MG Advanced - Opentech (G9565UWZ),431892,won,2025-11-16,2025-11-26,Opentech,Garret Kinder
GTX Basic - Conecom (RFKIN7FG),70950,lost,2025-11-16,2026-02-19,Conecom,Jonathan Berthelot
GTX Basic - Faxquote (WJQ8VD51),70950,qualified,2025-11-16,,Faxquote,Kami Bicknell
GTX Pro - Newex (2BWZLXZ8),543864,won,2025-11-16,2025-11-30,Newex,Kami Bicknell
GTX Plus Basic - New prospect (1WHXI2RW),141384,qualified,2025-11-16,,,Markita Hansen
MG Advanced - New prospect (G5JP0G7Q),437697,qualified,2025-11-16,,,Markita Hansen
GTX Basic - Stanredtax (2QHRL8CW),52116,won,2025-11-16,2026-02-22,Stanredtax,Moses Frase
GTX Plus Pro - Initech (RFYAI0WA),707178,lost,2025-11-16,2026-03-05,Initech,Rosie Papadopoulos
MG Special - Zathunicon (WH0DJCGL),7095,lost,2025-11-16,2026-03-11,Zathunicon,Rosie Papadopoulos
GTX Pro - Sumace (LCW83256),678540,won,2025-11-16,2025-11-29,Sumace,Rosie Papadopoulos
MG Advanced - New prospect (RVH3UUKY),437697,qualified,2025-11-16,,,Vicki Laflamme
GTX Plus Basic - Kan-code (IHFM8QXN),141384,lost,2025-11-16,2025-12-02,Kan-code,Vicki Laflamme
MG Special - Donquadtech (QCY951QA),6579,won,2025-11-16,2026-01-31,Donquadtech,Violet Mclelland
GTX Basic - New prospect (CG9VXPV1),70950,qualified,2025-11-16,,,Zane Levy
GTX Basic - Scotfind (09BVA55J),77142,won,2025-11-16,2026-03-22,Scotfind,Zane Levy
GTX Plus Basic - Konex (2R9HXKXT),141384,lost,2025-11-17,2026-02-19,Konex,Boris Faz
MG Special - Zathunicon (JLK8KCNN),5418,won,2025-11-17,2026-02-18,Zathunicon,Boris Faz
GTX Pro - Vehement Capital Partners (SZQUBIMH),604881,won,2025-11-17,2026-03-04,Vehement Capital Partners,Cassey Cress
GTX Plus Pro - Statholdings (8ZYVKQ27),664866,won,2025-11-17,2026-03-23,Statholdings,Cecily Lampkin
GTX Pro - Gogozoom (25A51PWG),621909,lost,2025-11-17,2026-02-10,Gogozoom,Darcel Schlecht
GTX Pro - Zencorporation (4B4XCPHT),646290,won,2025-11-17,2026-01-30,Zencorporation,Donn Cantrell
MG Advanced - Finhigh (5JFOA4XC),414735,won,2025-11-17,2026-03-11,Finhigh,Gladys Colclough
GTX Basic - Nam-zim (N5FOEJZ9),70950,lost,2025-11-17,2026-02-28,Nam-zim,Kami Bicknell
GTX Plus Basic - Donquadtech (CYWZJ2AI),141384,qualified,2025-11-17,,Donquadtech,Kary Hendrixson
GTX Pro - Hatfan (QTNPGKJ7),408801,won,2025-11-17,2026-03-23,Hatfan,Kary Hendrixson
GTX Plus Basic - Scotfind (EBRWSMI0),141384,lost,2025-11-17,2026-03-24,Scotfind,Markita Hansen
GTX Plus Pro - Funholding (4PKHDQOQ),646935,won,2025-11-17,2026-02-28,Funholding,Marty Freudenburg
GTX Basic - Dalttechnology (3Y9SB2QK),73659,won,2025-11-17,2025-11-26,Dalttechnology,Maureen Marcano
GTX Pro - Bubba Gump (5MZ0O77T),624231,won,2025-11-17,2026-02-10,Bubba Gump,Reed Clapper
MG Advanced - Massive Dynamic (2EILEDKF),427635,won,2025-11-17,2025-11-30,Massive Dynamic,Reed Clapper
MG Special - Warephase (J4NX9TK5),7740,won,2025-11-17,2026-02-18,Warephase,Versie Hillebrand
GTX Pro - New prospect (Y7N97FW8),621909,qualified,2025-11-17,,,Vicki Laflamme
MG Advanced - New prospect (0IO43YMS),437697,qualified,2025-11-17,,,Wilburn Farren
GTX Plus Basic - Treequote (5ITSLO0E),128871,won,2025-11-18,2025-11-29,Treequote,Anna Snelling
GTX Pro - New prospect (6HG76L6U),621909,qualified,2025-11-18,,,Boris Faz
GTX Basic - Statholdings (QGW0TI1U),70950,lost,2025-11-18,2026-03-08,Statholdings,Darcel Schlecht
GTX Plus Pro - Finhigh (WJC5J533),696729,won,2025-11-18,2026-03-01,Finhigh,Lajuana Vencill
MG Advanced - Newex (9SLINQY5),437697,qualified,2025-11-18,,Newex,Markita Hansen
GTX Plus Pro - New prospect (1GIP77EP),707178,qualified,2025-11-18,,,Maureen Marcano
GTX Basic - Rundofase (XGLMCTLG),71079,won,2025-11-18,2026-03-15,Rundofase,Moses Frase
GTX Plus Pro - Mathtouch (X6RLT30X),707178,lost,2025-11-18,2026-02-17,Mathtouch,Reed Clapper
GTX Basic - Faxquote (IVT0S1N1),77400,won,2025-11-18,2025-12-15,Faxquote,Vicki Laflamme
GTX Pro - Goodsilron (NOLCZMV6),621909,qualified,2025-11-18,,Goodsilron,Violet Mclelland
GTX Plus Pro - Bioplex (JEPGSQC9),707178,lost,2025-11-18,2026-01-30,Bioplex,Violet Mclelland
MG Special - The New York Inquirer (EEDHCEVZ),7095,lost,2025-11-19,2026-02-16,The New York Inquirer,Boris Faz
GTX Pro - Sumace (NHDTSMX2),607719,won,2025-11-19,2025-11-27,Sumace,Cassey Cress
MG Advanced - Vehement Capital Partners (E36CR33F),437697,lost,2025-11-19,2026-03-05,Vehement Capital Partners,Corliss Cosme
GTX Pro - Zencorporation (PNL17RE9),662157,won,2025-11-19,2026-03-25,Zencorporation,Corliss Cosme
GTX Basic - Fasehatice (B4SIVH1O),70950,qualified,2025-11-19,,Fasehatice,Daniell Hammack
GTX Plus Pro - Sumace (VMEVOJVL),707178,lost,2025-11-19,2026-02-11,Sumace,Daniell Hammack
GTX Plus Pro - Zathunicon (5EKN0BFN),625392,won,2025-11-19,2026-02-09,Zathunicon,Daniell Hammack
GTX Pro - Mathtouch (R4LH95QS),577275,won,2025-11-19,2025-11-28,Mathtouch,Daniell Hammack
GTX Basic - Betatech (52CROFH2),70950,lost,2025-11-19,2025-11-30,Betatech,Darcel Schlecht
GTX Pro - Genco Pura Olive Oil Company (REDGEUCP),485427,won,2025-11-19,2025-12-05,Genco Pura Olive Oil Company,Darcel Schlecht
GTX Pro - Ron-tech (6KT5HAR6),645774,won,2025-11-19,2025-11-30,Ron-tech,Darcel Schlecht
GTX Pro - Toughzap (48AJ0X9E),580242,won,2025-11-19,2026-03-12,Toughzap,Gladys Colclough
GTX Pro - Warephase (RA1UBXY9),564375,won,2025-11-19,2025-12-19,Warephase,Gladys Colclough
MG Advanced - New prospect (ESZY10SI),437697,qualified,2025-11-19,,,Hayden Neloms
GTX Plus Basic - J-Texon (WGI2GSKJ),141384,lost,2025-11-19,2026-02-21,J-Texon,Hayden Neloms
MG Advanced - Fasehatice (W4BNO6UL),485427,won,2025-11-19,2026-03-01,Fasehatice,Hayden Neloms
GTX Pro - J-Texon (S50A0C2S),621909,lost,2025-11-19,2025-12-09,J-Texon,Kami Bicknell
GTX Plus Pro - Sonron (3H80RIHV),708339,won,2025-11-19,2026-02-04,Sonron,Kami Bicknell
GTX Basic - Bioholding (KATNS4R4),70950,lost,2025-11-19,2026-02-16,Bioholding,Lajuana Vencill
GTX Plus Pro - Y-corporation (L5U7OT6O),709887,won,2025-11-19,2026-03-14,Y-corporation,Markita Hansen
GTX Plus Basic - Rangreen (QKVUGRN9),141384,lost,2025-11-19,2026-02-24,Rangreen,Moses Frase
MG Special - Statholdings (FNY6F0KF),7482,won,2025-11-19,2026-02-09,Statholdings,Moses Frase
GTX Plus Basic - Genco Pura Olive Oil Company (1W23LEWK),135579,won,2025-11-19,2026-02-21,Genco Pura Olive Oil Company,Niesha Huffines
GTX Plus Pro - Conecom (JHJEQ1U3),722916,won,2025-11-19,2025-12-02,Conecom,Niesha Huffines
MG Advanced - Xx-zobam (CPJAA632),422217,won,2025-11-19,2026-02-09,Xx-zobam,Reed Clapper
GTX Basic - New prospect (Y3CYQGPH),70950,qualified,2025-11-19,,,Rosalina Dieter
GTX Basic - Rundofase (Q19RWR17),70950,qualified,2025-11-19,,Rundofase,Vicki Laflamme
GTX Plus Basic - Scotfind (GVC0RLQE),141384,lost,2025-11-19,2026-02-05,Scotfind,Vicki Laflamme
GTX Plus Basic - Scotfind (9OLYBVNE),157380,won,2025-11-19,2026-02-27,Scotfind,Zane Levy
GTX Plus Pro - Singletechno (R8N49PHN),709113,won,2025-11-19,2025-11-27,Singletechno,Zane Levy
GTX Plus Basic - Conecom (P5EVJUKQ),136224,won,2025-11-20,2026-03-07,Conecom,Anna Snelling
GTX Basic - Kan-code (XF4648CO),70950,lost,2025-11-20,2026-03-13,Kan-code,Boris Faz
GTX Basic - Massive Dynamic (24UTFDPK),73788,won,2025-11-20,2025-12-07,Massive Dynamic,Cassey Cress
MG Advanced - Funholding (ERYLM04D),473172,won,2025-11-20,2026-02-17,Funholding,Cecily Lampkin
GTX Basic - New prospect (6PW6ZQEE),70950,qualified,2025-11-20,,,Corliss Cosme
MG Special - Kinnamplus (IQ9W1X36),6450,won,2025-11-20,2025-11-27,Kinnamplus,Corliss Cosme
MG Advanced - Silis (GSR9PIF0),452661,won,2025-11-20,2026-02-16,Silis,Daniell Hammack
GTX Pro - Gogozoom (8477482V),727947,won,2025-11-20,2026-03-25,Gogozoom,Darcel Schlecht
MG Special - Dalttechnology (VFZOL6CB),6063,won,2025-11-20,2025-12-05,Dalttechnology,Elease Gluck
MG Advanced - Finjob (75ZOJ3O7),427248,won,2025-11-20,2025-12-03,Finjob,Hayden Neloms
GTX Plus Pro - Goodsilron (1QQR82TP),707178,lost,2025-11-20,2026-03-20,Goodsilron,James Ascencio
MG Advanced - New prospect (4E5A84H1),437697,qualified,2025-11-20,,,Kami Bicknell
GTX Basic - Labdrill (DR6MQSWL),61920,won,2025-11-20,2025-12-06,Labdrill,Kami Bicknell
MG Advanced - Nam-zim (KAV5TU8X),413832,won,2025-11-20,2026-01-31,Nam-zim,Kami Bicknell
GTX Basic - Y-corporation (UQ86UOWY),70950,lost,2025-11-20,2026-01-29,Y-corporation,Kary Hendrixson
GTX Plus Pro - Kan-code (A82DG6R5),745878,won,2025-11-20,2026-01-29,Kan-code,Kary Hendrixson
GTX Plus Pro - Rangreen (37FKT2ZP),751683,won,2025-11-20,2026-02-17,Rangreen,Lajuana Vencill
GTX Pro - New prospect (03VCDZEE),621909,qualified,2025-11-20,,,Maureen Marcano
GTX Basic - Newex (MVXB9PS5),70950,lost,2025-11-20,2026-03-14,Newex,Maureen Marcano
GTX Basic - Bioholding (M2TZSYTN),66564,won,2025-11-20,2026-03-13,Bioholding,Moses Frase
GTX Plus Basic - Condax (KGJL5GHX),123324,won,2025-11-20,2026-03-03,Condax,Moses Frase
MG Special - Stanredtax (IF7DSONM),6708,won,2025-11-20,2025-12-10,Stanredtax,Moses Frase
MG Advanced - Toughzap (RR4FWSVB),390225,won,2025-11-20,2026-02-05,Toughzap,Moses Frase
GTX Pro - The New York Inquirer (C5IWM5VJ),724722,won,2025-11-20,2026-03-07,The New York Inquirer,Reed Clapper
GTX Pro - Umbrella Corporation (9WZ3I1TF),627843,won,2025-11-20,2026-02-03,Umbrella Corporation,Rosie Papadopoulos
GTX Plus Basic - Kan-code (IO4GTLAB),119841,won,2025-11-20,2025-12-09,Kan-code,Zane Levy
GTX Basic - New prospect (7ONH55WT),70950,qualified,2025-11-21,,,Cassey Cress
MG Special - dambase (06T2UPDG),7095,lost,2025-11-21,2026-03-02,dambase,Cecily Lampkin
GTX Basic - New prospect (CMKXOOJQ),70950,qualified,2025-11-21,,,Corliss Cosme
MG Advanced - Xx-zobam (9L6ADU5C),437697,lost,2025-11-21,2026-02-05,Xx-zobam,Corliss Cosme
GTX Pro - Toughzap (U185INDA),646290,won,2025-11-21,2026-01-30,Toughzap,Darcel Schlecht
GTX Pro - Bluth Company (2AGLONC4),725109,won,2025-11-21,2026-02-09,Bluth Company,Donn Cantrell
MG Advanced - Iselectrics (TBDUMBLA),417057,won,2025-11-21,2026-01-27,Iselectrics,Donn Cantrell
MG Special - Acme Corporation (0AXGVKN8),7095,won,2025-11-21,2026-02-22,Acme Corporation,Garret Kinder
MG Advanced - Bioplex (TAPNNL1W),422862,won,2025-11-21,2025-12-02,Bioplex,Garret Kinder
GTX Plus Basic - Domzoom (R9ZAKBFE),148995,won,2025-11-21,2025-12-05,Domzoom,Gladys Colclough
MG Advanced - Goodsilron (Y40ADYX7),457950,won,2025-11-21,2025-12-06,Goodsilron,Hayden Neloms
MG Advanced - Stanredtax (R7GVZT8J),437697,lost,2025-11-21,2026-02-04,Stanredtax,Jonathan Berthelot
GTX Plus Basic - Hottechi (RSEDY99J),136095,won,2025-11-21,2026-03-13,Hottechi,Jonathan Berthelot
GTX Pro - New prospect (NR947OAB),621909,qualified,2025-11-21,,,Kami Bicknell
GTX Pro - New prospect (LMKNU8IZ),621909,qualified,2025-11-21,,,Markita Hansen
GTX Plus Basic - Sonron (D5NZQIWU),141384,lost,2025-11-21,2026-03-17,Sonron,Markita Hansen
GTX Basic - Y-corporation (Z0BGG6IJ),76755,won,2025-11-21,2026-01-30,Y-corporation,Markita Hansen
MG Advanced - Warephase (ZCA1IRGD),395127,won,2025-11-21,2026-01-31,Warephase,Moses Frase
MG Advanced - Konex (NPB8ZLEO),437697,lost,2025-11-21,2026-02-07,Konex,Vicki Laflamme
MG Advanced - Massive Dynamic (HJIO57TA),418734,won,2025-11-21,2026-03-03,Massive Dynamic,Violet Mclelland
GTX Basic - Scottech (U6N053E1),54567,won,2025-11-22,2025-11-27,Scottech,Anna Snelling
GTX Plus Pro - New prospect (R5RSH4JV),707178,qualified,2025-11-22,,,Boris Faz
GTX Basic - Initech (MTKCJVFO),69918,won,2025-11-22,2026-03-15,Initech,Cassey Cress
GTX Pro - Ontomedia (KIP060D0),650160,won,2025-11-22,2025-12-03,Ontomedia,Cassey Cress
GTX Plus Basic - Kan-code (YOISPUC6),141384,lost,2025-11-22,2026-02-15,Kan-code,Corliss Cosme
GTX Plus Pro - Rangreen (2MHTTXX0),707178,lost,2025-11-22,2026-03-14,Rangreen,Darcel Schlecht
GTX Pro - Statholdings (QU4FNKZL),699567,won,2025-11-22,2026-02-03,Statholdings,Darcel Schlecht
MG Advanced - Cancity (GZUKDP7F),425055,won,2025-11-22,2026-03-10,Cancity,Darcel Schlecht
GTX Basic - Plussunin (S519S1EK),73272,won,2025-11-22,2026-02-27,Plussunin,Donn Cantrell
GTX Basic - Xx-zobam (AL554AUI),82560,won,2025-11-22,2026-02-20,Xx-zobam,Donn Cantrell
GTX Pro - Plusstrip (MCWDHOBT),594948,won,2025-11-22,2026-02-13,Plusstrip,Elease Gluck
GTX Pro - Domzoom (GDZV8N5W),621909,lost,2025-11-22,2026-02-20,Domzoom,Gladys Colclough
GTX Plus Pro - New prospect (X1D1HYMM),707178,qualified,2025-11-22,,,James Ascencio
GTX Plus Basic - Goodsilron (F4FLJ0WW),141384,lost,2025-11-22,2026-02-20,Goodsilron,James Ascencio
MG Advanced - Dontechi (P3VM7655),423249,won,2025-11-22,2026-01-31,Dontechi,Jonathan Berthelot
GTX Basic - Finjob (5QU60VGE),70950,lost,2025-11-22,2025-12-07,Finjob,Kami Bicknell
GTX Plus Basic - Labdrill (3CLBPMYZ),141384,lost,2025-11-22,2025-12-03,Labdrill,Kami Bicknell
MG Special - Rantouch (G17JEA75),7611,won,2025-11-22,2025-12-06,Rantouch,Kami Bicknell
GTX Plus Basic - Scottech (BGU0JJ9X),139449,won,2025-11-22,2026-03-27,Scottech,Marty Freudenburg
GTX Plus Basic - Zumgoity (U02OIJGK),124098,won,2025-11-22,2026-02-03,Zumgoity,Marty Freudenburg
GTX Plus Basic - Codehow (3N7ZXGMF),144867,won,2025-11-22,2025-12-01,Codehow,Niesha Huffines
MG Advanced - Xx-zobam (0QHI3KG5),396675,won,2025-11-22,2026-03-07,Xx-zobam,Reed Clapper
MG Special - Condax (0WWDVOM3),6450,won,2025-11-22,2026-02-03,Condax,Rosalina Dieter
MG Special - Dalttechnology (QPPUCKFM),6063,won,2025-11-22,2025-12-01,Dalttechnology,Rosalina Dieter
MG Special - Globex Corporation (VGE4M1C9),7095,lost,2025-11-22,2025-12-03,Globex Corporation,Versie Hillebrand
GTX Plus Pro - Betatech (56XQOTXV),579726,won,2025-11-22,2026-02-11,Betatech,Versie Hillebrand
MG Special - Hottechi (1JC9DMNJ),7095,lost,2025-11-22,2026-01-31,Hottechi,Vicki Laflamme
MG Special - Singletechno (AK2LRFXF),7869,won,2025-11-22,2025-12-06,Singletechno,Vicki Laflamme
MG Advanced - Goodsilron (UCK7JRXG),440922,won,2025-11-22,2026-02-07,Goodsilron,Vicki Laflamme
MG Advanced - New prospect (GVYF29NM),437697,qualified,2025-11-22,,,Violet Mclelland
GTX Plus Pro - New prospect (DN6SG3US),707178,qualified,2025-11-22,,,Wilburn Farren
MG Advanced - Konex (WM30CUBE),430344,won,2025-11-22,2026-02-27,Konex,Wilburn Farren
GTX Plus Basic - New prospect (EW28ZONV),141384,qualified,2025-11-22,,,Zane Levy
GTX Basic - Betatech (8DWOWB6Y),70950,lost,2025-11-23,2025-12-11,Betatech,Anna Snelling
GTX Plus Pro - Mathtouch (BGNB966A),614814,won,2025-11-23,2025-12-08,Mathtouch,Boris Faz
MG Advanced - Plussunin (4Q4CLZCH),437697,lost,2025-11-23,2026-03-07,Plussunin,Corliss Cosme
GTX Basic - Ganjaflex (YQ24IWRQ),76368,won,2025-11-23,2026-02-21,Ganjaflex,Daniell Hammack
GTX Basic - Iselectrics (Z30RS0CL),70950,lost,2025-11-23,2026-02-26,Iselectrics,Donn Cantrell
MG Special - Green-Plus (FRB34F3W),7095,lost,2025-11-23,2026-02-18,Green-Plus,Elease Gluck
GTX Pro - Treequote (CGEHFK9N),621909,lost,2025-11-23,2026-02-23,Treequote,Gladys Colclough
GTX Pro - Dontechi (4A189ZAB),663318,won,2025-11-23,2026-03-05,Dontechi,Gladys Colclough
GTX Plus Basic - Cheers (0HELH2Q0),141384,lost,2025-11-23,2026-02-23,Cheers,James Ascencio
GTX Plus Pro - Blackzim (9E8A7MQ8),707178,qualified,2025-11-23,,Blackzim,Kary Hendrixson
MG Advanced - Gogozoom (HG5P21RO),437697,lost,2025-11-23,2026-02-02,Gogozoom,Lajuana Vencill
GTX Plus Basic - Plexzap (MGP9HCUL),141384,lost,2025-11-23,2026-03-13,Plexzap,Markita Hansen
GTX Plus Basic - New prospect (HVZMZW96),141384,qualified,2025-11-23,,,Maureen Marcano
GTX Plus Basic - New prospect (1H1YDS7C),141384,qualified,2025-11-23,,,Maureen Marcano
MG Advanced - Bluth Company (FZC2J90W),437697,qualified,2025-11-23,,Bluth Company,Maureen Marcano
GTX Plus Basic - Faxquote (XX84TIMO),141384,lost,2025-11-23,2026-03-23,Faxquote,Maureen Marcano
MG Special - Nam-zim (2JFS8EGS),7095,lost,2025-11-23,2026-01-28,Nam-zim,Maureen Marcano
GTX Basic - Dontechi (GBMHNLRO),85140,won,2025-11-23,2025-12-10,Dontechi,Moses Frase
GTX Basic - Rundofase (NAVG0P26),57147,won,2025-11-23,2026-02-20,Rundofase,Moses Frase
MG Special - Codehow (DK955UBP),7095,lost,2025-11-23,2026-02-14,Codehow,Niesha Huffines
GTX Plus Pro - Zotware (0OOZE4GN),707178,lost,2025-11-23,2025-11-28,Zotware,Rosie Papadopoulos
MG Special - The New York Inquirer (3P0T15VX),7095,lost,2025-11-23,2026-02-12,The New York Inquirer,Rosie Papadopoulos
MG Special - Domzoom (GK0A4IQW),7869,won,2025-11-23,2026-03-15,Domzoom,Versie Hillebrand
GTX Plus Basic - New prospect (UI3DE2C4),141384,qualified,2025-11-23,,,Zane Levy
GTX Plus Pro - Y-corporation (UXJSIAVS),625134,won,2025-11-23,2025-12-09,Y-corporation,Zane Levy
GTX Basic - dambase (KR4K652E),74046,won,2025-11-24,2026-03-01,dambase,Anna Snelling
GTX Basic - Ganjaflex (J2SR2H1Y),70950,lost,2025-11-24,2026-03-15,Ganjaflex,Cassey Cress
GTX Pro - Sumace (4U5VTUJL),621909,lost,2025-11-24,2026-02-16,Sumace,Cassey Cress
GTX Basic - Conecom (VTT447YT),64113,won,2025-11-24,2026-01-28,Conecom,Cecily Lampkin
GTX Basic - Xx-zobam (8JJY9B08),70950,lost,2025-11-24,2026-01-29,Xx-zobam,Corliss Cosme
GTX Plus Pro - Konex (STTAXKIU),665511,won,2025-11-24,2026-02-24,Konex,Corliss Cosme
GTX Plus Basic - Y-corporation (25FUROM1),141384,qualified,2025-11-24,,Y-corporation,Daniell Hammack
MG Special - Codehow (PX4OW5SC),7095,lost,2025-11-24,2026-01-27,Codehow,Darcel Schlecht
GTX Pro - Conecom (87MEZS8G),556119,won,2025-11-24,2026-02-07,Conecom,Darcel Schlecht
GTX Basic - Ganjaflex (SLIWHUIM),78561,won,2025-11-24,2026-02-16,Ganjaflex,Donn Cantrell
GTX Plus Basic - Cancity (XBVFZ1IR),130032,won,2025-11-24,2026-03-21,Cancity,Gladys Colclough
GTX Pro - Zumgoity (7B3J333S),575082,won,2025-11-24,2026-03-19,Zumgoity,Gladys Colclough
MG Advanced - New prospect (9X2S0K15),437697,qualified,2025-11-24,,,Hayden Neloms
MG Advanced - Plexzap (3N9I1WH7),382356,won,2025-11-24,2026-02-20,Plexzap,Hayden Neloms
GTX Plus Pro - Lexiqvolax (TMW4J6NA),707178,lost,2025-11-24,2026-03-01,Lexiqvolax,James Ascencio
MG Advanced - Dalttechnology (ZI1MPYF3),491877,won,2025-11-24,2026-03-02,Dalttechnology,James Ascencio
GTX Basic - Rundofase (L6KOBEBZ),68112,won,2025-11-24,2026-02-21,Rundofase,Jonathan Berthelot
GTX Plus Basic - Rantouch (Z2S4KUPO),151317,won,2025-11-24,2025-12-05,Rantouch,Kary Hendrixson
GTX Pro - Kan-code (GIW1PN4L),502197,won,2025-11-24,2026-03-16,Kan-code,Kary Hendrixson
GTX Pro - Sonron (E57F5Z2K),603462,won,2025-11-24,2025-12-10,Sonron,Kary Hendrixson
GTX Basic - Bioholding (38KKSE72),68370,won,2025-11-24,2026-02-26,Bioholding,Lajuana Vencill
MG Special - Sunnamplex (0GJ586J0),7095,lost,2025-11-24,2025-12-09,Sunnamplex,Markita Hansen
GTK 500 - Goodsilron (4V0S4BA3),3820593,won,2025-11-24,2026-03-24,Goodsilron,Markita Hansen
GTX Plus Basic - Isdom (1LTD5TKV),132612,won,2025-11-24,2026-02-03,Isdom,Marty Freudenburg
MG Advanced - Domzoom (VBM56CIF),369327,won,2025-11-24,2026-03-25,Domzoom,Marty Freudenburg
GTX Plus Basic - New prospect (XRZVJPD5),141384,qualified,2025-11-24,,,Maureen Marcano
MG Advanced - Codehow (PDH2NPE1),530061,won,2025-11-24,2026-03-25,Codehow,Moses Frase
GTX Basic - Betatech (OV60VIBB),70950,lost,2025-11-24,2026-02-02,Betatech,Niesha Huffines
GTX Plus Basic - Kan-code (2OAIXF3A),142674,won,2025-11-24,2025-12-08,Kan-code,Reed Clapper
MG Special - New prospect (QDGUWTLU),7095,qualified,2025-11-24,,,Rosalina Dieter
MG Special - Bubba Gump (FBSEA94D),6837,won,2025-11-24,2026-03-27,Bubba Gump,Rosie Papadopoulos
MG Special - Globex Corporation (EOB01PRO),6063,won,2025-11-24,2026-02-08,Globex Corporation,Versie Hillebrand
MG Advanced - Kan-code (5QC9H4C2),483621,won,2025-11-24,2026-02-17,Kan-code,Violet Mclelland
MG Advanced - Ontomedia (3HGQ3BOY),542316,won,2025-11-24,2026-02-21,Ontomedia,Violet Mclelland
MG Advanced - Umbrella Corporation (CO6ZPH1W),514194,won,2025-11-25,2026-03-12,Umbrella Corporation,Cassey Cress
GTX Pro - Donquadtech (M3WTE943),658545,won,2025-11-25,2026-03-02,Donquadtech,Daniell Hammack
GTX Basic - Genco Pura Olive Oil Company (X914SMX7),66564,won,2025-11-25,2026-03-19,Genco Pura Olive Oil Company,Darcel Schlecht
GTX Pro - Rundofase (1MCE2AOV),568503,won,2025-11-25,2026-02-27,Rundofase,Darcel Schlecht
MG Advanced - Zathunicon (8061HKKB),398223,won,2025-11-25,2026-03-16,Zathunicon,Donn Cantrell
GTX Plus Pro - Inity (T1HIH384),687699,won,2025-11-25,2026-02-09,Inity,Gladys Colclough
MG Advanced - Condax (FM2NX2GB),524901,won,2025-11-25,2026-01-30,Condax,Hayden Neloms
GTX Plus Pro - New prospect (JSZZN48S),707178,qualified,2025-11-25,,,James Ascencio
GTX Basic - Hatfan (SJ45HNHM),59727,won,2025-11-25,2026-03-26,Hatfan,James Ascencio
GTX Plus Pro - Faxquote (NYGZJYCJ),725625,won,2025-11-25,2026-02-20,Faxquote,James Ascencio
GTX Basic - Rundofase (6MMFIIGE),67596,won,2025-11-25,2026-03-12,Rundofase,Lajuana Vencill
GTX Basic - Cheers (IJ817GQJ),70950,lost,2025-11-25,2026-02-06,Cheers,Markita Hansen
MG Special - Bioplex (F2B62IW4),7095,qualified,2025-11-25,,Bioplex,Maureen Marcano
MG Special - Genco Pura Olive Oil Company (PCRRS6JP),7095,lost,2025-11-25,2026-02-22,Genco Pura Olive Oil Company,Moses Frase
GTX Plus Basic - Zencorporation (NKL5SWX3),149769,won,2025-11-25,2026-02-26,Zencorporation,Reed Clapper
GTX Plus Pro - Mathtouch (WVG1CIHX),779934,won,2025-11-25,2026-02-28,Mathtouch,Reed Clapper
MG Special - Dontechi (7GRNFO6D),6321,won,2025-11-25,2026-02-12,Dontechi,Versie Hillebrand
MG Special - Conecom (G0QKNVIJ),6579,won,2025-11-26,2026-02-22,Conecom,Anna Snelling
MG Advanced - Hottechi (6HRIX06M),440535,won,2025-11-26,2026-03-23,Hottechi,Anna Snelling
MG Special - Kinnamplus (DEHQTB8B),7095,qualified,2025-11-26,,Kinnamplus,Boris Faz
GTX Plus Basic - Kan-code (AM5YTMH3),135837,won,2025-11-26,2025-12-05,Kan-code,Boris Faz
GTX Plus Basic - Betasoloin (2L5ZWLI7),141384,lost,2025-11-26,2026-02-19,Betasoloin,Cassey Cress
GTX Pro - Donquadtech (6B6Q8C5S),653772,won,2025-11-26,2025-12-10,Donquadtech,Cassey Cress
GTX Pro - Massive Dynamic (DF4KYH5H),549024,won,2025-11-26,2026-03-27,Massive Dynamic,Cassey Cress
GTX Pro - New prospect (KVR52YDI),621909,qualified,2025-11-26,,,Corliss Cosme
MG Advanced - Treequote (JTDV6H65),437697,lost,2025-11-26,2026-02-02,Treequote,Darcel Schlecht
GTX Basic - Genco Pura Olive Oil Company (O8JF46GT),84753,won,2025-11-26,2025-12-07,Genco Pura Olive Oil Company,Darcel Schlecht
MG Special - Stanredtax (RK5Y67V6),7740,won,2025-11-26,2025-12-03,Stanredtax,Darcel Schlecht
GTX Basic - Opentech (COWOZH43),70950,lost,2025-11-26,2026-02-23,Opentech,Donn Cantrell
GTX Plus Pro - Hottechi (DGIYD342),707178,lost,2025-11-26,2026-02-04,Hottechi,Elease Gluck
GTX Basic - Silis (JSSGVBVS),70950,lost,2025-11-26,2026-01-30,Silis,Garret Kinder
GTX Basic - Plussunin (V28NVD6A),81141,won,2025-11-26,2026-01-26,Plussunin,Garret Kinder
MG Advanced - Hottechi (I1IAVDQM),437697,lost,2025-11-26,2026-02-17,Hottechi,Gladys Colclough
MG Advanced - Treequote (4MC584U5),526578,won,2025-11-26,2026-02-27,Treequote,Gladys Colclough
GTX Plus Basic - Rundofase (MCYLHUCZ),134676,won,2025-11-26,2026-02-25,Rundofase,Lajuana Vencill
MG Advanced - Inity (5E4DTWHV),437697,lost,2025-11-26,2026-03-08,Inity,Marty Freudenburg
GTX Plus Basic - Rantouch (1VUBYV53),132225,won,2025-11-26,2025-12-16,Rantouch,Maureen Marcano
GTX Basic - Streethex (W03CXYET),59985,won,2025-11-26,2026-03-14,Streethex,Moses Frase
MG Special - Konmatfix (LZVFFQLN),6450,won,2025-11-26,2026-03-11,Konmatfix,Moses Frase
GTX Plus Pro - Vehement Capital Partners (MFV0C5RN),715692,won,2025-11-26,2025-12-04,Vehement Capital Partners,Reed Clapper
MG Advanced - Kan-code (A1WZEK7U),458982,won,2025-11-26,2026-02-28,Kan-code,Reed Clapper
MG Advanced - Singletechno (516FJUNB),510711,won,2025-11-26,2025-12-02,Singletechno,Rosalina Dieter
MG Special - Ron-tech (PE8DK02A),6321,won,2025-11-26,2025-12-12,Ron-tech,Versie Hillebrand
MG Special - Warephase (10NTPQUY),6450,won,2025-11-26,2026-03-13,Warephase,Versie Hillebrand
GTX Basic - Xx-holding (X2EXSMPR),67467,won,2025-11-26,2025-12-03,Xx-holding,Vicki Laflamme
GTX Plus Basic - Zoomit (JCFQVIEG),140094,won,2025-11-26,2026-02-26,Zoomit,Vicki Laflamme
GTX Pro - Goodsilron (XIWKGJOW),573405,won,2025-11-26,2025-12-04,Goodsilron,Vicki Laflamme
GTX Basic - Xx-holding (STT3X4NB),70950,qualified,2025-11-26,,Xx-holding,Violet Mclelland
GTX Pro - Umbrella Corporation (DHGLWIDZ),613524,won,2025-11-26,2026-03-21,Umbrella Corporation,Violet Mclelland
MG Special - Gekko & Co (74VGCEEW),8643,won,2025-11-26,2026-03-16,Gekko & Co,Violet Mclelland
MG Advanced - Iselectrics (MXTAIS4Q),488007,won,2025-11-26,2026-03-06,Iselectrics,Wilburn Farren
GTX Pro - New prospect (XRDF1NAB),621909,qualified,2025-11-26,,,Zane Levy
GTX Basic - Doncon (YP8QKKEZ),70950,lost,2025-11-26,2026-02-25,Doncon,Zane Levy
GTX Plus Pro - Rantouch (3TSOEM5K),707178,lost,2025-11-26,2026-03-24,Rantouch,Zane Levy
MG Advanced - Dontechi (G7RCJBVL),437697,lost,2025-11-27,2026-02-25,Dontechi,Anna Snelling
GTX Basic - Conecom (G20IQSA3),67338,won,2025-11-27,2025-12-07,Conecom,Anna Snelling
GTX Plus Basic - Kinnamplus (Q16BQCEL),129129,won,2025-11-27,2025-12-13,Kinnamplus,Boris Faz
GTX Plus Pro - Betatech (9924I5ZF),738912,won,2025-11-27,2026-02-19,Betatech,Cecily Lampkin
GTX Plus Pro - Codehow (SLLJT3T1),626424,won,2025-11-27,2026-03-16,Codehow,Darcel Schlecht
GTX Pro - Cancity (AAEUN73V),718530,won,2025-11-27,2026-02-20,Cancity,Darcel Schlecht
MG Advanced - Conecom (32LY2D1K),470463,won,2025-11-27,2026-02-20,Conecom,Darcel Schlecht
GTX Basic - Mathtouch (S2UWELRW),62823,won,2025-11-27,2026-03-08,Mathtouch,Donn Cantrell
GTX Plus Basic - Donquadtech (5VQRLIEZ),150414,won,2025-11-27,2026-03-09,Donquadtech,Donn Cantrell
MG Advanced - New prospect (WUNMIJW9),437697,qualified,2025-11-27,,,Elease Gluck
GTX Basic - Scottech (6U0CT07B),76755,won,2025-11-27,2026-03-03,Scottech,Jonathan Berthelot
MG Special - Condax (DFN1V29L),6321,won,2025-11-27,2026-03-01,Condax,Kami Bicknell
GTX Basic - Xx-holding (VBZ862OS),77271,won,2025-11-27,2025-12-14,Xx-holding,Kary Hendrixson
GTX Pro - Kan-code (VFKKSJT2),581274,won,2025-11-27,2026-02-09,Kan-code,Kary Hendrixson
GTX Pro - Sunnamplex (FJMFXCTD),582048,won,2025-11-27,2026-01-31,Sunnamplex,Kary Hendrixson
GTX Basic - Gogozoom (LGLIB8TR),70950,lost,2025-11-27,2026-01-26,Gogozoom,Lajuana Vencill
GTX Plus Basic - Nam-zim (JREGYB42),142158,won,2025-11-27,2026-01-31,Nam-zim,Maureen Marcano
GTX Basic - New prospect (4V9NMGEA),70950,qualified,2025-11-27,,,Rosalina Dieter
GTX Basic - Rantouch (9PWM6RYC),70950,lost,2025-11-27,2026-03-07,Rantouch,Rosalina Dieter
MG Special - Condax (EMUA57Q2),6966,won,2025-11-27,2026-02-06,Condax,Versie Hillebrand
MG Special - Hottechi (DB3N4CHN),7998,won,2025-11-27,2025-12-12,Hottechi,Versie Hillebrand
GTX Basic - Rantouch (4CXUC4VR),70950,qualified,2025-11-27,,Rantouch,Vicki Laflamme
GTX Basic - New prospect (79EHWR35),70950,qualified,2025-11-27,,,Vicki Laflamme
MG Special - New prospect (L0GMLGRR),7095,qualified,2025-11-27,,,Vicki Laflamme
MG Special - The New York Inquirer (OF7GY5F4),7869,won,2025-11-27,2025-12-04,The New York Inquirer,Violet Mclelland
GTX Basic - New prospect (D3ZC338T),70950,qualified,2025-11-27,,,Zane Levy
GTX Pro - Singletechno (CVFJUYPM),621909,lost,2025-11-27,2026-02-17,Singletechno,Zane Levy
GTX Pro - Labdrill (L5807I4N),551733,won,2025-11-27,2025-12-11,Labdrill,Zane Levy
MG Special - Globex Corporation (Q1ZKBGV5),5934,won,2025-11-28,2026-02-17,Globex Corporation,Anna Snelling
MG Special - Rundofase (9JKODCAU),6966,won,2025-11-28,2026-03-19,Rundofase,Anna Snelling
GTX Plus Pro - Donquadtech (LELWKXDX),796317,won,2025-11-28,2026-03-05,Donquadtech,Boris Faz
GTX Pro - Globex Corporation (QRQ8C6MQ),621909,qualified,2025-11-28,,Globex Corporation,Cassey Cress
MG Advanced - Ganjaflex (DA95Q0VE),437697,lost,2025-11-28,2025-12-16,Ganjaflex,Cassey Cress
GTX Pro - Sumace (5HMZH1Z9),621909,lost,2025-11-28,2026-03-08,Sumace,Daniell Hammack
GTX Pro - Toughzap (05QMFSF0),621909,lost,2025-11-28,2026-02-10,Toughzap,Darcel Schlecht
GTX Plus Basic - Konmatfix (JE245P8R),148221,won,2025-11-28,2026-02-22,Konmatfix,Darcel Schlecht
GTX Basic - Silis (SFQMEZIW),70950,lost,2025-11-28,2026-01-29,Silis,Garret Kinder
GTX Plus Basic - Dontechi (B8RR21XP),141384,lost,2025-11-28,2025-12-11,Dontechi,Jonathan Berthelot
GTX Pro - New prospect (ZG8WPG99),621909,qualified,2025-11-28,,,Kary Hendrixson
GTX Basic - Goodsilron (U85VV1BU),73272,won,2025-11-28,2026-02-16,Goodsilron,Kary Hendrixson
GTX Basic - J-Texon (V6HB68BL),73143,won,2025-11-28,2026-02-24,J-Texon,Kary Hendrixson
GTX Basic - Genco Pura Olive Oil Company (H9JPB7GW),69918,won,2025-11-28,2025-12-04,Genco Pura Olive Oil Company,Lajuana Vencill
GTX Basic - Conecom (8LFNU39A),70950,lost,2025-11-28,2026-02-22,Conecom,Marty Freudenburg
GTX Plus Basic - Funholding (SWPTTVQZ),136998,won,2025-11-28,2025-12-11,Funholding,Marty Freudenburg
GTX Plus Basic - Fasehatice (GKJLM1UR),136353,won,2025-11-28,2025-12-08,Fasehatice,Maureen Marcano
GTX Plus Basic - Globex Corporation (8L1ZHTPL),131580,won,2025-11-28,2026-02-26,Globex Corporation,Moses Frase
MG Special - New prospect (U7M26UZV),7095,qualified,2025-11-28,,,Vicki Laflamme
GTX Plus Pro - New prospect (TV300INP),707178,qualified,2025-11-28,,,Wilburn Farren
GTX Basic - New prospect (KBQ16F1I),70950,qualified,2025-11-28,,,Zane Levy
GTX Basic - Green-Plus (4XX690SP),69015,won,2025-11-28,2026-02-05,Green-Plus,Zane Levy
GTX Basic - Codehow (JSDGELLK),67338,won,2025-11-29,2026-03-10,Codehow,Anna Snelling
GTX Basic - Rangreen (LV1754PS),70176,won,2025-11-29,2026-02-08,Rangreen,Anna Snelling
MG Advanced - Genco Pura Olive Oil Company (JIYYV11P),397449,won,2025-11-29,2026-03-04,Genco Pura Olive Oil Company,Anna Snelling
MG Advanced - New prospect (FYN7C0CV),437697,qualified,2025-11-29,,,Cassey Cress
MG Special - dambase (6TB7XA83),6579,won,2025-11-29,2026-02-12,dambase,Cecily Lampkin
GTX Plus Basic - Zencorporation (U5UM9W8V),141384,lost,2025-11-29,2026-02-03,Zencorporation,Corliss Cosme
GTX Basic - New prospect (5JDWBOLS),70950,qualified,2025-11-29,,,Daniell Hammack
GTX Plus Basic - Acme Corporation (POB32WHJ),141384,lost,2025-11-29,2026-01-31,Acme Corporation,Daniell Hammack
GTX Plus Basic - Streethex (4T8KR12S),138804,won,2025-11-29,2025-12-15,Streethex,Darcel Schlecht
MG Advanced - Y-corporation (JA0D4V57),475365,won,2025-11-29,2026-02-03,Y-corporation,James Ascencio
GTX Plus Basic - Hottechi (6CKB8I8U),141384,lost,2025-11-29,2026-02-07,Hottechi,Jonathan Berthelot
GTX Pro - Golddex (HKBAON9X),515613,won,2025-11-29,2026-02-12,Golddex,Kami Bicknell
MG Special - Y-corporation (7S1N6QHI),6579,won,2025-11-29,2025-12-13,Y-corporation,Kami Bicknell
MG Advanced - Sunnamplex (CHI2T3IH),408156,won,2025-11-29,2025-12-16,Sunnamplex,Kami Bicknell
GTX Basic - Funholding (X7HK448T),63984,won,2025-11-29,2026-03-19,Funholding,Lajuana Vencill
MG Advanced - Faxquote (1YYN3PBU),437697,lost,2025-11-29,2026-02-07,Faxquote,Markita Hansen
GTX Basic - Stanredtax (R4L36Y0P),74691,won,2025-11-29,2025-12-21,Stanredtax,Marty Freudenburg
GTX Basic - Xx-holding (CPTEPYPZ),70950,lost,2025-11-29,2026-02-14,Xx-holding,Maureen Marcano
GTX Pro - Bioholding (AJJ7VJWA),621909,lost,2025-11-29,2026-01-27,Bioholding,Niesha Huffines
GTX Pro - Treequote (8BR6E4S6),621909,lost,2025-11-29,2026-02-21,Treequote,Niesha Huffines
GTX Basic - Kan-code (YNKWBEEN),67209,won,2025-11-29,2026-03-24,Kan-code,Reed Clapper
MG Advanced - Gekko & Co (SARVIBLS),501681,won,2025-11-29,2025-12-02,Gekko & Co,Reed Clapper
MG Advanced - Plussunin (M4ZNQTEQ),430860,won,2025-11-29,2025-12-07,Plussunin,Rosie Papadopoulos
MG Special - Finhigh (K0GWTWYL),7095,lost,2025-11-29,2025-12-15,Finhigh,Versie Hillebrand
GTX Pro - Cheers (TCSQO748),621909,lost,2025-11-29,2026-02-05,Cheers,Vicki Laflamme
GTX Pro - Acme Corporation (7TI1WTV9),621909,qualified,2025-11-29,,Acme Corporation,Zane Levy
GTX Pro - New prospect (01EH41WA),621909,qualified,2025-11-29,,,Zane Levy
GTX Pro - Blackzim (ITCY8YV0),758004,won,2025-11-29,2026-03-08,Blackzim,Zane Levy
GTX Plus Pro - Toughzap (SAUAOZVO),656868,won,2025-11-30,2026-02-23,Toughzap,Anna Snelling
GTX Plus Basic - Massive Dynamic (1XHLB0Q5),141384,lost,2025-11-30,2026-02-03,Massive Dynamic,Boris Faz
MG Advanced - New prospect (71GQNH5T),437697,qualified,2025-11-30,,,Cassey Cress
GTX Basic - New prospect (LSA39JBG),70950,qualified,2025-11-30,,,Daniell Hammack
GTX Plus Basic - Acme Corporation (OJVA8ZEK),124614,won,2025-11-30,2026-03-05,Acme Corporation,Daniell Hammack
GTX Plus Pro - Opentech (UAX3F7D4),777096,won,2025-11-30,2025-12-16,Opentech,Daniell Hammack
MG Advanced - Condax (7PDUWDGT),484911,won,2025-11-30,2025-12-09,Condax,Daniell Hammack
GTX Pro - Streethex (QWJ2TRQM),621909,lost,2025-11-30,2026-02-18,Streethex,Darcel Schlecht
GTX Pro - Donquadtech (3AU5SZ3V),573147,won,2025-11-30,2025-12-18,Donquadtech,Donn Cantrell
MG Advanced - Cheers (BVOO33UA),438213,won,2025-11-30,2026-03-25,Cheers,Hayden Neloms
GTX Plus Pro - Singletechno (SC7XGQVA),707178,lost,2025-11-30,2025-12-10,Singletechno,James Ascencio
MG Special - Sunnamplex (UY45Y7AM),7095,lost,2025-11-30,2026-02-08,Sunnamplex,James Ascencio
MG Special - Domzoom (M92Y63Q3),7611,won,2025-11-30,2026-01-30,Domzoom,Jonathan Berthelot
GTX Basic - New prospect (AKTPC3M1),70950,qualified,2025-11-30,,,Kami Bicknell
GTX Basic - Cancity (JXAYTFNI),70950,lost,2025-11-30,2026-02-06,Cancity,Lajuana Vencill
GTX Basic - dambase (BMM5D5R4),70950,lost,2025-11-30,2026-02-15,dambase,Lajuana Vencill
GTX Basic - Rangreen (PSGTTYUT),63726,won,2025-11-30,2026-03-03,Rangreen,Lajuana Vencill
GTX Plus Basic - Codehow (JRC2PMKX),136740,won,2025-11-30,2026-02-10,Codehow,Lajuana Vencill
MG Special - Blackzim (JA5G7YBO),7095,qualified,2025-11-30,,Blackzim,Markita Hansen
MG Special - Scottech (6M5LV1ZE),7095,lost,2025-11-30,2026-02-20,Scottech,Marty Freudenburg
MG Special - Bioplex (CZ8PPZTC),7095,qualified,2025-11-30,,Bioplex,Rosie Papadopoulos
MG Special - Vehement Capital Partners (IBZQBCSU),7095,lost,2025-11-30,2026-02-13,Vehement Capital Partners,Rosie Papadopoulos
GTX Basic - Domzoom (YABTM1G5),70950,lost,2025-11-30,2026-02-24,Domzoom,Versie Hillebrand
GTX Basic - Faxquote (FPTH6URQ),80496,won,2025-11-30,2026-02-05,Faxquote,Vicki Laflamme
GTX Basic - Goodsilron (S3XE14XP),72885,won,2025-11-30,2026-02-02,Goodsilron,Vicki Laflamme
GTX Basic - Konex (U6Q0T9KV),82818,won,2025-11-30,2026-03-11,Konex,Vicki Laflamme
MG Advanced - Newex (YQ0Y0YQS),437697,qualified,2025-11-30,,Newex,Violet Mclelland
MG Special - Betasoloin (HRWHRCH8),6192,won,2025-11-30,2025-12-09,Betasoloin,Violet Mclelland
MG Special - Donware (8B29CRQL),7740,won,2025-11-30,2026-02-13,Donware,Violet Mclelland
GTX Basic - Kan-code (3KM8WN7L),67338,won,2025-12-01,2026-02-12,Kan-code,Boris Faz
GTX Basic - New prospect (5Z8S8UHK),70950,qualified,2025-12-01,,,Cassey Cress
GTX Plus Pro - Umbrella Corporation (S0XILDHQ),606429,won,2025-12-01,2025-12-13,Umbrella Corporation,Cassey Cress
GTX Plus Pro - Scottech (ZVR3CS7N),707178,lost,2025-12-01,2026-02-14,Scottech,Darcel Schlecht
GTX Pro - Singletechno (AZH0INTS),643323,won,2025-12-01,2025-12-08,Singletechno,Elease Gluck
GTX Basic - Inity (9AMJKJX6),74691,won,2025-12-01,2026-02-25,Inity,Jonathan Berthelot
MG Special - New prospect (NMKAJZJ4),7095,qualified,2025-12-01,,,Kary Hendrixson
GTX Basic - Kan-code (3NQBMKOK),63726,won,2025-12-01,2026-03-26,Kan-code,Kary Hendrixson
GTX Basic - Isdom (VBG91TQH),70305,won,2025-12-01,2026-03-08,Isdom,Marty Freudenburg
GTX Basic - Y-corporation (QZE24X2H),75336,won,2025-12-01,2026-02-26,Y-corporation,Maureen Marcano
MG Advanced - dambase (WSPBQ5YR),479106,won,2025-12-01,2026-03-06,dambase,Moses Frase
MG Advanced - Finhigh (YJJ1BLPQ),441567,won,2025-12-01,2026-02-09,Finhigh,Niesha Huffines
MG Advanced - Ron-tech (XUGTSB00),408543,won,2025-12-01,2025-12-14,Ron-tech,Niesha Huffines
GTX Basic - Acme Corporation (3DKK3JF3),70950,lost,2025-12-01,2026-02-23,Acme Corporation,Reed Clapper
GTX Plus Basic - Xx-holding (I0TSIELX),127323,won,2025-12-01,2026-02-23,Xx-holding,Rosalina Dieter
GTX Plus Basic - New prospect (SX0SSL0H),141384,qualified,2025-12-01,,,Rosie Papadopoulos
MG Advanced - Konex (420PORSF),437697,lost,2025-12-01,2026-03-03,Konex,Rosie Papadopoulos
MG Advanced - Domzoom (DVCPCBMJ),437697,lost,2025-12-01,2026-02-15,Domzoom,Versie Hillebrand
MG Advanced - Dontechi (UMZ986GC),442212,won,2025-12-01,2026-02-18,Dontechi,Versie Hillebrand
MG Special - Warephase (I7BWM5O0),7095,qualified,2025-12-01,,Warephase,Violet Mclelland
MG Special - Gekko & Co (UPQRP36U),7095,lost,2025-12-01,2026-02-16,Gekko & Co,Violet Mclelland
GTX Plus Basic - Hottechi (RZI9HX5X),148221,won,2025-12-01,2026-02-25,Hottechi,Zane Levy
GTX Plus Pro - Globex Corporation (WFJPWN9O),776967,won,2025-12-02,2026-03-08,Globex Corporation,Anna Snelling
GTX Basic - New prospect (6F79VYH8),70950,qualified,2025-12-02,,,Boris Faz
GTX Plus Basic - New prospect (ZQ4QTT1Z),141384,qualified,2025-12-02,,,Boris Faz
GTX Basic - Bluth Company (2WH4NUR9),70950,lost,2025-12-02,2026-03-01,Bluth Company,Cassey Cress
MG Special - Scottech (S93L97VV),6063,won,2025-12-02,2025-12-12,Scottech,Cecily Lampkin
GTX Basic - Donquadtech (HRU8FNE1),69918,won,2025-12-02,2025-12-05,Donquadtech,Corliss Cosme
GTX Pro - Xx-zobam (JDFN8AZI),642420,won,2025-12-02,2025-12-11,Xx-zobam,Corliss Cosme
GTX Pro - Funholding (11EK1VP7),642162,won,2025-12-02,2026-02-22,Funholding,Darcel Schlecht
GTX Pro - Vehement Capital Partners (50HQRWGJ),678024,won,2025-12-02,2026-03-07,Vehement Capital Partners,Donn Cantrell
GTX Pro - Hottechi (N90VSHI2),558183,won,2025-12-02,2026-03-04,Hottechi,Elease Gluck
GTX Pro - Donware (21PRD9FN),647838,won,2025-12-02,2026-02-09,Donware,Garret Kinder
GTX Plus Pro - Bioholding (ITIQJARB),630423,won,2025-12-02,2025-12-06,Bioholding,Gladys Colclough
MG Advanced - Stanredtax (EAUV9J9L),480396,won,2025-12-02,2025-12-16,Stanredtax,Gladys Colclough
GTX Plus Basic - New prospect (9A4H9IAC),141384,qualified,2025-12-02,,,James Ascencio
GTX Basic - Y-corporation (XWEZ1WNK),69015,won,2025-12-02,2025-12-06,Y-corporation,James Ascencio
GTX Basic - Dontechi (ZTLLHCBU),70950,qualified,2025-12-02,,Dontechi,Kary Hendrixson
GTX Plus Pro - Blackzim (JTSUYWUD),707178,lost,2025-12-02,2026-02-18,Blackzim,Kary Hendrixson
MG Advanced - Singletechno (CJ5U6GX3),512001,won,2025-12-02,2025-12-10,Singletechno,Markita Hansen
GTX Plus Basic - Blackzim (SLYFFVBE),141384,qualified,2025-12-02,,Blackzim,Maureen Marcano
GTX Plus Pro - Toughzap (HDUV7VJN),877845,won,2025-12-02,2025-12-08,Toughzap,Moses Frase
GTX Plus Basic - Isdom (5OCY2XME),153510,won,2025-12-02,2026-03-09,Isdom,Niesha Huffines
GTX Plus Pro - Condax (1YB00UYY),621909,won,2025-12-02,2026-02-23,Condax,Rosie Papadopoulos
GTX Basic - Dalttechnology (NCMT5KK3),70950,qualified,2025-12-02,,Dalttechnology,Vicki Laflamme
MG Special - Kinnamplus (Y23HQJRG),6837,won,2025-12-02,2026-01-31,Kinnamplus,Violet Mclelland
GTX Plus Basic - New prospect (81FNO0VM),141384,qualified,2025-12-02,,,Wilburn Farren
MG Advanced - New prospect (RFQP9VCW),437697,qualified,2025-12-02,,,Wilburn Farren
GTX Pro - New prospect (NGCM47PC),621909,qualified,2025-12-02,,,Zane Levy
MG Advanced - Vehement Capital Partners (9HXSC391),398223,won,2025-12-03,2026-02-16,Vehement Capital Partners,Cassey Cress
MG Special - Bioholding (ENOMNCOJ),7611,won,2025-12-03,2026-02-28,Bioholding,Cecily Lampkin
GTX Plus Basic - Bubba Gump (CG4TWLUR),110553,won,2025-12-03,2026-02-27,Bubba Gump,Corliss Cosme
GTX Plus Basic - Massive Dynamic (0FIG6ZP2),147318,won,2025-12-03,2026-03-24,Massive Dynamic,Daniell Hammack
GTX Basic - Ganjaflex (IA62KQBO),73014,won,2025-12-03,2026-02-08,Ganjaflex,Donn Cantrell
MG Advanced - Xx-zobam (C54ZXDLT),553539,won,2025-12-03,2025-12-13,Xx-zobam,Garret Kinder
GTX Plus Basic - Rantouch (X96MMTCI),134031,won,2025-12-03,2026-03-13,Rantouch,Hayden Neloms
MG Advanced - Xx-holding (P4RDU8QM),406479,won,2025-12-03,2026-02-13,Xx-holding,Hayden Neloms
GTX Basic - Gogozoom (7C9Q2ZA3),76110,won,2025-12-03,2025-12-19,Gogozoom,Jonathan Berthelot
MG Advanced - Ron-tech (YZ1EYM3Y),414993,won,2025-12-03,2025-12-13,Ron-tech,Jonathan Berthelot
GTX Basic - Zoomit (M7J5BV9Q),77013,won,2025-12-03,2025-12-06,Zoomit,Kami Bicknell
GTX Pro - Newex (MDRX39D8),634422,won,2025-12-03,2026-02-05,Newex,Kary Hendrixson
GTX Pro - Scotfind (7GRFWF1U),679314,won,2025-12-03,2025-12-14,Scotfind,Kary Hendrixson
MG Advanced - Finhigh (EHP6OQ69),437697,lost,2025-12-03,2026-02-08,Finhigh,Lajuana Vencill
GTX Basic - Silis (JDXSS1HT),70950,qualified,2025-12-03,,Silis,Markita Hansen
GTX Basic - Singletechno (4R1NMA9E),70950,lost,2025-12-03,2026-02-11,Singletechno,Markita Hansen
MG Special - Blackzim (CDA8Y12G),7869,won,2025-12-03,2026-02-01,Blackzim,Markita Hansen
MG Advanced - Faxquote (RYLLRATF),447630,won,2025-12-03,2026-02-25,Faxquote,Markita Hansen
GTX Basic - Betatech (KEF5O2Q6),70950,lost,2025-12-03,2026-03-23,Betatech,Moses Frase
MG Special - Newex (Y38ULZPM),6192,won,2025-12-03,2026-02-22,Newex,Rosalina Dieter
MG Special - Acme Corporation (YFP8IZ98),7869,won,2025-12-03,2026-03-19,Acme Corporation,Rosie Papadopoulos
MG Special - Blackzim (U9CDTLZM),7095,lost,2025-12-03,2026-02-20,Blackzim,Vicki Laflamme
GTX Basic - Silis (V5AN4BZF),70950,lost,2025-12-03,2026-02-23,Silis,Violet Mclelland
GTX Basic - Y-corporation (58J6HCYK),70950,lost,2025-12-03,2026-03-02,Y-corporation,Zane Levy
GTX Plus Basic - Plusstrip (GDGR4C37),141384,lost,2025-12-03,2026-02-21,Plusstrip,Zane Levy
GTX Basic - Inity (COOYICXU),70950,lost,2025-12-04,2026-02-16,Inity,Anna Snelling
GTX Plus Pro - Hottechi (UALNIVAY),707178,lost,2025-12-04,2026-02-05,Hottechi,Anna Snelling
GTX Basic - Streethex (E5UW8AGQ),76755,won,2025-12-04,2026-03-08,Streethex,Anna Snelling
MG Special - Zumgoity (EWA9JFBA),6579,won,2025-12-04,2026-02-26,Zumgoity,Anna Snelling
MG Special - Opentech (99DK6OHX),7095,lost,2025-12-04,2026-03-05,Opentech,Boris Faz
GTX Pro - Kan-code (MK57PHV1),596496,won,2025-12-04,2026-02-19,Kan-code,Cassey Cress
GTX Plus Basic - New prospect (T1F2I8ED),141384,qualified,2025-12-04,,,Corliss Cosme
GTX Basic - Mathtouch (26CH1NDR),70950,qualified,2025-12-04,,Mathtouch,Daniell Hammack
GTX Basic - New prospect (ISAWVDYZ),70950,qualified,2025-12-04,,,Daniell Hammack
GTX Plus Basic - Finhigh (ZGZSYIJV),141384,lost,2025-12-04,2026-02-09,Finhigh,Darcel Schlecht
MG Special - Bioholding (6LI7FXQT),7095,lost,2025-12-04,2026-02-22,Bioholding,Darcel Schlecht
GTX Basic - Funholding (D01U0UR8),73659,won,2025-12-04,2026-03-14,Funholding,Darcel Schlecht
MG Advanced - Lexiqvolax (9LFX3HBC),429957,won,2025-12-04,2025-12-20,Lexiqvolax,Elease Gluck
GTX Plus Pro - Isdom (JP3IMU5X),626037,won,2025-12-04,2026-02-10,Isdom,Gladys Colclough
MG Special - Toughzap (5I8WOI8P),6579,won,2025-12-04,2026-03-05,Toughzap,Gladys Colclough
MG Special - Zotware (LJBQ7P0V),7095,qualified,2025-12-04,,Zotware,James Ascencio
MG Advanced - New prospect (ZRYPU2QW),437697,qualified,2025-12-04,,,James Ascencio
GTX Basic - Cheers (7C9BUYV0),70950,lost,2025-12-04,2026-02-17,Cheers,James Ascencio
GTX Pro - Cheers (GMVW87C4),649515,won,2025-12-04,2026-03-14,Cheers,Kami Bicknell
MG Special - Codehow (NY9ARKRE),6579,won,2025-12-04,2026-02-26,Codehow,Marty Freudenburg
GTX Pro - Dalttechnology (XO3XXR9X),560118,won,2025-12-04,2026-03-06,Dalttechnology,Maureen Marcano
MG Advanced - Codehow (8QBIFURM),437697,lost,2025-12-04,2025-12-08,Codehow,Versie Hillebrand
MG Special - New prospect (0A1LN7GB),7095,qualified,2025-12-04,,,Violet Mclelland
MG Special - Vehement Capital Partners (ZWAJWK40),6192,won,2025-12-04,2026-03-19,Vehement Capital Partners,Violet Mclelland
GTX Plus Pro - Kan-code (WQ0C723A),672735,won,2025-12-04,2026-02-12,Kan-code,Zane Levy
GTX Plus Basic - Streethex (RCQ32MXL),141384,lost,2025-12-05,2026-02-06,Streethex,Anna Snelling
MG Special - Gogozoom (396WP6JS),7482,won,2025-12-05,2025-12-14,Gogozoom,Anna Snelling
MG Advanced - Finhigh (57689GK9),462723,won,2025-12-05,2025-12-15,Finhigh,Cecily Lampkin
MG Advanced - Warephase (S2WDGIHL),376035,won,2025-12-05,2026-02-23,Warephase,Cecily Lampkin
GTX Pro - Konex (8VG88HMH),614298,won,2025-12-05,2026-03-25,Konex,Daniell Hammack
GTX Plus Basic - Gekko & Co (TF7HCU69),136998,won,2025-12-05,2026-03-09,Gekko & Co,Garret Kinder
GTX Plus Pro - Finhigh (0EX7ML4W),707178,lost,2025-12-05,2026-02-04,Finhigh,Gladys Colclough
GTX Plus Pro - New prospect (1B27CZ2M),707178,qualified,2025-12-05,,,James Ascencio
GTX Basic - New prospect (839AMI93),70950,qualified,2025-12-05,,,Kary Hendrixson
GTX Basic - New prospect (BFGASJAW),70950,qualified,2025-12-05,,,Kary Hendrixson
GTX Basic - Kan-code (5BSHJG7W),70950,lost,2025-12-05,2026-02-24,Kan-code,Kary Hendrixson
GTX Plus Pro - Kan-code (HW38EMKM),707178,lost,2025-12-05,2025-12-15,Kan-code,Maureen Marcano
MG Special - Inity (5XPYFICK),7095,qualified,2025-12-05,,Inity,Rosie Papadopoulos
MG Special - Massive Dynamic (B5QCN9H7),7095,lost,2025-12-05,2026-02-23,Massive Dynamic,Violet Mclelland
GTX Plus Basic - Zencorporation (X7M4GO0J),138546,won,2025-12-05,2026-03-25,Zencorporation,Violet Mclelland
MG Special - Newex (JYI35PPE),7095,lost,2025-12-05,2026-01-30,Newex,Zane Levy
MG Special - Inity (6XHE52MV),7095,lost,2025-12-06,2026-02-24,Inity,Anna Snelling
MG Special - Scottech (0YN6EALP),7353,won,2025-12-06,2025-12-12,Scottech,Anna Snelling
GTX Basic - Zotware (A4LUP6W6),75594,won,2025-12-06,2026-02-16,Zotware,Cassey Cress
GTX Plus Basic - Rundofase (KUK2H5MD),152736,won,2025-12-06,2026-03-10,Rundofase,Cecily Lampkin
GTX Basic - Silis (HTW9348H),70950,lost,2025-12-06,2026-02-13,Silis,Donn Cantrell
MG Advanced - New prospect (ILR33OAV),437697,qualified,2025-12-06,,,James Ascencio
GTX Plus Basic - Lexiqvolax (A6CE8BHR),141384,lost,2025-12-06,2026-03-05,Lexiqvolax,James Ascencio
GTX Basic - J-Texon (UI1UION3),67854,won,2025-12-06,2026-03-07,J-Texon,James Ascencio
GTX Plus Pro - Condax (ZPX96Q40),689376,won,2025-12-06,2026-03-09,Condax,James Ascencio
GTX Pro - Konex (I0CYLPNE),532125,won,2025-12-06,2026-02-16,Konex,James Ascencio
GTX Basic - Dalttechnology (FGH181PC),68112,won,2025-12-06,2026-03-03,Dalttechnology,Kami Bicknell
MG Advanced - Singletechno (8OBC9CQE),419766,won,2025-12-06,2025-12-21,Singletechno,Kami Bicknell
GTX Pro - Green-Plus (G3KFZ8KX),621909,lost,2025-12-06,2026-02-01,Green-Plus,Kary Hendrixson
GTX Basic - J-Texon (2Y84YR3K),66564,won,2025-12-06,2026-02-18,J-Texon,Kary Hendrixson
GTX Basic - Y-corporation (97QHOOWD),69402,won,2025-12-06,2025-12-22,Y-corporation,Kary Hendrixson
GTX Basic - Codehow (YL7XWUYO),59211,won,2025-12-06,2026-03-14,Codehow,Lajuana Vencill
GTX Basic - Cheers (VO8TFB31),70950,lost,2025-12-06,2026-03-23,Cheers,Maureen Marcano
GTX Pro - Sunnamplex (Q949MQ5W),662673,won,2025-12-06,2026-02-16,Sunnamplex,Maureen Marcano
MG Advanced - Konmatfix (HZU0L5GS),429570,won,2025-12-06,2026-03-01,Konmatfix,Moses Frase
GTX Basic - Conecom (8RF8XVYF),75981,won,2025-12-06,2026-02-04,Conecom,Versie Hillebrand
MG Special - Goodsilron (ZILYYA1V),5805,won,2025-12-06,2025-12-25,Goodsilron,Vicki Laflamme
MG Special - New prospect (BY2L60V1),7095,qualified,2025-12-06,,,Zane Levy
MG Special - Funholding (NH0WGTR4),7095,lost,2025-12-07,2026-02-19,Funholding,Anna Snelling
GTX Basic - Finjob (73HO9OZC),70950,qualified,2025-12-07,,Finjob,Cassey Cress
GTX Plus Pro - Opentech (WBJX6O2D),730656,won,2025-12-07,2026-03-08,Opentech,Cassey Cress
MG Advanced - Streethex (1IHNDN80),437697,lost,2025-12-07,2026-01-27,Streethex,Cecily Lampkin
GTX Plus Basic - Initech (T14K7M5G),138546,won,2025-12-07,2026-03-08,Initech,Corliss Cosme
GTX Plus Basic - Globex Corporation (XPP2Q5WQ),141384,lost,2025-12-07,2026-01-27,Globex Corporation,Darcel Schlecht
GTX Pro - Treequote (FM4LX5O0),621909,lost,2025-12-07,2026-02-20,Treequote,Darcel Schlecht
GTX Basic - Finjob (HG07756D),62049,won,2025-12-07,2025-12-26,Finjob,Elease Gluck
GTX Plus Basic - Labdrill (E7YSM99K),142029,won,2025-12-07,2026-02-27,Labdrill,Elease Gluck
GTX Basic - Warephase (4D1FP59D),67338,won,2025-12-07,2026-03-20,Warephase,Gladys Colclough
MG Special - Hatfan (3E4VTH6E),7095,qualified,2025-12-07,,Hatfan,Hayden Neloms
MG Special - Y-corporation (TK29F68V),6321,won,2025-12-07,2026-03-10,Y-corporation,Hayden Neloms
GTX Pro - New prospect (QHJ3W8FW),621909,qualified,2025-12-07,,,Kami Bicknell
GTX Pro - Newex (N3H82NHO),627585,won,2025-12-07,2026-02-27,Newex,Kami Bicknell
GTX Plus Basic - Isdom (GTANESSU),127839,won,2025-12-07,2026-02-16,Isdom,Lajuana Vencill
GTX Plus Pro - Dontechi (LA0O6BHX),581661,won,2025-12-07,2026-02-21,Dontechi,Lajuana Vencill
GTX Pro - Nam-zim (RRKQ0P07),666801,won,2025-12-07,2026-01-28,Nam-zim,Markita Hansen
GTX Basic - Sonron (J4V3VKQ5),63339,won,2025-12-07,2025-12-22,Sonron,Maureen Marcano
GTX Pro - Labdrill (17U8549G),552249,won,2025-12-07,2026-03-12,Labdrill,Maureen Marcano
GTX Plus Basic - Finhigh (G281LUYF),141384,lost,2025-12-07,2026-02-02,Finhigh,Niesha Huffines
MG Special - Umbrella Corporation (4NAK1XFV),7095,lost,2025-12-07,2026-02-12,Umbrella Corporation,Rosie Papadopoulos
MG Advanced - Kinnamplus (Y34MVXP3),444147,won,2025-12-07,2026-03-24,Kinnamplus,Rosie Papadopoulos
MG Special - Gogozoom (N8G3G1UF),7740,won,2025-12-07,2026-02-23,Gogozoom,Versie Hillebrand
MG Special - Hottechi (SDXZB8MC),6837,won,2025-12-07,2026-03-17,Hottechi,Versie Hillebrand
MG Special - Finjob (PFUE2JYB),7224,won,2025-12-07,2026-02-20,Finjob,Vicki Laflamme
GTX Basic - Scotfind (4A8SFEJ2),85785,won,2025-12-07,2025-12-12,Scotfind,Zane Levy
GTX Plus Basic - Inity (HEG8WPQF),147060,won,2025-12-08,2026-02-03,Inity,Anna Snelling
MG Special - Streethex (0FST40LV),6708,won,2025-12-08,2026-02-19,Streethex,Anna Snelling
MG Special - Warephase (I7WERQ6B),6708,won,2025-12-08,2026-03-05,Warephase,Anna Snelling
GTX Plus Pro - Donquadtech (T7UYHDUN),707178,lost,2025-12-08,2025-12-19,Donquadtech,Boris Faz
MG Advanced - New prospect (Y28VHZKQ),437697,qualified,2025-12-08,,,Cassey Cress
GTX Plus Pro - Konmatfix (V0EIMVES),660609,won,2025-12-08,2026-02-07,Konmatfix,Cecily Lampkin
MG Advanced - Rundofase (DL4SZAGH),465819,won,2025-12-08,2025-12-26,Rundofase,Cecily Lampkin
MG Special - Massive Dynamic (RVIU1YQ8),6450,won,2025-12-08,2025-12-19,Massive Dynamic,Corliss Cosme
GTX Basic - Rundofase (ZNSWDHTJ),79722,won,2025-12-08,2026-02-09,Rundofase,Darcel Schlecht
GTX Plus Basic - Globex Corporation (A2G8VYZY),160863,won,2025-12-08,2025-12-12,Globex Corporation,Darcel Schlecht
MG Special - Sumace (F5I33E1I),7095,qualified,2025-12-08,,Sumace,Elease Gluck
MG Special - Donware (Y9B94N72),7095,won,2025-12-08,2026-01-28,Donware,Garret Kinder
GTX Plus Basic - Singletechno (34MBPHRL),149253,won,2025-12-08,2026-03-14,Singletechno,Hayden Neloms
GTX Basic - Hottechi (K73K8IQ3),69273,won,2025-12-08,2026-02-16,Hottechi,Kary Hendrixson
GTX Pro - Dalttechnology (8L5WBK75),639195,won,2025-12-08,2025-12-25,Dalttechnology,Kary Hendrixson
GTX Pro - Singletechno (Z1RN8D42),723174,won,2025-12-08,2026-02-27,Singletechno,Kary Hendrixson
GTX Basic - New prospect (4IT33RBO),70950,qualified,2025-12-08,,,Markita Hansen
MG Special - Isdom (JV1NCDKP),7353,won,2025-12-08,2026-02-05,Isdom,Moses Frase
MG Special - Sunnamplex (ECCVMNUZ),8514,won,2025-12-08,2026-02-14,Sunnamplex,Rosalina Dieter
GTX Pro - Dalttechnology (A3GVFKYP),659577,won,2025-12-08,2026-03-24,Dalttechnology,Zane Levy
GTX Pro - Sunnamplex (COTHR6F7),592755,won,2025-12-08,2026-02-16,Sunnamplex,Zane Levy
GTX Plus Basic - New prospect (7VKQWIXD),141384,qualified,2025-12-09,,,Boris Faz
MG Advanced - Gekko & Co (3OAEEV0S),451887,won,2025-12-09,2025-12-16,Gekko & Co,Cassey Cress
MG Advanced - Mathtouch (RTH5O6ZW),464400,won,2025-12-09,2026-03-10,Mathtouch,Cassey Cress
GTX Pro - New prospect (V74O6XQT),621909,qualified,2025-12-09,,,Daniell Hammack
GTX Basic - Massive Dynamic (GH6U8WWN),54825,won,2025-12-09,2025-12-14,Massive Dynamic,Daniell Hammack
GTX Pro - Dontechi (GVNI96XB),588885,won,2025-12-09,2026-03-17,Dontechi,Darcel Schlecht
GTX Pro - Ron-tech (KC324LPK),613266,won,2025-12-09,2026-02-16,Ron-tech,Darcel Schlecht
MG Special - dambase (2Y2R082L),7998,won,2025-12-09,2026-01-31,dambase,Darcel Schlecht
GTX Pro - Betasoloin (HALGOQ5D),604752,won,2025-12-09,2026-02-24,Betasoloin,Donn Cantrell
MG Advanced - Golddex (1R38Y0C1),436794,won,2025-12-09,2025-12-15,Golddex,Elease Gluck
GTX Pro - Xx-zobam (3QQW8VJ2),499101,won,2025-12-09,2026-03-03,Xx-zobam,Garret Kinder
GTX Basic - Streethex (8JS4BWQ7),79335,won,2025-12-09,2025-12-19,Streethex,Gladys Colclough
MG Special - Finhigh (78TOITP2),7095,won,2025-12-09,2026-02-12,Finhigh,Gladys Colclough
MG Advanced - New prospect (MRCYKUX4),437697,qualified,2025-12-09,,,Hayden Neloms
GTX Basic - The New York Inquirer (3PVNGGBX),70950,qualified,2025-12-09,,The New York Inquirer,Markita Hansen
GTX Plus Pro - New prospect (MN6E59H6),707178,qualified,2025-12-09,,,Markita Hansen
GTX Basic - Isdom (BSA76OL5),70950,lost,2025-12-09,2026-02-11,Isdom,Marty Freudenburg
GTX Plus Basic - Hatfan (YHNBSXPN),131451,won,2025-12-09,2025-12-20,Hatfan,Maureen Marcano
MG Advanced - Blackzim (TW6D3KT4),360942,won,2025-12-09,2026-02-06,Blackzim,Maureen Marcano
GTX Basic - Streethex (Z8RI8RLU),64758,won,2025-12-09,2026-02-28,Streethex,Moses Frase
MG Advanced - Isdom (FT0L8HZZ),428667,won,2025-12-09,2025-12-11,Isdom,Moses Frase
GTX Plus Basic - Condax (AW0GW33Q),141384,lost,2025-12-09,2026-03-08,Condax,Reed Clapper
MG Special - Nam-zim (IJLPV177),7095,lost,2025-12-09,2025-12-25,Nam-zim,Rosalina Dieter
GTX Plus Pro - Nam-zim (9UVKASFY),707178,lost,2025-12-09,2026-02-21,Nam-zim,Vicki Laflamme
MG Advanced - Finjob (KKSMEP2A),437697,lost,2025-12-09,2026-03-18,Finjob,Vicki Laflamme
GTX Basic - Scotfind (E96ZTKHC),69918,won,2025-12-09,2025-12-12,Scotfind,Vicki Laflamme
GTX Pro - Faxquote (RZ08GKZY),667188,won,2025-12-09,2026-02-16,Faxquote,Zane Levy
MG Advanced - Massive Dynamic (EK0ZZHKT),437697,lost,2025-12-10,2026-03-21,Massive Dynamic,Cassey Cress
GTX Basic - Umbrella Corporation (9U6RAS0M),69402,won,2025-12-10,2025-12-26,Umbrella Corporation,Cassey Cress
GTX Pro - Betasoloin (3S31RHE5),580113,won,2025-12-10,2026-02-12,Betasoloin,Cassey Cress
GTX Plus Basic - Codehow (GOM8T4Y4),151962,won,2025-12-10,2026-02-03,Codehow,Darcel Schlecht
GTX Pro - Treequote (7Z5AVSH6),641001,won,2025-12-10,2026-03-18,Treequote,Darcel Schlecht
MG Special - Rangreen (E7OPE1O8),7740,won,2025-12-10,2025-12-15,Rangreen,Darcel Schlecht
MG Advanced - Dontechi (647E6ED0),370875,won,2025-12-10,2026-03-02,Dontechi,Darcel Schlecht
GTX Basic - Blackzim (V4XHHFO3),70950,qualified,2025-12-10,,Blackzim,Elease Gluck
GTK 500 - Cheers (PEX6S873),3453072,lost,2025-12-10,2026-02-13,Cheers,Elease Gluck
GTX Plus Pro - Donware (M9OTPNII),796833,won,2025-12-10,2026-02-14,Donware,Garret Kinder
MG Advanced - Rundofase (EZRICI17),437697,lost,2025-12-10,2026-03-25,Rundofase,Gladys Colclough
GTX Pro - New prospect (7PXJ92C5),621909,qualified,2025-12-10,,,Kary Hendrixson
GTX Pro - Finjob (BAXENBTS),621909,lost,2025-12-10,2026-01-31,Finjob,Kary Hendrixson
GTX Pro - Kan-code (086279IX),563601,won,2025-12-10,2026-03-11,Kan-code,Kary Hendrixson
GTX Pro - Y-corporation (6EEC9HQQ),629262,won,2025-12-10,2026-02-15,Y-corporation,Kary Hendrixson
GTX Plus Pro - Genco Pura Olive Oil Company (MHN0SWM2),583983,won,2025-12-10,2026-03-18,Genco Pura Olive Oil Company,Lajuana Vencill
GTX Plus Basic - Xx-holding (8SKE4TT5),141384,lost,2025-12-10,2026-02-24,Xx-holding,Maureen Marcano
GTX Plus Pro - Cancity (IGELOJ42),787158,won,2025-12-10,2026-02-28,Cancity,Moses Frase
GTX Plus Pro - Bubba Gump (0LMA8GMJ),642807,won,2025-12-10,2026-02-04,Bubba Gump,Rosie Papadopoulos
MG Special - Isdom (E40RN3MN),6063,won,2025-12-10,2025-12-20,Isdom,Versie Hillebrand
MG Special - Zoomit (093R7PK9),6708,won,2025-12-10,2026-03-08,Zoomit,Vicki Laflamme
GTX Pro - Gekko & Co (I8A9OXP2),648999,won,2025-12-10,2026-03-22,Gekko & Co,Violet Mclelland
MG Special - Bioplex (7IFEKEMG),6837,won,2025-12-10,2026-03-03,Bioplex,Violet Mclelland
GTX Plus Basic - New prospect (4XZ4RY1N),141384,qualified,2025-12-10,,,Wilburn Farren
GTX Basic - Inity (K2KK9SW2),70950,won,2025-12-11,2026-01-27,Inity,Anna Snelling
GTX Plus Basic - New prospect (Z0RLNFVY),141384,qualified,2025-12-11,,,Boris Faz
GTX Pro - Donquadtech (8SIG4C8X),673767,won,2025-12-11,2026-03-03,Donquadtech,Boris Faz
MG Special - Betasoloin (K4ETVW4H),6837,won,2025-12-11,2026-02-06,Betasoloin,Boris Faz
GTX Pro - Bluth Company (YA2NDY1H),582951,won,2025-12-11,2026-02-11,Bluth Company,Cassey Cress
GTX Pro - Vehement Capital Partners (G6DYTQQE),623457,won,2025-12-11,2026-02-26,Vehement Capital Partners,Corliss Cosme
GTX Plus Pro - New prospect (RQULJHTU),707178,qualified,2025-12-11,,,Daniell Hammack
GTX Plus Pro - Zencorporation (RZZ9K7UN),697503,won,2025-12-11,2026-03-26,Zencorporation,Daniell Hammack
GTX Basic - Rundofase (3918OU6O),70950,lost,2025-12-11,2026-01-27,Rundofase,Darcel Schlecht
MG Special - Finjob (YZ9ZKK3P),7224,won,2025-12-11,2026-02-02,Finjob,Hayden Neloms
GTX Basic - Iselectrics (GK1NH8G7),70950,qualified,2025-12-11,,Iselectrics,Kami Bicknell
GTX Plus Basic - Konex (OPCLCCQH),141384,qualified,2025-12-11,,Konex,Kami Bicknell
GTX Basic - Finjob (E1921PBZ),60372,won,2025-12-11,2026-02-17,Finjob,Kary Hendrixson
GTX Basic - Kan-code (0E761F02),74691,won,2025-12-11,2026-01-27,Kan-code,Kary Hendrixson
MG Advanced - Treequote (HDBNC8W1),410865,won,2025-12-11,2026-03-08,Treequote,Lajuana Vencill
GTX Pro - New prospect (WFCEPHD3),621909,qualified,2025-12-11,,,Markita Hansen
MG Special - Cheers (KP6NOWM7),6966,won,2025-12-11,2026-02-28,Cheers,Markita Hansen
MG Special - Newex (HPYLUU5P),7998,won,2025-12-11,2026-03-23,Newex,Maureen Marcano
GTX Basic - dambase (I7AH5FW0),70950,lost,2025-12-11,2026-02-17,dambase,Moses Frase
GTX Basic - Betatech (RSFYKC1F),79851,won,2025-12-11,2026-03-22,Betatech,Moses Frase
MG Special - Golddex (RMW0TRSZ),7095,lost,2025-12-11,2026-02-14,Golddex,Rosalina Dieter
MG Special - Hatfan (GNENBXRW),7095,lost,2025-12-11,2026-02-11,Hatfan,Rosalina Dieter
MG Advanced - Xx-holding (L20NI94X),437697,lost,2025-12-11,2026-03-02,Xx-holding,Rosalina Dieter
GTX Plus Pro - New prospect (AF7XJNED),707178,qualified,2025-12-11,,,Rosie Papadopoulos
GTX Pro - Xx-holding (CG65AS6X),568632,won,2025-12-11,2025-12-24,Xx-holding,Vicki Laflamme
GTX Basic - Cheers (9XV6GX8D),78045,won,2025-12-11,2026-03-04,Cheers,Zane Levy
GTX Plus Pro - Genco Pura Olive Oil Company (IDIMBX0N),782256,won,2025-12-12,2025-12-21,Genco Pura Olive Oil Company,Anna Snelling
GTX Basic - Plussunin (W75XU368),82689,won,2025-12-12,2026-03-14,Plussunin,Cassey Cress
GTX Basic - Vehement Capital Partners (WIY2Q0Q5),63339,won,2025-12-12,2026-02-11,Vehement Capital Partners,Cassey Cress
GTX Basic - New prospect (EJDHOY6M),70950,qualified,2025-12-12,,,Corliss Cosme
GTX Plus Basic - Konmatfix (DF1011UT),141384,qualified,2025-12-12,,Konmatfix,Corliss Cosme
GTX Pro - Plussunin (7V1FQBL9),621909,lost,2025-12-12,2026-01-28,Plussunin,Corliss Cosme
MG Special - Codehow (4PXSBQU8),6063,won,2025-12-12,2026-02-21,Codehow,Darcel Schlecht
MG Special - Faxquote (QRKHWNRB),8127,won,2025-12-12,2026-03-22,Faxquote,Elease Gluck
MG Advanced - Sumace (1YGNHE69),424539,won,2025-12-12,2026-02-12,Sumace,Garret Kinder
GTX Plus Basic - New prospect (IBS3H6Z4),141384,qualified,2025-12-12,,,Hayden Neloms
GTX Plus Basic - Singletechno (TAEUD0HP),153252,won,2025-12-12,2026-03-07,Singletechno,Hayden Neloms
GTX Plus Pro - New prospect (04YGLJ3N),707178,qualified,2025-12-12,,,Kary Hendrixson
GTX Basic - Cheers (72TBO2HA),70950,lost,2025-12-12,2026-02-02,Cheers,Kary Hendrixson
GTX Basic - Scotfind (FCW4SAAP),61662,won,2025-12-12,2026-03-08,Scotfind,Kary Hendrixson
MG Special - Green-Plus (DEH0MYSO),7740,won,2025-12-12,2026-02-18,Green-Plus,Kary Hendrixson
GTX Pro - Silis (PEVJ6O6R),524256,won,2025-12-12,2025-12-22,Silis,Reed Clapper
MG Advanced - Ontomedia (T02CX0BY),328950,won,2025-12-12,2025-12-26,Ontomedia,Reed Clapper
GTX Plus Pro - Finhigh (IN9S33CD),707178,qualified,2025-12-12,,Finhigh,Rosalina Dieter
MG Special - Bioplex (SSX3QRTB),7095,lost,2025-12-12,2026-02-02,Bioplex,Rosie Papadopoulos
GTX Plus Pro - Dontechi (UBX7TMQG),707178,lost,2025-12-12,2026-02-04,Dontechi,Versie Hillebrand
MG Special - Genco Pura Olive Oil Company (RR5AMWPQ),7095,lost,2025-12-12,2026-02-10,Genco Pura Olive Oil Company,Versie Hillebrand
MG Advanced - Statholdings (FHLNW3WH),435762,won,2025-12-12,2026-03-18,Statholdings,Versie Hillebrand
GTX Plus Pro - New prospect (1GT10YJD),707178,qualified,2025-12-12,,,Vicki Laflamme
GTX Basic - New prospect (4UZCVHEV),70950,qualified,2025-12-12,,,Violet Mclelland
MG Special - New prospect (DJH67UIZ),7095,qualified,2025-12-12,,,Violet Mclelland
MG Special - New prospect (7VGJ2B7O),7095,qualified,2025-12-12,,,Violet Mclelland
GTX Pro - Gekko & Co (IAVMELUO),791415,won,2025-12-12,2026-02-24,Gekko & Co,Wilburn Farren
GTX Plus Basic - Newex (PRMMZX9O),128871,won,2025-12-12,2026-02-27,Newex,Zane Levy
MG Special - Singletechno (ZZFES7ID),6708,won,2025-12-12,2026-03-02,Singletechno,Zane Levy
GTX Plus Basic - Warephase (G7PNQB9M),141384,lost,2025-12-13,2026-02-19,Warephase,Anna Snelling
GTX Plus Pro - Donware (Z0R5O2VW),707178,lost,2025-12-13,2026-02-18,Donware,Cassey Cress
GTX Basic - Plussunin (VS0TWECS),68370,won,2025-12-13,2026-03-15,Plussunin,Cassey Cress
GTX Basic - Konmatfix (XN7EV14M),69402,won,2025-12-13,2026-02-03,Konmatfix,Cecily Lampkin
MG Special - Rundofase (P5BRH80Z),6837,won,2025-12-13,2025-12-22,Rundofase,Cecily Lampkin
GTX Pro - Scottech (CQVDJR45),698664,won,2025-12-13,2026-03-09,Scottech,Darcel Schlecht
MG Special - Scotfind (QUFCX2MF),7095,lost,2025-12-13,2026-02-21,Scotfind,Elease Gluck
GTX Plus Pro - Mathtouch (RW13VT8T),644355,won,2025-12-13,2026-02-05,Mathtouch,Garret Kinder
GTX Basic - New prospect (H2IOHZ8R),70950,qualified,2025-12-13,,,James Ascencio
GTX Basic - Sonron (5LJ47CVS),70950,lost,2025-12-13,2026-03-19,Sonron,James Ascencio
GTX Plus Basic - Bioholding (87XTACKH),146673,won,2025-12-13,2026-02-20,Bioholding,Jonathan Berthelot
GTX Basic - Sonron (0Z2CQ0MQ),58437,won,2025-12-13,2025-12-23,Sonron,Kami Bicknell
GTX Plus Basic - Hottechi (4SK6YLB0),137385,won,2025-12-13,2026-02-21,Hottechi,Kami Bicknell
GTX Pro - Singletechno (EVVX3PQ5),564117,won,2025-12-13,2026-01-29,Singletechno,Kami Bicknell
MG Advanced - Labdrill (9Y3JDP1B),330240,won,2025-12-13,2026-03-16,Labdrill,Kami Bicknell
GTX Pro - Singletechno (ACB3QZAY),621909,lost,2025-12-13,2026-03-01,Singletechno,Kary Hendrixson
GTX Plus Basic - Groovestreet (COWC9H9T),151059,won,2025-12-13,2025-12-26,Groovestreet,Markita Hansen
MG Special - Konex (ZTHMJWYZ),6837,won,2025-12-13,2026-03-19,Konex,Markita Hansen
GTX Plus Pro - Treequote (MMGWAWBA),845337,won,2025-12-13,2026-02-27,Treequote,Marty Freudenburg
MG Advanced - Betatech (8LPO6YCO),456918,won,2025-12-13,2026-02-01,Betatech,Marty Freudenburg
GTX Basic - New prospect (I7MDOGGU),70950,qualified,2025-12-13,,,Maureen Marcano
MG Advanced - Finhigh (CDUIUYY2),466851,won,2025-12-13,2026-03-08,Finhigh,Moses Frase
MG Advanced - New prospect (10IY4PV4),437697,qualified,2025-12-13,,,Rosalina Dieter
MG Advanced - Rangreen (A1TDRYHZ),437697,qualified,2025-12-13,,Rangreen,Rosie Papadopoulos
MG Special - New prospect (2JY9SQ2L),7095,qualified,2025-12-13,,,Vicki Laflamme
MG Advanced - Bluth Company (9328IHHL),462981,won,2025-12-13,2026-02-12,Bluth Company,Wilburn Farren
GTX Plus Pro - Plexzap (ZFB7CBR6),807798,won,2025-12-13,2026-02-07,Plexzap,Zane Levy
GTX Plus Basic - Nam-zim (3N3RAHXR),141384,qualified,2025-12-14,,Nam-zim,Cassey Cress
GTX Plus Basic - Acme Corporation (6RJE18RW),149769,won,2025-12-14,2025-12-19,Acme Corporation,Cassey Cress
GTX Pro - Umbrella Corporation (GK86H0SK),641775,won,2025-12-14,2025-12-23,Umbrella Corporation,Cassey Cress
GTX Basic - Zotware (QXU90OP8),75594,won,2025-12-14,2025-12-17,Zotware,Corliss Cosme
MG Special - The New York Inquirer (NXXSU27K),5289,won,2025-12-14,2025-12-20,The New York Inquirer,Corliss Cosme
GTX Plus Basic - New prospect (RACLHBXN),141384,qualified,2025-12-14,,,Daniell Hammack
GTX Plus Basic - Ron-tech (06YL7WVJ),119841,won,2025-12-14,2025-12-16,Ron-tech,Darcel Schlecht
MG Special - Streethex (K4Y8R0FX),8385,won,2025-12-14,2026-03-01,Streethex,Darcel Schlecht
GTX Basic - Zencorporation (F8O0IY28),74046,won,2025-12-14,2025-12-25,Zencorporation,Donn Cantrell
GTX Pro - Condax (8T8J06EL),621909,lost,2025-12-14,2026-03-23,Condax,Gladys Colclough
GTX Pro - Streethex (3AE6GW2D),621909,lost,2025-12-14,2026-02-03,Streethex,Gladys Colclough
MG Advanced - Labdrill (T0SEVT4K),390612,won,2025-12-14,2026-03-13,Labdrill,Hayden Neloms
GTX Basic - Singletechno (36VPT9RZ),51987,won,2025-12-14,2025-12-21,Singletechno,James Ascencio
GTX Basic - Sonron (R2RL1Y49),70950,lost,2025-12-14,2026-02-10,Sonron,Kami Bicknell
MG Advanced - Kan-code (7Q7SA3EK),424410,won,2025-12-14,2026-03-04,Kan-code,Kami Bicknell
GTX Basic - New prospect (THKCN7HU),70950,qualified,2025-12-14,,,Kary Hendrixson
MG Advanced - Sonron (6JI36HIE),437697,lost,2025-12-14,2026-03-20,Sonron,Kary Hendrixson
MG Advanced - Golddex (B5CBSTM5),457950,won,2025-12-14,2025-12-24,Golddex,Kary Hendrixson
MG Advanced - Rangreen (SNBYNW8H),471753,won,2025-12-14,2026-03-20,Rangreen,Moses Frase
GTX Plus Basic - Zotware (IEN6RBZI),134934,won,2025-12-14,2026-03-21,Zotware,Reed Clapper
MG Special - Warephase (9P026O47),6450,won,2025-12-14,2026-02-21,Warephase,Versie Hillebrand
MG Advanced - Funholding (AJLNEUVY),370359,won,2025-12-14,2025-12-22,Funholding,Versie Hillebrand
MG Special - Bioplex (LJIAOC0Q),6708,won,2025-12-14,2026-03-01,Bioplex,Violet Mclelland
GTX Pro - New prospect (PD2198ZH),621909,qualified,2025-12-14,,,Zane Levy
MG Special - Funholding (2BYD4WQ7),7095,lost,2025-12-15,2026-02-13,Funholding,Anna Snelling
GTX Basic - Kan-code (HP6DSCMH),72756,won,2025-12-15,2026-03-09,Kan-code,Boris Faz
GTX Plus Pro - Donware (FM4S93O6),707178,lost,2025-12-15,2026-02-17,Donware,Cassey Cress
GTX Basic - Plexzap (ALHQU8W8),70950,qualified,2025-12-15,,Plexzap,Corliss Cosme
MG Advanced - Ganjaflex (GGPSSI5Q),487620,won,2025-12-15,2026-02-27,Ganjaflex,Daniell Hammack
GTX Basic - dambase (4D95LU0H),63339,won,2025-12-15,2026-03-21,dambase,Darcel Schlecht
GTX Basic - Dontechi (KA79LTFF),77916,won,2025-12-15,2025-12-25,Dontechi,Darcel Schlecht
GTK 500 - Singletechno (OBBVVO9O),3453072,lost,2025-12-15,2026-02-21,Singletechno,Elease Gluck
GTX Basic - Sonron (83HX5CIJ),70950,lost,2025-12-15,2025-12-18,Sonron,Kami Bicknell
GTX Basic - Cheers (SGV1FR3O),73272,won,2025-12-15,2026-03-20,Cheers,Kami Bicknell
GTX Basic - Singletechno (TJ6U9HZ3),77529,won,2025-12-15,2026-03-21,Singletechno,Kary Hendrixson
GTX Plus Basic - New prospect (K72CEXGZ),141384,qualified,2025-12-15,,,Maureen Marcano
MG Advanced - Blackzim (1N99TLIA),437697,lost,2025-12-15,2026-02-27,Blackzim,Maureen Marcano
GTX Plus Pro - Genco Pura Olive Oil Company (JYE2QFGE),724464,won,2025-12-15,2026-01-31,Genco Pura Olive Oil Company,Niesha Huffines
GTX Pro - Zotware (IEOMRMWW),621909,lost,2025-12-15,2026-03-25,Zotware,Reed Clapper
GTX Pro - Faxquote (ZW7N89K3),621909,lost,2025-12-15,2026-02-12,Faxquote,Rosalina Dieter
MG Special - dambase (MIU04JC2),7095,lost,2025-12-15,2026-03-18,dambase,Versie Hillebrand
MG Advanced - Scotfind (VF2OKZY5),437697,lost,2025-12-15,2026-03-09,Scotfind,Vicki Laflamme
GTX Basic - Opentech (QSBKLWSW),69918,won,2025-12-15,2026-03-26,Opentech,Violet Mclelland
GTX Basic - Gekko & Co (0GTJE2VQ),64113,won,2025-12-15,2026-03-11,Gekko & Co,Wilburn Farren
GTX Pro - J-Texon (H91G4MYP),702147,won,2025-12-15,2026-02-16,J-Texon,Zane Levy
GTX Plus Basic - Rangreen (DDBH2FPP),133773,won,2025-12-16,2026-03-13,Rangreen,Anna Snelling
GTX Plus Basic - Rangreen (P1SGQODJ),141384,qualified,2025-12-16,,Rangreen,Boris Faz
GTX Plus Basic - Betasoloin (N8F2PFQP),127968,won,2025-12-16,2025-12-29,Betasoloin,Boris Faz
GTX Plus Basic - Stanredtax (WELHHO3U),124614,won,2025-12-16,2025-12-25,Stanredtax,Cecily Lampkin
MG Advanced - Zotware (CUAYGT78),437697,lost,2025-12-16,2026-03-23,Zotware,Daniell Hammack
GTX Plus Pro - Vehement Capital Partners (9KDR9PQX),707178,lost,2025-12-16,2025-12-27,Vehement Capital Partners,Garret Kinder
GTX Basic - Warephase (8A5HA974),70950,lost,2025-12-16,2025-12-27,Warephase,Jonathan Berthelot
MG Advanced - Ron-tech (M1L0IWB6),416928,won,2025-12-16,2026-02-05,Ron-tech,Jonathan Berthelot
GTX Basic - Ganjaflex (I2U6MKUT),70692,won,2025-12-16,2026-02-23,Ganjaflex,Reed Clapper
MG Advanced - New prospect (5C8HCDXT),437697,qualified,2025-12-16,,,Wilburn Farren
MG Advanced - Plussunin (RK6UFTI8),437697,lost,2025-12-16,2025-12-21,Plussunin,Wilburn Farren
MG Special - Ron-tech (ECOU1XXZ),6708,won,2025-12-17,2026-02-24,Ron-tech,Anna Snelling
GTX Pro - New prospect (9FPDDSIJ),621909,qualified,2025-12-17,,,Cassey Cress
MG Special - New prospect (4RDJBBB6),7095,qualified,2025-12-17,,,Daniell Hammack
GTX Pro - Genco Pura Olive Oil Company (OTDDPHWJ),621909,lost,2025-12-17,2026-02-22,Genco Pura Olive Oil Company,Darcel Schlecht
GTX Pro - Globex Corporation (20N9WSRC),621909,lost,2025-12-17,2026-02-17,Globex Corporation,Darcel Schlecht
GTX Pro - Isdom (IJ4GXGCU),659061,won,2025-12-17,2025-12-25,Isdom,Darcel Schlecht
MG Special - Statholdings (GZCWM6GK),7095,qualified,2025-12-17,,Statholdings,Elease Gluck
MG Special - Codehow (U0G8KIPB),6321,won,2025-12-17,2026-03-18,Codehow,Gladys Colclough
GTX Plus Basic - Konmatfix (2YVVZN5L),141384,lost,2025-12-17,2026-01-28,Konmatfix,Jonathan Berthelot
GTX Basic - New prospect (3JUL12VK),70950,qualified,2025-12-17,,,Kami Bicknell
GTX Basic - Kan-code (TGW7OYMD),57663,won,2025-12-17,2026-03-22,Kan-code,Kami Bicknell
MG Advanced - Isdom (XJ9RQU4K),442470,won,2025-12-17,2026-03-11,Isdom,Lajuana Vencill
MG Advanced - New prospect (9Y85N0W5),437697,qualified,2025-12-17,,,Markita Hansen
GTX Basic - Condax (4TRMURKI),70950,lost,2025-12-17,2026-03-15,Condax,Niesha Huffines
MG Advanced - Donquadtech (TJXY9DQG),418605,won,2025-12-17,2026-03-07,Donquadtech,Reed Clapper
GTX Basic - Bioholding (DV9ZB9KL),70950,lost,2025-12-17,2025-12-22,Bioholding,Versie Hillebrand
MG Special - Ron-tech (J712QVSG),7869,won,2025-12-17,2025-12-21,Ron-tech,Versie Hillebrand
MG Special - Golddex (LCBVIPRA),7740,won,2025-12-17,2026-03-26,Golddex,Vicki Laflamme
GTX Pro - New prospect (8GE7FY98),621909,qualified,2025-12-17,,,Violet Mclelland
MG Special - Kan-code (88R08IL1),7095,lost,2025-12-17,2025-12-27,Kan-code,Violet Mclelland
GTX Basic - New prospect (4U9D1IZ5),70950,qualified,2025-12-17,,,Zane Levy
GTX Plus Pro - dambase (WNMF0OHM),652740,won,2025-12-18,2025-12-27,dambase,Anna Snelling
GTX Basic - Xx-zobam (I0D1O3GX),70950,lost,2025-12-18,2025-12-27,Xx-zobam,Boris Faz
GTX Basic - Blackzim (PO158L29),70950,qualified,2025-12-18,,Blackzim,Cassey Cress
GTX Basic - Kan-code (7LNGJB3S),75465,won,2025-12-18,2025-12-27,Kan-code,Cassey Cress
GTX Pro - Sumace (AVD2WQZY),621909,lost,2025-12-18,2026-03-08,Sumace,Corliss Cosme
GTX Pro - Betasoloin (UD9V38LV),621909,lost,2025-12-18,2026-02-13,Betasoloin,Donn Cantrell
GTX Pro - Hottechi (JMTO8BPQ),621909,lost,2025-12-18,2025-12-29,Hottechi,Gladys Colclough
GTX Pro - Condax (06YBVWXZ),621909,lost,2025-12-18,2025-12-29,Condax,Kami Bicknell
GTX Pro - New prospect (ODGKZEVV),621909,qualified,2025-12-18,,,Kary Hendrixson
MG Special - Condax (1VCAS7FL),7095,lost,2025-12-18,2025-12-31,Condax,Lajuana Vencill
MG Special - Dontechi (G2TASA8C),7095,lost,2025-12-18,2026-03-12,Dontechi,Lajuana Vencill
GTX Basic - Nam-zim (CRW2CCMB),73788,won,2025-12-18,2026-03-02,Nam-zim,Markita Hansen
MG Special - Golddex (7FER10E1),6966,won,2025-12-18,2026-03-05,Golddex,Markita Hansen
GTX Basic - Dontechi (K96NUCWR),70950,lost,2025-12-18,2025-12-27,Dontechi,Moses Frase
MG Special - Stanredtax (SE609QTE),7740,won,2025-12-18,2026-01-30,Stanredtax,Versie Hillebrand
MG Advanced - Zumgoity (CT9XECID),419379,won,2025-12-18,2025-12-27,Zumgoity,Versie Hillebrand
GTX Plus Pro - Lexiqvolax (SUO8VZQ8),764970,won,2025-12-18,2026-03-11,Lexiqvolax,Vicki Laflamme
GTX Plus Basic - Mathtouch (9LX9MAPU),121389,won,2025-12-18,2025-12-27,Mathtouch,Violet Mclelland
GTX Basic - Cancity (PHP5V833),70950,lost,2025-12-19,2026-02-12,Cancity,Anna Snelling
MG Special - Scottech (7XEB6TFB),7224,won,2025-12-19,2026-03-03,Scottech,Anna Snelling
MG Advanced - Codehow (KV9LW061),444405,won,2025-12-19,2025-12-30,Codehow,Anna Snelling
GTX Plus Pro - New prospect (M41NS5DN),707178,qualified,2025-12-19,,,Cassey Cress
MG Advanced - Singletechno (QIHWKCFK),437697,qualified,2025-12-19,,Singletechno,Cassey Cress
MG Special - Bioholding (8RZ1A49O),6966,won,2025-12-19,2025-12-26,Bioholding,Cecily Lampkin
GTX Basic - New prospect (GEJLL5L3),70950,qualified,2025-12-19,,,Corliss Cosme
MG Advanced - Mathtouch (V4EKF9RF),451242,won,2025-12-19,2025-12-26,Mathtouch,Corliss Cosme
GTX Basic - Vehement Capital Partners (VJ1EK4A3),69660,won,2025-12-19,2025-12-28,Vehement Capital Partners,Daniell Hammack
GTX Pro - Gekko & Co (65B8HSTW),643194,won,2025-12-19,2025-12-28,Gekko & Co,Daniell Hammack
GTX Plus Pro - Toughzap (KIJB458K),707178,lost,2025-12-19,2025-12-29,Toughzap,Darcel Schlecht
GTX Plus Pro - Domzoom (8PHJ7N4E),672606,won,2025-12-19,2026-02-09,Domzoom,Darcel Schlecht
GTX Pro - Isdom (EDAJ0YEW),618426,won,2025-12-19,2025-12-25,Isdom,Darcel Schlecht
MG Advanced - New prospect (KMB8TJ0I),437697,qualified,2025-12-19,,,Hayden Neloms
GTX Plus Basic - Kan-code (9X5HUUJ5),141384,lost,2025-12-19,2025-12-28,Kan-code,James Ascencio
GTX Plus Pro - New prospect (CR6ZLEWC),707178,qualified,2025-12-19,,,Kary Hendrixson
GTX Plus Basic - Scotfind (21S1ETXM),141384,lost,2025-12-19,2025-12-29,Scotfind,Kary Hendrixson
GTX Basic - Cancity (54JFGNXN),83592,won,2025-12-19,2026-02-21,Cancity,Lajuana Vencill
MG Advanced - Dontechi (WLXPA3LB),392160,won,2025-12-19,2026-03-27,Dontechi,Lajuana Vencill
GTX Plus Basic - Treequote (3WQMBMSN),152865,won,2025-12-19,2026-03-27,Treequote,Marty Freudenburg
MG Special - Finhigh (XIKWT7HM),6192,won,2025-12-19,2025-12-21,Finhigh,Marty Freudenburg
GTX Plus Basic - J-Texon (J9QQVBQX),141384,lost,2025-12-19,2025-12-27,J-Texon,Maureen Marcano
GTX Plus Basic - Cheers (I51MJ7PP),131709,won,2025-12-19,2026-03-27,Cheers,Maureen Marcano
GTX Plus Basic - Scotfind (V690FQG4),163056,won,2025-12-19,2026-02-20,Scotfind,Maureen Marcano
MG Special - Zumgoity (OSB9S3PI),7095,lost,2025-12-19,2026-02-17,Zumgoity,Moses Frase
GTX Basic - Ron-tech (JWRSTAU8),64887,won,2025-12-19,2026-03-09,Ron-tech,Moses Frase
GTX Pro - Ganjaflex (YYAZ4JBY),572760,won,2025-12-19,2025-12-29,Ganjaflex,Reed Clapper
GTX Plus Basic - Inity (8SEGAAT7),141384,lost,2025-12-19,2025-12-29,Inity,Versie Hillebrand
MG Special - Rangreen (4L36DJTM),6708,won,2025-12-19,2025-12-28,Rangreen,Versie Hillebrand
MG Special - New prospect (YB20NWM1),7095,qualified,2025-12-19,,,Vicki Laflamme
GTX Basic - Konex (7Z3S4XV9),70950,lost,2025-12-19,2025-12-29,Konex,Vicki Laflamme
GTX Basic - Initech (SQOW8W0G),70950,lost,2025-12-19,2026-01-30,Initech,Violet Mclelland
MG Special - Gekko & Co (W3LGBNI2),7095,lost,2025-12-19,2026-01-01,Gekko & Co,Violet Mclelland
GTX Basic - Gekko & Co (J2B3UZXA),64371,won,2025-12-19,2025-12-21,Gekko & Co,Violet Mclelland
GTX Plus Pro - New prospect (43LFUTVM),707178,qualified,2025-12-19,,,Zane Levy
GTX Pro - Cheers (VH78FLDN),621909,lost,2025-12-19,2025-12-29,Cheers,Zane Levy
GTX Plus Basic - Condax (KZKMLY96),149511,won,2025-12-19,2025-12-24,Condax,Zane Levy
MG Special - Domzoom (9BGKQZ3H),7095,lost,2025-12-20,2025-12-29,Domzoom,Anna Snelling
GTX Plus Pro - Betasoloin (H6NJKV4F),706791,won,2025-12-20,2026-02-14,Betasoloin,Boris Faz
MG Advanced - New prospect (CMS1HUGL),437697,qualified,2025-12-20,,,Cassey Cress
GTX Pro - New prospect (6R6S91WE),621909,qualified,2025-12-20,,,Daniell Hammack
GTX Pro - Zotware (L69Q015M),587595,won,2025-12-20,2026-02-13,Zotware,Daniell Hammack
MG Special - Hottechi (RX3F3VIU),7095,lost,2025-12-20,2025-12-28,Hottechi,Darcel Schlecht
MG Special - Fasehatice (R5I9AAFG),7095,lost,2025-12-20,2026-02-19,Fasehatice,Elease Gluck
GTX Plus Basic - Initech (JQ3HJFNA),132354,won,2025-12-20,2025-12-23,Initech,Garret Kinder
GTX Basic - Stanredtax (XCC1C1GG),64887,won,2025-12-20,2025-12-29,Stanredtax,Gladys Colclough
GTX Plus Basic - Streethex (WI1HQSIS),147576,won,2025-12-20,2026-03-11,Streethex,Gladys Colclough
MG Special - Genco Pura Olive Oil Company (LCTI4CFV),7095,won,2025-12-20,2026-03-13,Genco Pura Olive Oil Company,Gladys Colclough
GTX Basic - New prospect (3T64Z7DB),70950,qualified,2025-12-20,,,Kami Bicknell
GTX Plus Basic - New prospect (3F2ZPCSL),141384,qualified,2025-12-20,,,Kary Hendrixson
MG Advanced - Kan-code (8GMDSXYY),410349,won,2025-12-20,2026-01-01,Kan-code,Markita Hansen
MG Special - Scottech (QLTDWAEM),6966,won,2025-12-20,2026-03-16,Scottech,Marty Freudenburg
MG Advanced - New prospect (XFB1VXQY),437697,qualified,2025-12-20,,,Maureen Marcano
GTX Pro - Singletechno (UB8M6I5R),510711,won,2025-12-20,2026-03-27,Singletechno,Maureen Marcano
GTX Basic - Streethex (EBTJPEEY),73659,won,2025-12-20,2026-02-25,Streethex,Niesha Huffines
GTX Pro - Donquadtech (ATW70WX1),621909,lost,2025-12-20,2025-12-31,Donquadtech,Reed Clapper
GTX Basic - Kan-code (9DBMY3OF),70950,lost,2025-12-20,2025-12-30,Kan-code,Vicki Laflamme
GTX Basic - Blackzim (HRV9DSYF),70305,won,2025-12-20,2025-12-29,Blackzim,Vicki Laflamme
GTX Basic - Labdrill (MNC7Q3JJ),71466,won,2025-12-20,2026-03-18,Labdrill,Vicki Laflamme
MG Advanced - Iselectrics (TJ03NDNX),437697,qualified,2025-12-20,,Iselectrics,Violet Mclelland
MG Special - Yearin (E3WWC6FJ),8772,won,2025-12-20,2025-12-28,Yearin,Violet Mclelland
MG Special - Zencorporation (QKKZQJ46),6708,won,2025-12-20,2026-03-13,Zencorporation,Violet Mclelland
GTX Basic - Finhigh (VRYR5A81),70950,qualified,2025-12-20,,Finhigh,Wilburn Farren
MG Special - Globex Corporation (M52B4VC5),7095,lost,2025-12-21,2025-12-30,Globex Corporation,Anna Snelling
MG Special - Dontechi (Z72Y3C3C),6966,won,2025-12-21,2025-12-30,Dontechi,Anna Snelling
MG Advanced - Donware (FQPPZ9NQ),493038,won,2025-12-21,2026-02-19,Donware,Cassey Cress
GTX Plus Basic - The New York Inquirer (DUHS8KVY),125259,won,2025-12-21,2025-12-31,The New York Inquirer,Daniell Hammack
GTX Plus Pro - Donware (M72CT8RN),777096,won,2025-12-21,2025-12-31,Donware,Daniell Hammack
GTX Pro - Stanredtax (XBFTCRLN),621780,won,2025-12-21,2025-12-30,Stanredtax,Darcel Schlecht
GTX Plus Pro - Kinnamplus (3ZILMRQK),707178,lost,2025-12-21,2026-02-22,Kinnamplus,Donn Cantrell
GTX Pro - Plussunin (FZ72CGOI),621909,lost,2025-12-21,2026-03-22,Plussunin,Garret Kinder
MG Advanced - Ganjaflex (72HZ4LDT),379260,won,2025-12-21,2025-12-28,Ganjaflex,Garret Kinder
MG Advanced - New prospect (J6OQS0AU),437697,qualified,2025-12-21,,,Hayden Neloms
MG Special - Doncon (4X3LNCWH),6321,won,2025-12-21,2025-12-30,Doncon,Hayden Neloms
GTX Pro - New prospect (97PFKCPG),621909,qualified,2025-12-21,,,James Ascencio
MG Special - New prospect (FB9M4FR7),7095,qualified,2025-12-21,,,James Ascencio
GTX Basic - Conecom (CMPFB2PS),70950,lost,2025-12-21,2025-12-28,Conecom,Jonathan Berthelot
GTX Plus Basic - Finjob (61HW4ELT),141384,lost,2025-12-21,2026-02-25,Finjob,Kami Bicknell
GTX Basic - J-Texon (F481S8G3),70305,won,2025-12-21,2026-02-16,J-Texon,Kami Bicknell
GTX Plus Pro - Statholdings (5G4I94TF),707178,qualified,2025-12-21,,Statholdings,Kary Hendrixson
MG Special - Y-corporation (677XNEFB),7482,won,2025-12-21,2026-03-15,Y-corporation,Markita Hansen
MG Advanced - Streethex (7L0S5EON),437697,lost,2025-12-21,2025-12-29,Streethex,Marty Freudenburg
GTX Pro - Dontechi (A3D8MRDX),552120,won,2025-12-21,2026-02-06,Dontechi,Niesha Huffines
MG Advanced - Umbrella Corporation (YE6R6I1K),371520,won,2025-12-21,2026-02-23,Umbrella Corporation,Reed Clapper
GTK 500 - Y-corporation (JXUXBANJ),3262152,won,2025-12-21,2025-12-31,Y-corporation,Rosalina Dieter
MG Special - Hottechi (UWPUJESS),7095,lost,2025-12-21,2026-02-19,Hottechi,Versie Hillebrand
MG Special - Hatfan (HSTXUOVW),7095,lost,2025-12-21,2026-01-31,Hatfan,Vicki Laflamme
GTX Basic - Goodsilron (2ZT298DY),70950,lost,2025-12-21,2025-12-30,Goodsilron,Zane Levy
GTX Basic - Hottechi (Z769EPTS),70950,lost,2025-12-21,2026-02-08,Hottechi,Zane Levy
MG Advanced - Zumgoity (GOIVV4OG),421443,won,2025-12-22,2026-02-23,Zumgoity,Cecily Lampkin
GTX Plus Pro - Betasoloin (CJOU1RYX),668478,won,2025-12-22,2026-03-06,Betasoloin,Daniell Hammack
GTX Pro - Cancity (5OVTFUNQ),621909,lost,2025-12-22,2025-12-31,Cancity,Darcel Schlecht
MG Special - Statholdings (0RNYAI6O),7095,lost,2025-12-22,2026-01-02,Statholdings,Darcel Schlecht
GTX Pro - Zencorporation (NSI9TMQ1),621909,lost,2025-12-22,2026-02-25,Zencorporation,Garret Kinder
GTX Basic - Y-corporation (2QQD7411),69660,won,2025-12-22,2026-02-19,Y-corporation,James Ascencio
MG Advanced - Finjob (XR57MBVC),450468,won,2025-12-22,2026-01-26,Finjob,James Ascencio
GTX Plus Pro - dambase (8BY9YRL9),772839,won,2025-12-22,2026-03-23,dambase,Jonathan Berthelot
GTX Basic - Lexiqvolax (7PWQUE7O),70950,lost,2025-12-22,2025-12-28,Lexiqvolax,Markita Hansen
MG Advanced - Konex (ELCQKUQU),437697,lost,2025-12-22,2026-01-01,Konex,Markita Hansen
GTX Pro - Sunnamplex (CVPH0J04),640872,won,2025-12-22,2026-03-23,Sunnamplex,Markita Hansen
GTX Pro - Konex (H8CLNRM2),645774,won,2025-12-22,2026-02-20,Konex,Maureen Marcano
MG Special - Conecom (MJBD6V39),7095,lost,2025-12-22,2026-01-26,Conecom,Moses Frase
GTX Plus Pro - Zotware (GQQ01OO5),707178,lost,2025-12-22,2026-02-09,Zotware,Reed Clapper
GTX Pro - Mathtouch (B85LVFR1),691827,won,2025-12-22,2025-12-31,Mathtouch,Reed Clapper
MG Special - dambase (U8XA7JCO),6321,won,2025-12-22,2026-03-25,dambase,Versie Hillebrand
GTX Plus Basic - Donware (0QPZIIPF),141384,qualified,2025-12-22,,Donware,Vicki Laflamme
GTX Plus Basic - Fasehatice (2GR73FEV),141384,lost,2025-12-22,2025-12-29,Fasehatice,Zane Levy
MG Advanced - Doncon (AV4ZPXE3),548637,won,2025-12-22,2025-12-29,Doncon,Zane Levy
MG Special - Codehow (X8QV83G1),7095,lost,2025-12-23,2026-01-03,Codehow,Anna Snelling
MG Special - Codehow (T1ZYZ70B),7095,lost,2025-12-23,2026-03-05,Codehow,Anna Snelling
GTX Basic - Plussunin (RO6QLRCX),54438,won,2025-12-23,2026-02-24,Plussunin,Cassey Cress
GTX Basic - Hottechi (6FT804V9),70950,lost,2025-12-23,2026-01-01,Hottechi,Cecily Lampkin
GTX Plus Basic - Codehow (SKTAI2GS),136224,won,2025-12-23,2026-01-03,Codehow,Cecily Lampkin
GTX Pro - Bioplex (YIGSYPWD),621909,lost,2025-12-23,2026-01-02,Bioplex,Corliss Cosme
GTX Pro - Ganjaflex (9IP0C0IR),621909,lost,2025-12-23,2026-02-22,Ganjaflex,Corliss Cosme
GTX Pro - Dontechi (E06J9PDT),621909,lost,2025-12-23,2026-01-01,Dontechi,Darcel Schlecht
MG Advanced - Inity (3OLESA9M),437697,lost,2025-12-23,2025-12-29,Inity,Darcel Schlecht
MG Advanced - Warephase (3O7PIS8O),472785,won,2025-12-23,2026-01-04,Warephase,Darcel Schlecht
GTX Pro - Donquadtech (FAV4HHP4),558441,won,2025-12-23,2026-02-28,Donquadtech,Donn Cantrell
MG Special - Finhigh (LOMFB71Q),7095,lost,2025-12-23,2025-12-29,Finhigh,Gladys Colclough
MG Special - Goodsilron (C334XDK8),7482,won,2025-12-23,2026-01-03,Goodsilron,Hayden Neloms
GTX Plus Pro - Y-corporation (R707GGNA),948924,won,2025-12-23,2026-03-23,Y-corporation,James Ascencio
GTX Pro - Fasehatice (EP81D4IN),524514,won,2025-12-23,2026-03-22,Fasehatice,James Ascencio
MG Special - Condax (UWZ7DFKY),7095,won,2025-12-23,2026-03-03,Condax,Lajuana Vencill
MG Advanced - Zoomit (7SH51ME1),482202,won,2025-12-23,2026-03-24,Zoomit,Markita Hansen
MG Special - Scottech (DFFEQ87N),7095,qualified,2025-12-23,,Scottech,Maureen Marcano
GTX Basic - Hottechi (QPH1YUAN),70950,lost,2025-12-23,2025-12-30,Hottechi,Maureen Marcano
MG Advanced - Labdrill (7PV7V1RP),437697,lost,2025-12-23,2026-02-20,Labdrill,Maureen Marcano
GTX Plus Basic - Y-corporation (C2WEF4XH),114552,won,2025-12-23,2026-02-09,Y-corporation,Maureen Marcano
GTX Plus Pro - Bioholding (5G645WYV),702663,won,2025-12-23,2026-01-02,Bioholding,Moses Frase
GTX Plus Pro - Globex Corporation (5M3Z5DS4),770388,won,2025-12-23,2025-12-31,Globex Corporation,Niesha Huffines
GTX Pro - Cheers (CR20TBUT),626295,won,2025-12-23,2025-12-28,Cheers,Rosalina Dieter
MG Advanced - Xx-zobam (M5E8U8HP),437955,won,2025-12-23,2026-02-23,Xx-zobam,Rosie Papadopoulos
MG Special - New prospect (BXK5HGEY),7095,qualified,2025-12-23,,,Vicki Laflamme
MG Special - New prospect (XXUGTDX7),7095,qualified,2025-12-23,,,Vicki Laflamme
MG Special - New prospect (LWXHKI88),7095,qualified,2025-12-23,,,Vicki Laflamme
MG Special - Bioplex (9VEB4KWV),7095,lost,2025-12-23,2026-01-02,Bioplex,Violet Mclelland
GTX Plus Basic - Goodsilron (9S7VQ79A),139836,won,2025-12-23,2025-12-25,Goodsilron,Zane Levy
MG Advanced - Inity (1MQFYGEE),473430,won,2025-12-24,2026-02-28,Inity,Cecily Lampkin
GTX Plus Basic - Initech (4G10PCOZ),141384,lost,2025-12-24,2025-12-28,Initech,Daniell Hammack
GTX Plus Pro - Gekko & Co (DLZYL69K),684216,won,2025-12-24,2026-02-27,Gekko & Co,Daniell Hammack
GTX Plus Pro - Treequote (KYQ50DTU),707178,lost,2025-12-24,2026-01-01,Treequote,Darcel Schlecht
GTX Pro - Conecom (FRIVBOOA),495876,won,2025-12-24,2026-03-13,Conecom,Darcel Schlecht
GTX Basic - Acme Corporation (7ASDRLM5),70821,won,2025-12-24,2026-02-05,Acme Corporation,Donn Cantrell
GTX Pro - Condax (0HB6OUIN),621909,lost,2025-12-24,2026-02-14,Condax,Gladys Colclough
MG Advanced - Stanredtax (UWK0KA56),437697,lost,2025-12-24,2025-12-31,Stanredtax,Gladys Colclough
GTX Basic - Hottechi (CCVCBR83),71337,won,2025-12-24,2025-12-31,Hottechi,Jonathan Berthelot
GTX Basic - New prospect (I6U62W0R),70950,qualified,2025-12-24,,,Kami Bicknell
GTX Plus Basic - Plexzap (SV2VJ3VH),141384,lost,2025-12-24,2026-01-30,Plexzap,Kami Bicknell
MG Advanced - Faxquote (ASL3FJZP),454467,won,2025-12-24,2026-01-02,Faxquote,Kami Bicknell
GTX Pro - Funholding (EB89ONZN),621909,qualified,2025-12-24,,Funholding,Kary Hendrixson
GTX Basic - Konex (0S4K915N),70950,lost,2025-12-24,2026-02-14,Konex,Kary Hendrixson
GTX Basic - Hottechi (8IJOC37Z),54696,won,2025-12-24,2026-03-25,Hottechi,Kary Hendrixson
GTX Basic - Konmatfix (28BIO7F9),63210,won,2025-12-24,2026-02-27,Konmatfix,Marty Freudenburg
GTX Pro - Konex (9B5T5QTA),621909,lost,2025-12-24,2025-12-30,Konex,Maureen Marcano
MG Special - Green-Plus (9ZDFLOKA),6192,won,2025-12-24,2026-01-02,Green-Plus,Maureen Marcano
MG Advanced - Hottechi (8FXUNDUS),513678,won,2025-12-24,2026-02-20,Hottechi,Moses Frase
MG Advanced - Finjob (MLC5KY2R),437697,lost,2025-12-24,2026-03-08,Finjob,Rosalina Dieter
GTX Plus Pro - Sonron (98YPUABG),707178,lost,2025-12-24,2026-01-01,Sonron,Vicki Laflamme
GTX Plus Basic - Goodsilron (181X64EU),151704,won,2025-12-24,2026-01-04,Goodsilron,Vicki Laflamme
GTX Basic - Betasoloin (XLKL4EI0),70950,lost,2025-12-24,2026-01-05,Betasoloin,Wilburn Farren
GTX Basic - Kinnamplus (5RUF6451),75981,won,2025-12-24,2025-12-30,Kinnamplus,Wilburn Farren
GTX Plus Pro - Singletechno (G67668KN),707178,lost,2025-12-24,2026-02-10,Singletechno,Zane Levy
GTX Basic - Vehement Capital Partners (4SAUJMOI),70950,lost,2025-12-25,2025-12-27,Vehement Capital Partners,Boris Faz
GTX Plus Pro - Xx-zobam (B2H3P25L),707178,lost,2025-12-25,2026-01-02,Xx-zobam,Boris Faz
GTX Pro - The New York Inquirer (DF19VWL4),551604,won,2025-12-25,2026-01-01,The New York Inquirer,Cassey Cress
MG Advanced - Silis (ZIZXHX09),437310,won,2025-12-25,2026-01-02,Silis,Cassey Cress
GTX Basic - Bioholding (70GGNRPB),70950,lost,2025-12-25,2026-01-06,Bioholding,Cecily Lampkin
MG Special - dambase (0VYX8TN3),7095,lost,2025-12-25,2026-01-04,dambase,Cecily Lampkin
GTX Basic - Dontechi (JPJ3A9T8),69789,won,2025-12-25,2026-02-13,Dontechi,Cecily Lampkin
GTX Plus Pro - Ganjaflex (1A86ZD0B),669381,won,2025-12-25,2026-03-23,Ganjaflex,Corliss Cosme
GTX Pro - Ganjaflex (PMQ4M2UX),621909,lost,2025-12-25,2026-01-02,Ganjaflex,Daniell Hammack
GTX Plus Pro - Xx-zobam (OFQCCQ6I),892680,won,2025-12-25,2026-03-20,Xx-zobam,Daniell Hammack
GTX Basic - Condax (3Z2BQVQ7),70950,lost,2025-12-25,2025-12-27,Condax,Darcel Schlecht
GTX Plus Basic - Isdom (57FO8KSQ),141384,lost,2025-12-25,2026-01-02,Isdom,Darcel Schlecht
MG Advanced - Globex Corporation (3VQOFPW7),437697,lost,2025-12-25,2026-02-11,Globex Corporation,Darcel Schlecht
GTX Basic - Bioholding (HMKFBTYR),77400,won,2025-12-25,2026-03-17,Bioholding,Darcel Schlecht
GTX Plus Basic - Bubba Gump (RMO3I92N),141384,lost,2025-12-25,2026-01-06,Bubba Gump,Donn Cantrell
GTX Pro - Konex (2AV40FHB),621909,lost,2025-12-25,2025-12-27,Konex,Donn Cantrell
GTX Basic - Xx-zobam (OUR875IK),72756,won,2025-12-25,2026-01-01,Xx-zobam,Donn Cantrell
GTK 500 - Goodsilron (LUFY70BU),3453072,lost,2025-12-25,2025-12-30,Goodsilron,Elease Gluck
GTX Plus Basic - Zathunicon (1OUHMFJV),133773,won,2025-12-25,2026-02-25,Zathunicon,Garret Kinder
GTX Basic - Hottechi (GMNQUFQZ),64500,won,2025-12-25,2025-12-27,Hottechi,Kami Bicknell
GTX Plus Pro - Hottechi (YWF7W7H8),738912,won,2025-12-25,2026-01-02,Hottechi,Lajuana Vencill
MG Advanced - Kan-code (120BESB3),437697,lost,2025-12-25,2026-01-04,Kan-code,Markita Hansen
GTX Pro - Statholdings (HPSSENGT),621909,lost,2025-12-25,2026-01-01,Statholdings,Marty Freudenburg
MG Advanced - Scottech (8TXOC3S3),437697,lost,2025-12-25,2026-01-06,Scottech,Moses Frase
MG Special - Finhigh (N55VF08D),6966,won,2025-12-25,2026-02-14,Finhigh,Moses Frase
GTX Basic - Xx-holding (265SZR01),64629,won,2025-12-25,2026-03-16,Xx-holding,Rosalina Dieter
GTX Basic - Finjob (NFMCPYOV),70950,qualified,2025-12-25,,Finjob,Rosie Papadopoulos
GTX Plus Pro - Umbrella Corporation (NKO2JRRS),793995,won,2025-12-25,2026-01-03,Umbrella Corporation,Rosie Papadopoulos
GTX Plus Pro - Zathunicon (WW3NDCO2),602172,won,2025-12-25,2026-01-03,Zathunicon,Rosie Papadopoulos
GTX Plus Pro - Zumgoity (DGPI60HG),647193,won,2025-12-25,2026-03-06,Zumgoity,Versie Hillebrand
MG Special - Ron-tech (06DUY829),7611,won,2025-12-25,2026-01-03,Ron-tech,Versie Hillebrand
GTX Basic - New prospect (2VDN72EP),70950,qualified,2025-12-25,,,Vicki Laflamme
GTX Pro - Fasehatice (HOG5OE78),621909,lost,2025-12-25,2026-01-03,Fasehatice,Vicki Laflamme
MG Advanced - Plexzap (PLM5WEY4),427764,won,2025-12-25,2026-01-01,Plexzap,Vicki Laflamme
GTX Basic - Zumgoity (Z9QZKUV5),70950,qualified,2025-12-25,,Zumgoity,Zane Levy
GTX Plus Pro - Plexzap (EWQVZB85),803283,won,2025-12-25,2026-01-05,Plexzap,Zane Levy
MG Special - Treequote (SFFFNT6B),7095,lost,2025-12-26,2026-01-02,Treequote,Anna Snelling
MG Special - Condax (99AAJPQN),7482,won,2025-12-26,2026-03-12,Condax,Anna Snelling
MG Advanced - dambase (JW2FHT1G),467754,won,2025-12-26,2026-01-03,dambase,Anna Snelling
MG Advanced - Vehement Capital Partners (08KE6ZQN),363651,won,2025-12-26,2025-12-27,Vehement Capital Partners,Boris Faz
GTX Pro - Cancity (WW1WV7IT),621909,qualified,2025-12-26,,Cancity,Cassey Cress
GTX Pro - Xx-zobam (0WVCRCOU),621909,lost,2025-12-26,2025-12-27,Xx-zobam,Cassey Cress
GTX Pro - Zencorporation (V5QIL0HU),621909,lost,2025-12-26,2026-01-02,Zencorporation,Cassey Cress
GTX Basic - Green-Plus (T0VJ4AMX),70950,qualified,2025-12-26,,Green-Plus,Corliss Cosme
MG Special - Inity (WLS5J30E),7095,qualified,2025-12-26,,Inity,Elease Gluck
GTX Plus Pro - Globex Corporation (F52YEFJ8),707178,lost,2025-12-26,2025-12-28,Globex Corporation,Gladys Colclough
GTX Plus Basic - Fasehatice (OZDJFUHH),116229,won,2025-12-26,2026-01-04,Fasehatice,Hayden Neloms
MG Advanced - Doncon (BUPUP2TV),443502,won,2025-12-26,2026-03-01,Doncon,Hayden Neloms
GTX Basic - Faxquote (HTQO5XIW),75981,won,2025-12-26,2026-01-03,Faxquote,James Ascencio
MG Special - Plusstrip (XCBKZWDX),7095,lost,2025-12-26,2026-03-17,Plusstrip,Kami Bicknell
GTX Pro - Sunnamplex (W7F056RK),654417,won,2025-12-26,2025-12-27,Sunnamplex,Kami Bicknell
GTX Plus Pro - New prospect (LIQZNH9U),707178,qualified,2025-12-26,,,Kary Hendrixson
MG Special - New prospect (P9LE92UR),7095,qualified,2025-12-26,,,Kary Hendrixson
MG Advanced - Hottechi (9LZICBEV),437697,lost,2025-12-26,2025-12-27,Hottechi,Kary Hendrixson
GTX Basic - Konex (YAKIMBKC),78561,won,2025-12-26,2025-12-28,Konex,Kary Hendrixson
MG Special - Goodsilron (FHU2WQ2K),7095,won,2025-12-26,2025-12-27,Goodsilron,Kary Hendrixson
MG Special - Fasehatice (VF651O1V),7095,lost,2025-12-26,2026-01-07,Fasehatice,Markita Hansen
GTX Plus Basic - Green-Plus (ISHAZTWG),141384,lost,2025-12-26,2026-01-07,Green-Plus,Maureen Marcano
GTX Plus Pro - Condax (0XIPT9AX),727173,won,2025-12-26,2026-01-05,Condax,Maureen Marcano
GTX Plus Pro - Plexzap (UURLD9W8),747297,won,2025-12-26,2026-01-06,Plexzap,Maureen Marcano
MG Special - Massive Dynamic (Y975VCYM),7095,lost,2025-12-26,2026-01-07,Massive Dynamic,Reed Clapper
GTX Basic - J-Texon (OPYWK3XE),70950,lost,2025-12-26,2025-12-31,J-Texon,Rosalina Dieter
MG Advanced - Dalttechnology (2VTBUOXA),437697,lost,2025-12-26,2026-02-24,Dalttechnology,Rosalina Dieter
GTX Basic - Hottechi (6YEF304L),67080,won,2025-12-26,2026-01-02,Hottechi,Rosalina Dieter
MG Advanced - Finjob (6AALZVSE),526320,won,2025-12-26,2025-12-28,Finjob,Rosalina Dieter
GTX Basic - Inity (JF9CTPPZ),67854,won,2025-12-26,2026-03-27,Inity,Versie Hillebrand
MG Special - Scottech (LAH7932Y),7353,won,2025-12-26,2026-02-11,Scottech,Versie Hillebrand
GTX Pro - New prospect (DOGKQHQP),621909,qualified,2025-12-26,,,Vicki Laflamme
MG Advanced - Xx-holding (CLOSEH5L),437697,lost,2025-12-26,2026-01-04,Xx-holding,Vicki Laflamme
MG Special - Y-corporation (ZT6XPQR0),6966,won,2025-12-26,2026-03-25,Y-corporation,Vicki Laflamme
MG Advanced - Sunnamplex (MUHI7FIM),434343,won,2025-12-26,2026-01-07,Sunnamplex,Vicki Laflamme
MG Advanced - New prospect (G3SJ8X1K),437697,qualified,2025-12-26,,,Violet Mclelland
GTX Basic - Dalttechnology (1WSLRC69),55470,won,2025-12-26,2026-01-01,Dalttechnology,Zane Levy
GTX Basic - Hottechi (ZZJ4I52J),66822,won,2025-12-27,2026-01-30,Hottechi,Anna Snelling
GTX Plus Basic - Umbrella Corporation (IGVGV1O5),141384,lost,2025-12-27,2026-01-07,Umbrella Corporation,Boris Faz
MG Special - New prospect (JW4Q5F4Z),7095,qualified,2025-12-27,,,Cassey Cress
GTX Plus Basic - Zotware (O5OCDKVH),141384,lost,2025-12-27,2026-01-06,Zotware,Corliss Cosme
GTX Pro - Scotfind (KKRJ6TBY),621909,qualified,2025-12-27,,Scotfind,Daniell Hammack
GTX Pro - Massive Dynamic (TNUCQKW6),621909,lost,2025-12-27,2025-12-29,Massive Dynamic,Daniell Hammack
GTX Plus Pro - Bioholding (T4NRIY5R),747942,won,2025-12-27,2026-01-03,Bioholding,Darcel Schlecht
GTX Pro - Betatech (5PA21ZHE),604365,won,2025-12-27,2026-01-05,Betatech,Darcel Schlecht
MG Advanced - Genco Pura Olive Oil Company (MCR8YCCY),416412,won,2025-12-27,2026-03-14,Genco Pura Olive Oil Company,Darcel Schlecht
GTX Basic - Initech (N4PVP6C0),70950,lost,2025-12-27,2025-12-29,Initech,Donn Cantrell
GTX Basic - Plexzap (8INCUUGJ),58308,won,2025-12-27,2026-03-19,Plexzap,Elease Gluck
GTX Plus Basic - Condax (CKSNW8DU),141384,lost,2025-12-27,2026-01-06,Condax,Gladys Colclough
MG Advanced - New prospect (MIY4MF3R),437697,qualified,2025-12-27,,,Hayden Neloms
GTX Basic - Dontechi (JFB4WY8C),72885,won,2025-12-27,2026-01-03,Dontechi,Jonathan Berthelot
GTX Plus Basic - Warephase (BP7JRV1O),152736,won,2025-12-27,2026-03-02,Warephase,Jonathan Berthelot
GTX Plus Basic - Hatfan (OREPAY0O),148350,won,2025-12-27,2026-03-19,Hatfan,Kami Bicknell
GTX Basic - Iselectrics (YLK0MRJ3),70950,qualified,2025-12-27,,Iselectrics,Kary Hendrixson
GTX Plus Basic - Singletechno (XBSZ29VJ),143190,won,2025-12-27,2026-02-18,Singletechno,Kary Hendrixson
MG Advanced - Zumgoity (8BRN98H6),437697,lost,2025-12-27,2026-01-05,Zumgoity,Lajuana Vencill
MG Advanced - J-Texon (VZS17M7X),492393,won,2025-12-27,2026-01-01,J-Texon,Markita Hansen
MG Advanced - Rundofase (49USIHDH),437697,lost,2025-12-27,2026-01-05,Rundofase,Marty Freudenburg
MG Advanced - Bioholding (A89TBOY5),437697,lost,2025-12-27,2026-01-01,Bioholding,Moses Frase
GTX Basic - Hottechi (26XU4887),68499,won,2025-12-27,2026-01-05,Hottechi,Niesha Huffines
GTX Plus Pro - The New York Inquirer (QQTQFG9A),707178,lost,2025-12-27,2025-12-30,The New York Inquirer,Reed Clapper
MG Advanced - Ontomedia (7O00H1TC),437697,lost,2025-12-27,2025-12-28,Ontomedia,Reed Clapper
MG Special - Blackzim (LGTIXQ46),6579,won,2025-12-27,2026-01-02,Blackzim,Rosalina Dieter
MG Advanced - Sunnamplex (H6I16U57),437697,qualified,2025-12-27,,Sunnamplex,Rosie Papadopoulos
GTX Pro - Mathtouch (KJBYGG1S),658674,won,2025-12-27,2026-02-06,Mathtouch,Rosie Papadopoulos
MG Advanced - Genco Pura Olive Oil Company (IXBUR07V),437697,lost,2025-12-27,2026-01-08,Genco Pura Olive Oil Company,Versie Hillebrand
MG Special - Stanredtax (B6UWHOD4),7740,won,2025-12-27,2025-12-28,Stanredtax,Versie Hillebrand
GTX Pro - Kinnamplus (20CVXRTX),621909,qualified,2025-12-27,,Kinnamplus,Vicki Laflamme
GTX Pro - Y-corporation (FJ6QV5XK),621909,lost,2025-12-27,2026-01-04,Y-corporation,Vicki Laflamme
GTX Plus Pro - Zotware (4DUMR5WD),707178,lost,2025-12-27,2026-01-04,Zotware,Wilburn Farren
GTX Plus Basic - Hottechi (AW3L4BTT),141384,lost,2025-12-27,2025-12-28,Hottechi,Zane Levy
GTX Pro - Hatfan (RH805ELL),655191,won,2025-12-27,2026-03-26,Hatfan,Zane Levy
GTX Basic - Streethex (7RI58VF7),59340,won,2025-12-28,2026-03-17,Streethex,Anna Snelling
MG Advanced - New prospect (VK9KN5PT),437697,qualified,2025-12-28,,,Boris Faz
GTX Plus Basic - Iselectrics (R15SXOZA),141384,lost,2025-12-28,2026-03-21,Iselectrics,Boris Faz
MG Advanced - Domzoom (H00Y9555),431247,won,2025-12-28,2026-01-05,Domzoom,Cecily Lampkin
GTX Plus Pro - Xx-zobam (RJYMI03Q),661125,won,2025-12-28,2026-02-22,Xx-zobam,Corliss Cosme
MG Advanced - Bioholding (5PJJCTJ9),420927,won,2025-12-28,2026-01-06,Bioholding,Darcel Schlecht
GTX Plus Basic - Fasehatice (J60KKQ4B),125904,won,2025-12-28,2026-01-03,Fasehatice,Elease Gluck
GTX Pro - Plussunin (X2QRD0DC),612234,won,2025-12-28,2026-01-04,Plussunin,Garret Kinder
GTX Plus Basic - Conecom (4KIZ9WJ0),141384,lost,2025-12-28,2025-12-29,Conecom,Gladys Colclough
GTX Basic - Codehow (6RQCLF28),65403,won,2025-12-28,2026-01-06,Codehow,Gladys Colclough
GTX Plus Pro - New prospect (DQ7GS2BN),707178,qualified,2025-12-28,,,James Ascencio
GTX Basic - Konex (T8WC5X1B),70950,lost,2025-12-28,2026-01-09,Konex,James Ascencio
GTX Pro - Fasehatice (HO6M5P37),734397,won,2025-12-28,2026-01-04,Fasehatice,James Ascencio
GTX Pro - New prospect (D5VY17OP),621909,qualified,2025-12-28,,,Kami Bicknell
GTX Plus Basic - Fasehatice (0J21WQH1),141384,lost,2025-12-28,2026-01-09,Fasehatice,Kami Bicknell
GTX Basic - Labdrill (N88UFF5K),70950,lost,2025-12-28,2025-12-29,Labdrill,Kary Hendrixson
GTX Basic - Cheers (OV08QE7X),62952,won,2025-12-28,2026-01-05,Cheers,Kary Hendrixson
GTX Basic - Rantouch (WJLJIWYS),78045,won,2025-12-28,2026-02-14,Rantouch,Kary Hendrixson
GTX Pro - New prospect (BED55OSG),621909,qualified,2025-12-28,,,Markita Hansen
GTX Plus Pro - Xx-holding (QJ25CASO),707178,lost,2025-12-28,2026-02-09,Xx-holding,Markita Hansen
GTX Plus Basic - Funholding (GJQXUDI3),122421,won,2025-12-28,2026-01-06,Funholding,Marty Freudenburg
GTX Plus Basic - Faxquote (OOGOZGGV),113778,won,2025-12-28,2025-12-30,Faxquote,Maureen Marcano
GTX Plus Basic - Goodsilron (C9XJ9KHD),141384,won,2025-12-28,2026-03-19,Goodsilron,Maureen Marcano
GTX Basic - Donware (IWAKTMEB),70950,lost,2025-12-28,2026-01-05,Donware,Reed Clapper
GTX Basic - Donware (AKT5EF0X),73788,won,2025-12-28,2026-05-01,Donware,Reed Clapper
MG Advanced - Bluth Company (89064N0X),437697,lost,2025-12-28,2026-01-02,Bluth Company,Rosie Papadopoulos
GTX Pro - Kinnamplus (V7YVW4U0),481299,won,2025-12-28,2026-01-07,Kinnamplus,Rosie Papadopoulos
MG Special - Konmatfix (TBJ99S41),7095,lost,2025-12-28,2026-01-07,Konmatfix,Versie Hillebrand
GTX Plus Basic - Hottechi (QWLH0WD8),156606,won,2025-12-28,2026-03-10,Hottechi,Zane Levy
GTX Pro - Sunnamplex (JZTX4MXK),573276,won,2025-12-28,2025-12-29,Sunnamplex,Zane Levy
GTX Basic - Rangreen (4AHNCJ2Y),67596,won,2025-12-29,2026-03-24,Rangreen,Anna Snelling
GTX Plus Basic - New prospect (H5VBBEVI),141384,qualified,2025-12-29,,,Cassey Cress
GTX Plus Pro - New prospect (MB7G8DWS),707178,qualified,2025-12-29,,,Cassey Cress
GTX Plus Basic - Bubba Gump (JK75NQBD),128613,won,2025-12-29,2026-02-14,Bubba Gump,Cassey Cress
MG Advanced - Betasoloin (U1BDEL90),360426,won,2025-12-29,2026-01-05,Betasoloin,Corliss Cosme
MG Special - Rangreen (A9C9YCSN),6837,won,2025-12-29,2026-01-04,Rangreen,Darcel Schlecht
MG Advanced - Globex Corporation (524GC3WL),405189,won,2025-12-29,2026-01-08,Globex Corporation,Darcel Schlecht
MG Special - Silis (T4ZW6SS4),7095,lost,2025-12-29,2026-01-10,Silis,Donn Cantrell
GTX Plus Basic - Bioplex (FH4VP5CL),143061,won,2025-12-29,2026-03-23,Bioplex,Donn Cantrell
GTX Plus Pro - Iselectrics (K9MMOXUC),734139,won,2025-12-29,2026-01-09,Iselectrics,Donn Cantrell
GTX Pro - New prospect (2HS1C21I),621909,qualified,2025-12-29,,,Elease Gluck
MG Special - Nam-zim (LV5SEMZQ),6708,won,2025-12-29,2026-01-02,Nam-zim,Elease Gluck
MG Special - Hottechi (50B2JN7F),7095,lost,2025-12-29,2026-01-05,Hottechi,Gladys Colclough
GTX Basic - Betatech (JXS3KFKM),68628,won,2025-12-29,2025-12-31,Betatech,Gladys Colclough
GTX Pro - Isdom (QODSAVWU),724335,won,2025-12-29,2025-12-30,Isdom,Gladys Colclough
GTX Plus Basic - New prospect (Q2BB73WT),141384,qualified,2025-12-29,,,Hayden Neloms
GTX Basic - Goodsilron (UH3P961U),70950,lost,2025-12-29,2025-12-30,Goodsilron,James Ascencio
GTX Pro - Faxquote (3BQTRX5Y),621909,lost,2025-12-29,2026-02-20,Faxquote,Kami Bicknell
GTX Basic - J-Texon (YTL8VNGT),72885,won,2025-12-29,2026-01-07,J-Texon,Kami Bicknell
GTX Basic - Ron-tech (BL4SKUCN),70950,lost,2025-12-29,2026-01-06,Ron-tech,Lajuana Vencill
GTX Basic - Green-Plus (8TRT2HNF),70950,qualified,2025-12-29,,Green-Plus,Markita Hansen
GTX Basic - Iselectrics (ZLN48IIP),70950,qualified,2025-12-29,,Iselectrics,Markita Hansen
GTX Pro - Gekko & Co (W355HYRD),621909,lost,2025-12-29,2025-12-31,Gekko & Co,Reed Clapper
GTX Pro - Yearin (5UE0TE1R),514839,won,2025-12-29,2026-01-09,Yearin,Reed Clapper
GTX Pro - Kinnamplus (RFNRVNXJ),743427,won,2025-12-29,2026-02-14,Kinnamplus,Rosie Papadopoulos
MG Special - Conecom (UTZDDOU7),7095,lost,2025-12-29,2026-01-09,Conecom,Versie Hillebrand
MG Special - New prospect (HVT28XPH),7095,qualified,2025-12-29,,,Vicki Laflamme
MG Advanced - Cheers (2ZXKC707),437697,lost,2025-12-29,2026-01-06,Cheers,Vicki Laflamme
GTX Basic - J-Texon (VNCFE4LQ),58824,won,2025-12-29,2026-01-10,J-Texon,Vicki Laflamme
MG Special - New prospect (VM0MHPAO),7095,qualified,2025-12-29,,,Wilburn Farren
MG Special - Bluth Company (28QWFYSP),7095,lost,2025-12-29,2025-12-31,Bluth Company,Wilburn Farren
GTX Basic - Domzoom (VIV0OXU6),75078,won,2025-12-30,2026-01-06,Domzoom,Anna Snelling
MG Special - Domzoom (KVF0HK8S),7611,won,2025-12-30,2026-01-07,Domzoom,Anna Snelling
MG Advanced - Donquadtech (JLT2LLR3),420411,won,2025-12-30,2026-01-04,Donquadtech,Boris Faz
GTX Plus Pro - New prospect (LXZD2PZD),707178,qualified,2025-12-30,,,Corliss Cosme
GTX Basic - Ganjaflex (2LF1TSPZ),70950,lost,2025-12-30,2026-02-04,Ganjaflex,Corliss Cosme
GTX Plus Basic - Kan-code (FBJHTF91),141384,lost,2025-12-30,2026-01-06,Kan-code,Corliss Cosme
GTX Basic - Vehement Capital Partners (Z50GQV8I),76497,won,2025-12-30,2026-01-06,Vehement Capital Partners,Corliss Cosme
GTX Pro - Plussunin (O2CPAAF0),670413,won,2025-12-30,2026-03-23,Plussunin,Corliss Cosme
GTX Pro - dambase (CEOTU8PX),621909,lost,2025-12-30,2026-01-10,dambase,Darcel Schlecht
GTX Pro - Konmatfix (2S3DHZFO),621909,lost,2025-12-30,2026-03-18,Konmatfix,Darcel Schlecht
MG Special - Statholdings (ZE1ZKD7Q),7095,lost,2025-12-30,2026-01-07,Statholdings,Darcel Schlecht
MG Advanced - Finhigh (Y9XOOWHS),390999,won,2025-12-30,2026-03-15,Finhigh,Darcel Schlecht
GTX Pro - Gekko & Co (5FIGO7XN),621909,lost,2025-12-30,2026-01-10,Gekko & Co,Donn Cantrell
GTX Pro - Zencorporation (EFO8XWXE),676476,won,2025-12-30,2026-02-19,Zencorporation,Donn Cantrell
MG Special - New prospect (BPOTQCFG),7095,qualified,2025-12-30,,,Elease Gluck
MG Special - Green-Plus (62R8ERQ0),7095,lost,2025-12-30,2026-01-05,Green-Plus,Elease Gluck
GTX Plus Pro - Ontomedia (HYCELUAD),767034,won,2025-12-30,2026-03-17,Ontomedia,Garret Kinder
GTX Plus Basic - Golddex (MJZP9WYC),141384,lost,2025-12-30,2026-01-03,Golddex,Hayden Neloms
GTX Plus Pro - Labdrill (JNYS6BIJ),707178,lost,2025-12-30,2026-01-06,Labdrill,James Ascencio
GTX Pro - Singletechno (LUT9KYJA),559215,won,2025-12-30,2026-03-03,Singletechno,James Ascencio
GTX Plus Pro - Finhigh (DIWC1AHU),707178,lost,2025-12-30,2026-01-01,Finhigh,Jonathan Berthelot
GTX Pro - Konmatfix (ILYP3YGW),653127,won,2025-12-30,2026-01-01,Konmatfix,Jonathan Berthelot
GTX Pro - Streethex (0XC4DR3F),649128,won,2025-12-30,2026-01-05,Streethex,Jonathan Berthelot
GTX Pro - Labdrill (3ZM8BJQO),567342,won,2025-12-30,2026-02-25,Labdrill,Kami Bicknell
GTX Pro - Scotfind (AM5J5QPK),573921,won,2025-12-30,2026-01-01,Scotfind,Kami Bicknell
GTX Plus Pro - Blackzim (DRFUPEOU),707178,lost,2025-12-30,2026-02-04,Blackzim,Kary Hendrixson
GTX Basic - Treequote (I19TOSXS),70950,lost,2025-12-30,2026-01-01,Treequote,Lajuana Vencill
MG Advanced - Isdom (DWO4HD34),437697,lost,2025-12-30,2026-01-10,Isdom,Lajuana Vencill
MG Special - Funholding (4YH4JR1Q),6450,won,2025-12-30,2026-02-25,Funholding,Lajuana Vencill
GTX Plus Basic - New prospect (XM4VD3NN),141384,qualified,2025-12-30,,,Markita Hansen
GTX Basic - Goodsilron (NUA0OE6Z),78045,won,2025-12-30,2026-02-28,Goodsilron,Markita Hansen
MG Special - Scotfind (GDOHDB6U),7353,won,2025-12-30,2026-01-03,Scotfind,Markita Hansen
MG Advanced - Cheers (I58DG1XE),371778,won,2025-12-30,2026-03-07,Cheers,Markita Hansen
MG Advanced - Gogozoom (YA3O04NX),388419,won,2025-12-30,2026-03-02,Gogozoom,Marty Freudenburg
GTX Plus Pro - New prospect (D62905BC),707178,qualified,2025-12-30,,,Maureen Marcano
GTX Plus Basic - Rantouch (C2X9D7JO),152349,won,2025-12-30,2026-01-06,Rantouch,Maureen Marcano
GTX Plus Basic - Betatech (SBLP2LJB),137643,won,2025-12-30,2026-03-08,Betatech,Niesha Huffines
GTX Basic - Donquadtech (3CWKBXEN),70950,lost,2025-12-30,2026-01-08,Donquadtech,Reed Clapper
GTX Basic - Initech (ZG82F4GH),70950,lost,2025-12-30,2026-01-04,Initech,Reed Clapper
MG Special - Isdom (64KS4KGN),6966,won,2025-12-30,2026-01-01,Isdom,Versie Hillebrand
GTX Basic - Plexzap (637HKAFD),72756,won,2025-12-30,2026-03-26,Plexzap,Zane Levy
GTX Plus Basic - Conecom (U9E3G8UT),141384,lost,2025-12-31,2026-01-01,Conecom,Anna Snelling
MG Special - Betatech (FB1AO8SL),7353,won,2025-12-31,2026-01-09,Betatech,Anna Snelling
GTX Pro - Yearin (79LGX9EX),716982,won,2025-12-31,2026-03-27,Yearin,Cassey Cress
GTX Plus Pro - Treequote (LOAYKUEO),707178,lost,2025-12-31,2026-01-05,Treequote,Cecily Lampkin
GTX Basic - Silis (EM4XNIPW),70950,lost,2025-12-31,2026-01-02,Silis,Corliss Cosme
GTX Plus Basic - Bubba Gump (E6WG7J0I),139707,won,2025-12-31,2026-01-05,Bubba Gump,Corliss Cosme
GTX Pro - Treequote (37FL55S0),728463,won,2025-12-31,2026-01-01,Treequote,Darcel Schlecht
GTX Basic - Zencorporation (RSXFS096),70950,lost,2025-12-31,2026-05-04,Zencorporation,Donn Cantrell
GTX Pro - Silis (5QSU8PQU),599592,won,2025-12-31,2026-03-16,Silis,Donn Cantrell
MG Special - Plussunin (N58V2ML8),6450,won,2025-12-31,2026-01-09,Plussunin,Donn Cantrell
MG Advanced - Hottechi (SFI9TVH3),437697,lost,2025-12-31,2026-01-02,Hottechi,Gladys Colclough
GTX Basic - Kan-code (0G65AQVC),70950,lost,2025-12-31,2026-02-24,Kan-code,James Ascencio
GTX Pro - Singletechno (F91QWQ1G),621909,lost,2025-12-31,2026-01-02,Singletechno,James Ascencio
GTX Basic - dambase (XEP9GSSY),70950,lost,2025-12-31,2026-05-04,dambase,Jonathan Berthelot
GTX Basic - Rangreen (0000I7AO),65145,won,2025-12-31,2026-02-06,Rangreen,Jonathan Berthelot
GTX Pro - Doncon (A0VM9Q5M),621909,lost,2025-12-31,2026-01-10,Doncon,Kary Hendrixson
GTX Basic - Green-Plus (P9SDPJJO),58050,won,2025-12-31,2026-01-01,Green-Plus,Kary Hendrixson
GTX Plus Pro - Blackzim (NW6OPA4M),642807,won,2025-12-31,2026-02-15,Blackzim,Kary Hendrixson
GTX Plus Basic - Ron-tech (ZZQB2NPD),147060,won,2025-12-31,2026-03-16,Ron-tech,Lajuana Vencill
MG Special - New prospect (9ILB20UV),7095,qualified,2025-12-31,,,Markita Hansen
GTX Plus Basic - Faxquote (KG5JIU81),141384,lost,2025-12-31,2026-01-02,Faxquote,Markita Hansen
MG Advanced - J-Texon (4XGA0K6N),411252,won,2025-12-31,2026-03-19,J-Texon,Markita Hansen
GTX Basic - Silis (MV1LBCP5),70950,lost,2025-12-31,2026-01-01,Silis,Reed Clapper
GTX Plus Basic - Xx-zobam (UIFIWKNI),140739,won,2025-12-31,2026-04-29,Xx-zobam,Reed Clapper
GTX Plus Pro - Bioplex (MBGVOGCY),657255,won,2025-12-31,2026-01-07,Bioplex,Reed Clapper
MG Special - Condax (2WQ5FUPR),6579,won,2025-12-31,2026-04-29,Condax,Reed Clapper
MG Special - Green-Plus (DA6LGJ66),7998,won,2025-12-31,2026-03-16,Green-Plus,Rosalina Dieter
GTX Basic - Zoomit (OJSYLHMZ),70950,won,2025-12-31,2026-03-25,Zoomit,Vicki Laflamme
MG Special - Gekko & Co (QO6CI3P4),5805,won,2025-12-31,2026-01-02,Gekko & Co,Violet Mclelland
GTX Basic - New prospect (PNO7D8PD),70950,qualified,2025-12-31,,,Zane Levy
GTX Basic - Dontechi (HJP5X1MT),67983,won,2026-01-01,2026-03-06,Dontechi,Anna Snelling
GTX Basic - Kinnamplus (JO4MF90Q),70950,lost,2026-01-01,2026-01-10,Kinnamplus,Cassey Cress
GTX Plus Basic - Xx-zobam (RX95UPUC),141384,lost,2026-01-01,2026-02-24,Xx-zobam,Cassey Cress
MG Advanced - New prospect (2GV66JA7),437697,qualified,2026-01-01,,,Daniell Hammack
MG Advanced - Domzoom (0SMQAD34),437697,lost,2026-01-01,2026-01-03,Domzoom,Darcel Schlecht
MG Special - Rundofase (THMEDL51),8256,won,2026-01-01,2026-01-09,Rundofase,Darcel Schlecht
MG Advanced - Plussunin (94B4785B),471495,won,2026-01-01,2026-01-10,Plussunin,Donn Cantrell
GTK 500 - New prospect (AKMV6WN5),3453072,qualified,2026-01-01,,,Elease Gluck
MG Special - New prospect (HPIKEMB9),7095,qualified,2026-01-01,,,Elease Gluck
MG Special - Bioholding (SLN6HHLD),7095,lost,2026-01-01,2026-01-11,Bioholding,Gladys Colclough
MG Advanced - Rundofase (MU3PM8ON),437697,lost,2026-01-01,2026-01-08,Rundofase,Gladys Colclough
MG Advanced - New prospect (U0E0XHK9),437697,qualified,2026-01-01,,,Hayden Neloms
GTX Basic - Finjob (E6GVZ30Q),72369,won,2026-01-01,2026-02-15,Finjob,James Ascencio
GTX Plus Basic - New prospect (8254HM4E),141384,qualified,2026-01-01,,,Kami Bicknell
GTX Basic - Hatfan (QVWM8LUB),70950,lost,2026-01-01,2026-05-03,Hatfan,Kary Hendrixson
GTX Plus Basic - Faxquote (7C2HU8OC),141384,lost,2026-01-01,2026-01-11,Faxquote,Kary Hendrixson
GTX Plus Pro - Plexzap (74P8ZFDD),793866,won,2026-01-01,2026-01-02,Plexzap,Kary Hendrixson
GTX Pro - Cheers (MB3376Q1),613524,won,2026-01-01,2026-01-07,Cheers,Kary Hendrixson
GTX Basic - Streethex (RSAGMF10),70950,lost,2026-01-01,2026-01-09,Streethex,Lajuana Vencill
MG Special - Gogozoom (3N6VGWVS),7869,won,2026-01-01,2026-02-24,Gogozoom,Lajuana Vencill
GTX Basic - Warephase (KG61YJ92),74175,won,2026-01-01,2026-03-21,Warephase,Moses Frase
GTX Plus Basic - Finhigh (Z4A1R9CJ),147963,won,2026-01-01,2026-02-16,Finhigh,Moses Frase
MG Advanced - Funholding (I6ZWBDU6),407769,won,2026-01-01,2026-03-09,Funholding,Moses Frase
GTX Basic - Isdom (3DB2J8UR),70950,lost,2026-01-01,2026-01-11,Isdom,Niesha Huffines
MG Advanced - Condax (6ER2KL7X),437697,lost,2026-01-01,2026-01-09,Condax,Vicki Laflamme
GTX Basic - Scotfind (CBTC7BHL),67725,won,2026-01-01,2026-01-29,Scotfind,Vicki Laflamme
GTX Pro - Dalttechnology (93JCG10L),537672,won,2026-01-01,2026-01-07,Dalttechnology,Zane Levy
GTX Basic - Warephase (X9BUD48V),76884,won,2026-01-02,2026-01-03,Warephase,Anna Snelling
GTX Pro - New prospect (QCNOCX0P),621909,qualified,2026-01-02,,,Boris Faz
MG Special - Zotware (TQLJOZBP),7611,won,2026-01-02,2026-01-10,Zotware,Boris Faz
GTX Pro - Ontomedia (9IE6GBXM),621909,lost,2026-01-02,2026-02-08,Ontomedia,Cassey Cress
MG Advanced - New prospect (M9V8824W),437697,qualified,2026-01-02,,,Corliss Cosme
GTX Plus Pro - Konex (BG2656VA),733236,won,2026-01-02,2026-01-10,Konex,Corliss Cosme
MG Advanced - Kan-code (JXBUN5MY),437697,lost,2026-01-02,2026-01-10,Kan-code,Daniell Hammack
GTX Pro - Gogozoom (7TJEHAED),569277,won,2026-01-02,2026-01-10,Gogozoom,Darcel Schlecht
MG Advanced - Opentech (QPOE9V6Y),437697,lost,2026-01-02,2026-01-12,Opentech,Donn Cantrell
MG Advanced - Vehement Capital Partners (ULJM9JGL),437697,lost,2026-01-02,2026-01-10,Vehement Capital Partners,Donn Cantrell
GTX Pro - Mathtouch (PYY9M6Q4),535608,won,2026-01-02,2026-01-08,Mathtouch,Donn Cantrell
MG Special - Dalttechnology (WAF692K8),6579,won,2026-01-02,2026-03-21,Dalttechnology,Elease Gluck
GTX Basic - Zathunicon (0UDLH6I3),70950,lost,2026-01-02,2026-01-10,Zathunicon,Garret Kinder
MG Advanced - Toughzap (WUGE2QUO),437697,lost,2026-01-02,2026-01-13,Toughzap,Gladys Colclough
GTX Plus Basic - Sonron (XBLA9VO6),142287,won,2026-01-02,2026-02-12,Sonron,James Ascencio
GTX Plus Basic - Warephase (QL7H3WQZ),140739,won,2026-01-02,2026-01-04,Warephase,Jonathan Berthelot
GTX Plus Basic - Zumgoity (DXBLA2BS),153381,won,2026-01-02,2026-01-12,Zumgoity,Jonathan Berthelot
GTX Pro - Streethex (EYW0QD8A),584886,won,2026-01-02,2026-03-24,Streethex,Jonathan Berthelot
GTX Basic - Golddex (NXWNJ7U5),70950,lost,2026-01-02,2026-02-06,Golddex,Kami Bicknell
GTX Plus Basic - Konex (8LVFBGN4),141384,lost,2026-01-02,2026-01-11,Konex,Kami Bicknell
GTX Basic - New prospect (UUGY3W44),70950,qualified,2026-01-02,,,Kary Hendrixson
MG Advanced - New prospect (BHHDOY2E),437697,qualified,2026-01-02,,,Kary Hendrixson
GTX Basic - Codehow (SUQNORF2),70950,lost,2026-01-02,2026-01-11,Codehow,Lajuana Vencill
GTX Basic - Condax (3M03SX77),67338,won,2026-01-02,2026-01-08,Condax,Markita Hansen
GTX Pro - Goodsilron (C7Y0UUIN),646548,won,2026-01-02,2026-02-21,Goodsilron,Markita Hansen
GTX Plus Basic - Rantouch (DI6H5ERU),143061,won,2026-01-02,2026-01-03,Rantouch,Maureen Marcano
GTX Plus Pro - Genco Pura Olive Oil Company (SQZ293C0),601011,won,2026-01-02,2026-01-08,Genco Pura Olive Oil Company,Moses Frase
GTX Basic - Cancity (2SGRE4VE),70950,lost,2026-01-02,2026-01-11,Cancity,Niesha Huffines
GTX Plus Pro - Codehow (AMKR98V4),707178,lost,2026-01-02,2026-03-10,Codehow,Versie Hillebrand
GTX Plus Pro - Treequote (DESFU690),707178,lost,2026-01-02,2026-01-04,Treequote,Versie Hillebrand
MG Special - Konmatfix (V8HMIE7M),7095,lost,2026-01-02,2026-02-24,Konmatfix,Versie Hillebrand
MG Advanced - Rangreen (91JBU17E),437697,lost,2026-01-02,2026-01-07,Rangreen,Versie Hillebrand
GTX Basic - New prospect (XDECB9X2),70950,qualified,2026-01-02,,,Vicki Laflamme
MG Advanced - Konex (4MMQZHCK),437697,lost,2026-01-02,2026-01-11,Konex,Vicki Laflamme
MG Advanced - Finjob (RSKU2ZHM),437697,lost,2026-01-02,2026-01-08,Finjob,Zane Levy
MG Advanced - dambase (8LTQ9ESQ),437697,lost,2026-01-03,2026-01-10,dambase,Anna Snelling
GTX Plus Basic - Stanredtax (EBBIJKLT),147318,won,2026-01-03,2026-01-10,Stanredtax,Anna Snelling
GTX Pro - New prospect (GL95LARP),621909,qualified,2026-01-03,,,Cassey Cress
GTX Basic - Zathunicon (8RIKWACO),63339,won,2026-01-03,2026-02-21,Zathunicon,Corliss Cosme
GTX Plus Pro - Y-corporation (FM505XD5),707178,qualified,2026-01-03,,Y-corporation,Daniell Hammack
GTX Pro - Finhigh (U3394VAL),621909,lost,2026-01-03,2026-01-13,Finhigh,Darcel Schlecht
MG Special - Domzoom (G58AHYTW),7095,lost,2026-01-03,2026-01-09,Domzoom,Darcel Schlecht
GTX Pro - Funholding (KK7L97V7),732462,won,2026-01-03,2026-01-04,Funholding,Darcel Schlecht
GTX Pro - Bioplex (GWRPJWRO),621909,lost,2026-01-03,2026-01-11,Bioplex,Donn Cantrell
GTX Basic - Sumace (GNKFTK7J),70563,won,2026-01-03,2026-03-11,Sumace,Donn Cantrell
GTX Basic - Umbrella Corporation (UEL6CAP9),70950,lost,2026-01-03,2026-01-11,Umbrella Corporation,Garret Kinder
GTX Plus Basic - Singletechno (2FEA30KT),120615,won,2026-01-03,2026-02-19,Singletechno,Hayden Neloms
GTX Plus Pro - Scotfind (P2VXL7MO),614169,won,2026-01-03,2026-01-05,Scotfind,Hayden Neloms
MG Advanced - Newex (YT7QY06V),415896,won,2026-01-03,2026-01-09,Newex,Hayden Neloms
GTX Basic - Sunnamplex (L66MAMK5),64629,won,2026-01-03,2026-01-12,Sunnamplex,Kami Bicknell
MG Advanced - Statholdings (RGYBSSEK),455628,won,2026-01-03,2026-01-12,Statholdings,Lajuana Vencill
MG Advanced - New prospect (J6F10SFK),437697,qualified,2026-01-03,,,Markita Hansen
GTX Pro - Xx-holding (5KC9ZGBX),557280,won,2026-01-03,2026-01-07,Xx-holding,Maureen Marcano
MG Special - Genco Pura Olive Oil Company (AYIPNQFR),7095,lost,2026-01-03,2026-01-05,Genco Pura Olive Oil Company,Moses Frase
GTX Plus Basic - Zotware (Q1MP64HG),144867,won,2026-01-03,2026-03-08,Zotware,Reed Clapper
GTX Pro - Xx-zobam (XGD6BFD6),672993,won,2026-01-03,2026-01-04,Xx-zobam,Rosie Papadopoulos
MG Special - Codehow (1IH166HI),7095,lost,2026-01-03,2026-02-21,Codehow,Versie Hillebrand
GTX Pro - New prospect (U4IJO6SL),621909,qualified,2026-01-03,,,Vicki Laflamme
GTX Basic - Labdrill (BK85705L),76755,won,2026-01-03,2026-03-07,Labdrill,Vicki Laflamme
GTX Plus Pro - Konex (77MKNCO3),754392,won,2026-01-03,2026-01-11,Konex,Vicki Laflamme
GTX Basic - Faxquote (OB7TAJOZ),70950,lost,2026-01-03,2026-01-04,Faxquote,Zane Levy
MG Special - Plexzap (DU0E2LMZ),7095,lost,2026-01-03,2026-01-08,Plexzap,Zane Levy
GTX Plus Pro - Xx-holding (1B4CL153),759036,won,2026-01-03,2026-01-12,Xx-holding,Zane Levy
MG Advanced - Betatech (93X2W24Q),472914,won,2026-01-04,2026-02-27,Betatech,Anna Snelling
GTX Basic - Zathunicon (U0E9CRX5),70950,lost,2026-01-04,2026-01-13,Zathunicon,Boris Faz
GTX Basic - Konex (I7KV29LC),77142,won,2026-01-04,2026-01-15,Konex,Cassey Cress
MG Advanced - Initech (NNM6GN1J),422475,won,2026-01-04,2026-01-11,Initech,Cassey Cress
GTX Basic - Funholding (D1UDLFVY),70950,lost,2026-01-04,2026-01-05,Funholding,Cecily Lampkin
GTX Basic - Isdom (M8WP93D4),70950,lost,2026-01-04,2026-01-13,Isdom,Cecily Lampkin
MG Special - Zumgoity (3GPAFD3X),7095,lost,2026-01-04,2026-01-15,Zumgoity,Cecily Lampkin
MG Advanced - New prospect (PVLGUIEN),437697,qualified,2026-01-04,,,Corliss Cosme
GTX Pro - Betasoloin (XUQ7RS1Q),621909,lost,2026-01-04,2026-02-24,Betasoloin,Daniell Hammack
GTX Pro - Ron-tech (UFGI9P05),642162,won,2026-01-04,2026-01-13,Ron-tech,Darcel Schlecht
MG Special - Dalttechnology (RDQZ245F),7224,won,2026-01-04,2026-02-23,Dalttechnology,Elease Gluck
MG Advanced - Inity (JA2CDNVM),396933,won,2026-01-04,2026-01-09,Inity,Gladys Colclough
GTX Plus Basic - Hottechi (R0XAJA2I),125646,won,2026-01-04,2026-01-12,Hottechi,Hayden Neloms
GTX Plus Basic - Cheers (BU1B6PHK),118035,won,2026-01-04,2026-01-05,Cheers,Kami Bicknell
GTX Plus Basic - Singletechno (C3918FWQ),141384,lost,2026-01-04,2026-05-09,Singletechno,Kary Hendrixson
MG Advanced - Blackzim (8GBXTWXE),437697,lost,2026-01-04,2026-01-11,Blackzim,Kary Hendrixson
GTX Plus Basic - Condax (Z29AX2KB),126807,won,2026-01-04,2026-03-17,Condax,Kary Hendrixson
GTX Plus Basic - Inity (E733YMVH),155316,won,2026-01-04,2026-01-05,Inity,Marty Freudenburg
GTX Plus Pro - Condax (Y35ES8UY),707178,lost,2026-01-04,2026-01-11,Condax,Moses Frase
GTX Plus Basic - Konmatfix (QDRYCR05),125130,won,2026-01-04,2026-01-05,Konmatfix,Niesha Huffines
GTX Basic - Betasoloin (TYWS7KJR),74175,won,2026-01-04,2026-01-11,Betasoloin,Reed Clapper
GTX Plus Pro - Ganjaflex (X22G55Y5),772194,won,2026-01-04,2026-03-15,Ganjaflex,Rosie Papadopoulos
GTX Plus Basic - Finhigh (X7FZMKZW),141384,lost,2026-01-04,2026-01-16,Finhigh,Versie Hillebrand
MG Special - Rantouch (72WE0PUH),8256,won,2026-01-04,2026-03-13,Rantouch,Vicki Laflamme
MG Special - New prospect (45B6VA2Y),7095,qualified,2026-01-04,,,Violet Mclelland
GTX Plus Basic - Zencorporation (SKBDCYV5),141384,qualified,2026-01-04,,Zencorporation,Zane Levy
GTX Basic - Scotfind (HLGGWYP1),70950,lost,2026-01-04,2026-01-10,Scotfind,Zane Levy
MG Advanced - J-Texon (RU3OP2BA),396030,won,2026-01-04,2026-03-23,J-Texon,Zane Levy
MG Special - Finhigh (YXOM4S7G),7095,lost,2026-01-05,2026-01-06,Finhigh,Anna Snelling
GTX Basic - Initech (JPH5WS60),70950,lost,2026-01-05,2026-01-06,Initech,Boris Faz
GTX Plus Basic - Mathtouch (O1TDG6YN),141384,lost,2026-01-05,2026-01-12,Mathtouch,Cassey Cress
MG Special - Rangreen (4INFXLM5),7095,lost,2026-01-05,2026-01-15,Rangreen,Cecily Lampkin
MG Advanced - Isdom (LIZMTGH2),439761,won,2026-01-05,2026-01-13,Isdom,Cecily Lampkin
GTX Plus Pro - Acme Corporation (04LU4OPA),738009,won,2026-01-05,2026-03-08,Acme Corporation,Daniell Hammack
GTX Pro - Ganjaflex (T1I8GE75),650031,won,2026-01-05,2026-03-25,Ganjaflex,Daniell Hammack
GTX Pro - Xx-zobam (2HU581DM),645000,won,2026-01-05,2026-01-06,Xx-zobam,Daniell Hammack
GTX Basic - Hottechi (75S7S74S),70950,lost,2026-01-05,2026-01-13,Hottechi,Darcel Schlecht
GTX Pro - Codehow (VTVF5TBV),621909,lost,2026-01-05,2026-01-13,Codehow,Darcel Schlecht
GTX Plus Pro - Gogozoom (6AC2ATXU),639195,won,2026-01-05,2026-01-11,Gogozoom,Darcel Schlecht
GTX Pro - Condax (F4J6AVPQ),653385,won,2026-01-05,2026-01-12,Condax,Darcel Schlecht
GTX Pro - Globex Corporation (NFTSU7RW),560247,won,2026-01-05,2026-01-12,Globex Corporation,Darcel Schlecht
GTX Pro - Stanredtax (NCUXZU3S),502068,won,2026-01-05,2026-01-15,Stanredtax,Darcel Schlecht
GTX Basic - Warephase (YGNVLLUR),70950,lost,2026-01-05,2026-01-15,Warephase,Gladys Colclough
MG Advanced - New prospect (XQ0N9T87),437697,qualified,2026-01-05,,,Hayden Neloms
MG Advanced - Cheers (O08NQM1J),437697,lost,2026-01-05,2026-01-06,Cheers,James Ascencio
GTX Plus Basic - Conecom (5OJ4IRW4),143835,won,2026-01-05,2026-03-24,Conecom,Jonathan Berthelot
GTX Basic - Kan-code (ZLY8SZXO),68757,won,2026-01-05,2026-01-11,Kan-code,Kami Bicknell
GTX Plus Basic - Cheers (DCC85LZO),166410,won,2026-01-05,2026-01-08,Cheers,Kami Bicknell
GTX Basic - Hottechi (ZVWUL0LL),70950,lost,2026-01-05,2026-01-07,Hottechi,Kary Hendrixson
GTX Plus Basic - Green-Plus (4R5LIB5F),141384,lost,2026-01-05,2026-03-10,Green-Plus,Kary Hendrixson
MG Special - Dontechi (P010EEZF),7095,lost,2026-01-05,2026-01-07,Dontechi,Lajuana Vencill
GTX Plus Basic - Codehow (7AL9GWK6),135063,won,2026-01-05,2026-02-27,Codehow,Lajuana Vencill
MG Special - Gogozoom (RHXY2M2W),6063,won,2026-01-05,2026-01-13,Gogozoom,Lajuana Vencill
MG Advanced - Funholding (IKU97NEU),437697,qualified,2026-01-05,,Funholding,Markita Hansen
GTX Basic - Condax (R7SESFM0),70950,lost,2026-01-05,2026-01-16,Condax,Marty Freudenburg
GTX Pro - Rangreen (X501NN9P),569277,won,2026-01-05,2026-03-06,Rangreen,Marty Freudenburg
GTX Plus Basic - Hottechi (AUDYTWRK),122550,won,2026-01-05,2026-03-23,Hottechi,Maureen Marcano
GTX Pro - Plussunin (EUKD4Z0V),621909,lost,2026-01-05,2026-01-11,Plussunin,Reed Clapper
GTX Pro - The New York Inquirer (KPUHKYWU),533544,won,2026-01-05,2026-01-15,The New York Inquirer,Reed Clapper
MG Special - Rundofase (B0KF3NFK),7998,won,2026-01-05,2026-01-13,Rundofase,Versie Hillebrand
MG Special - J-Texon (70M5V003),7095,lost,2026-01-05,2026-01-13,J-Texon,Vicki Laflamme
MG Advanced - New prospect (456BP2X7),437697,qualified,2026-01-05,,,Zane Levy
GTX Basic - Goodsilron (OC66D0JA),60243,won,2026-01-05,2026-01-06,Goodsilron,Zane Levy
GTX Plus Basic - Gekko & Co (KE7SZLG7),138675,won,2026-01-06,2026-03-08,Gekko & Co,Boris Faz
MG Special - Betatech (XYZ39YT2),7095,lost,2026-01-06,2026-01-14,Betatech,Cecily Lampkin
MG Special - Ontomedia (O4LNS6IC),6708,won,2026-01-06,2026-01-08,Ontomedia,Daniell Hammack
GTX Pro - Inity (UKIM9XIZ),621909,lost,2026-01-06,2026-01-14,Inity,Darcel Schlecht
GTX Pro - Inity (5Z0ACVAM),621909,lost,2026-01-06,2026-01-07,Inity,Darcel Schlecht
GTX Pro - Condax (DIAR4IM7),623973,won,2026-01-06,2026-01-13,Condax,Darcel Schlecht
GTX Plus Basic - Plussunin (30YWHJV8),141384,lost,2026-01-06,2026-01-13,Plussunin,Donn Cantrell
GTX Basic - Faxquote (ABXW1X4U),70950,lost,2026-01-06,2026-03-19,Faxquote,Elease Gluck
GTX Plus Basic - Xx-holding (SZ1H1L8I),150027,won,2026-01-06,2026-01-08,Xx-holding,Elease Gluck
GTX Basic - Rundofase (IR03B656),70950,lost,2026-01-06,2026-01-16,Rundofase,Gladys Colclough
GTX Plus Pro - Rantouch (6NZROTHF),707178,lost,2026-01-06,2026-03-07,Rantouch,James Ascencio
GTX Basic - Konex (IFIIB8Y6),70950,lost,2026-01-06,2026-01-08,Konex,Kami Bicknell
GTX Plus Basic - New prospect (J58BUYQH),141384,qualified,2026-01-06,,,Kary Hendrixson
GTX Basic - Groovestreet (R2CS85YJ),70950,lost,2026-01-06,2026-01-08,Groovestreet,Kary Hendrixson
GTX Basic - Singletechno (8EAINY61),70950,lost,2026-01-06,2026-01-13,Singletechno,Kary Hendrixson
GTX Basic - Doncon (T23MHC9C),73272,won,2026-01-06,2026-01-13,Doncon,Kary Hendrixson
GTX Pro - Rantouch (D30QC4EE),653127,won,2026-01-06,2026-03-16,Rantouch,Kary Hendrixson
MG Advanced - dambase (JHIX3ODA),437697,lost,2026-01-06,2026-01-16,dambase,Moses Frase
MG Special - Rundofase (BPUE8GTU),5934,won,2026-01-06,2026-03-03,Rundofase,Moses Frase
MG Advanced - dambase (2DOJKFNW),437697,lost,2026-01-06,2026-01-07,dambase,Niesha Huffines
GTX Basic - Gogozoom (0PSKGNYE),65016,won,2026-01-06,2026-01-07,Gogozoom,Niesha Huffines
MG Special - Gogozoom (J75N0QYA),7095,won,2026-01-06,2026-01-08,Gogozoom,Niesha Huffines
GTX Pro - Hatfan (SDS8SAZC),614040,won,2026-01-06,2026-03-14,Hatfan,Rosalina Dieter
GTX Basic - Cancity (1426E8W6),70950,lost,2026-01-06,2026-01-16,Cancity,Versie Hillebrand
MG Advanced - Funholding (3BFBN8JW),437697,lost,2026-01-06,2026-01-13,Funholding,Versie Hillebrand
GTX Pro - Fasehatice (W1GERPB9),600237,won,2026-01-06,2026-03-18,Fasehatice,Vicki Laflamme
MG Special - New prospect (FN1QX0BQ),7095,qualified,2026-01-06,,,Violet Mclelland
MG Special - Opentech (922DHXBA),7095,lost,2026-01-06,2026-01-17,Opentech,Violet Mclelland
MG Special - Massive Dynamic (L36WU4AH),7095,won,2026-01-06,2026-01-07,Massive Dynamic,Violet Mclelland
GTX Basic - Rundofase (2K8H292S),70950,lost,2026-01-07,2026-01-13,Rundofase,Anna Snelling
GTX Plus Basic - Genco Pura Olive Oil Company (7Y530NLJ),141384,qualified,2026-01-07,,Genco Pura Olive Oil Company,Boris Faz
MG Advanced - Konex (XNHGOHPW),415767,won,2026-01-07,2026-01-17,Konex,Boris Faz
GTX Plus Pro - Betasoloin (GAM8C5ET),707178,lost,2026-01-07,2026-01-12,Betasoloin,Cassey Cress
GTX Basic - Zathunicon (BHT7UEDJ),71337,won,2026-01-07,2026-01-14,Zathunicon,Cassey Cress
GTX Plus Basic - Gekko & Co (7PAVX9CP),143706,won,2026-01-07,2026-01-09,Gekko & Co,Cassey Cress
MG Advanced - dambase (IVW8MQGN),488265,won,2026-01-07,2026-01-15,dambase,Cecily Lampkin
GTX Plus Pro - Rangreen (CVFUMOK9),707178,qualified,2026-01-07,,Rangreen,Corliss Cosme
GTX Plus Basic - Streethex (1VHUPB8X),141384,lost,2026-01-07,2026-01-09,Streethex,Darcel Schlecht
MG Advanced - Gogozoom (G5FN7I7T),437697,lost,2026-01-07,2026-03-25,Gogozoom,Darcel Schlecht
GTX Pro - Yearin (OHVPXBSR),685764,won,2026-01-07,2026-01-08,Yearin,Donn Cantrell
MG Special - Goodsilron (GHY9QZKG),7095,lost,2026-01-07,2026-01-11,Goodsilron,Hayden Neloms
GTX Pro - Cancity (M9RGVU1F),621909,lost,2026-01-07,2026-01-19,Cancity,Jonathan Berthelot
GTX Basic - Dontechi (JBBJL4C2),68499,won,2026-01-07,2026-03-20,Dontechi,Jonathan Berthelot
GTX Basic - Rangreen (HMI6RBK9),70176,won,2026-01-07,2026-03-13,Rangreen,Jonathan Berthelot
GTX Basic - Y-corporation (2EKGLB0Q),61662,won,2026-01-07,2026-01-08,Y-corporation,Kami Bicknell
GTX Pro - Finjob (NBYPJR21),731688,won,2026-01-07,2026-01-17,Finjob,Kami Bicknell
MG Special - Goodsilron (HYPZOTY8),6579,won,2026-01-07,2026-01-14,Goodsilron,Kami Bicknell
MG Advanced - Konex (31I0SB7T),405189,won,2026-01-07,2026-01-14,Konex,Kami Bicknell
GTX Pro - New prospect (R0CLLIH9),621909,qualified,2026-01-07,,,Kary Hendrixson
GTX Pro - Doncon (UIDAJBAI),621909,lost,2026-01-07,2026-01-08,Doncon,Kary Hendrixson
MG Special - Groovestreet (VO3C2LE4),7095,lost,2026-01-07,2026-01-11,Groovestreet,Kary Hendrixson
MG Special - Golddex (UC7JT39Q),7095,lost,2026-01-07,2026-01-08,Golddex,Markita Hansen
GTX Plus Basic - Codehow (F1LLBOUV),141384,lost,2026-01-07,2026-01-08,Codehow,Marty Freudenburg
GTX Plus Pro - Hottechi (7H9J8W50),707178,lost,2026-01-07,2026-01-09,Hottechi,Marty Freudenburg
GTX Plus Pro - Conecom (8O03S3U3),707178,lost,2026-01-07,2026-01-17,Conecom,Moses Frase
GTX Plus Pro - Kan-code (TGQN6HTN),695697,won,2026-01-07,2026-03-18,Kan-code,Reed Clapper
MG Special - Dontechi (X8GGF9MG),7095,qualified,2026-01-07,,Dontechi,Rosalina Dieter
MG Special - Statholdings (CPJK2600),7095,lost,2026-01-07,2026-01-14,Statholdings,Versie Hillebrand
MG Special - New prospect (3P7QQSVF),7095,qualified,2026-01-07,,,Vicki Laflamme
MG Advanced - Lexiqvolax (PGXIPGDM),437697,qualified,2026-01-07,,Lexiqvolax,Vicki Laflamme
GTX Plus Pro - Green-Plus (TLXS1NB8),707178,lost,2026-01-07,2026-01-14,Green-Plus,Vicki Laflamme
GTX Basic - Hottechi (TRR34NSR),82302,won,2026-01-07,2026-03-03,Hottechi,Vicki Laflamme
MG Special - J-Texon (F2KINGVU),6450,won,2026-01-07,2026-01-18,J-Texon,Vicki Laflamme
MG Advanced - Bioplex (Q169CIK6),437697,lost,2026-01-07,2026-01-13,Bioplex,Violet Mclelland
GTX Pro - Hatfan (1QWG9VM6),551088,won,2026-01-07,2026-01-17,Hatfan,Zane Levy
GTX Plus Basic - Bioholding (8OHCCD42),141384,lost,2026-01-08,2026-01-10,Bioholding,Anna Snelling
MG Special - Inity (QBCK25DV),7482,won,2026-01-08,2026-01-10,Inity,Anna Snelling
GTX Plus Basic - Ontomedia (8IEVY30X),140352,won,2026-01-08,2026-01-09,Ontomedia,Boris Faz
GTX Basic - Donquadtech (6444O6DK),70950,lost,2026-01-08,2026-01-18,Donquadtech,Corliss Cosme
GTX Pro - Silis (GNL7T2JP),621909,lost,2026-01-08,2026-01-13,Silis,Corliss Cosme
GTX Basic - Plussunin (V9YR14KW),70950,lost,2026-01-08,2026-01-15,Plussunin,Daniell Hammack
GTX Pro - Kan-code (24LP4J8U),621909,lost,2026-01-08,2026-02-07,Kan-code,Daniell Hammack
GTX Basic - Betatech (37LTMWB0),70950,lost,2026-01-08,2026-01-15,Betatech,Darcel Schlecht
GTX Pro - Globex Corporation (8BH9RNZI),621909,lost,2026-01-08,2026-01-09,Globex Corporation,Darcel Schlecht
GTX Plus Basic - Domzoom (2ZU519Y6),171183,won,2026-01-08,2026-01-14,Domzoom,Darcel Schlecht
GTX Plus Basic - Dontechi (ZESI2PFU),119067,won,2026-01-08,2026-03-24,Dontechi,Darcel Schlecht
GTX Plus Basic - Scottech (X8T4XLTY),136482,won,2026-01-08,2026-01-18,Scottech,Darcel Schlecht
GTX Plus Pro - Streethex (OS2CD01K),673380,won,2026-01-08,2026-01-16,Streethex,Darcel Schlecht
GTX Plus Pro - Condax (JNKDEAG9),707178,lost,2026-01-08,2026-01-14,Condax,Gladys Colclough
MG Special - Ron-tech (7MGVL7FC),7095,won,2026-01-08,2026-01-17,Ron-tech,Gladys Colclough
MG Advanced - Dalttechnology (IFJ2AE9R),437697,lost,2026-01-08,2026-01-15,Dalttechnology,Hayden Neloms
MG Special - Hatfan (HEDUIEUN),7998,won,2026-01-08,2026-03-20,Hatfan,Hayden Neloms
GTX Plus Basic - Golddex (D3OST43E),128484,won,2026-01-08,2026-01-15,Golddex,James Ascencio
GTX Pro - New prospect (Z7OH4GWO),621909,qualified,2026-01-08,,,Kami Bicknell
GTX Basic - Rantouch (9537WTHG),70950,lost,2026-01-08,2026-03-06,Rantouch,Kami Bicknell
GTX Basic - Hottechi (6PMHI9G4),70047,won,2026-01-08,2026-01-17,Hottechi,Kami Bicknell
GTX Pro - Hatfan (H3ITKE4I),621909,lost,2026-01-08,2026-01-14,Hatfan,Kary Hendrixson
GTX Pro - Y-corporation (4RPUMZ9M),621909,lost,2026-01-08,2026-01-16,Y-corporation,Kary Hendrixson
MG Special - Warephase (U9RFE81I),7095,lost,2026-01-08,2026-05-13,Warephase,Moses Frase
GTX Plus Basic - Scottech (4T2XENE2),141384,lost,2026-01-08,2026-03-13,Scottech,Niesha Huffines
MG Special - Finhigh (LIFA0JYO),7095,lost,2026-01-08,2026-02-20,Finhigh,Versie Hillebrand
MG Special - Bioholding (JQ8V4I1K),7224,won,2026-01-08,2026-01-17,Bioholding,Versie Hillebrand
GTX Plus Pro - Kan-code (N5CCEEOY),707178,lost,2026-01-08,2026-01-15,Kan-code,Vicki Laflamme
MG Advanced - Blackzim (C0SNGBJU),437697,lost,2026-01-08,2026-01-18,Blackzim,Vicki Laflamme
GTX Plus Basic - Sumace (VN6JB8HU),147705,won,2026-01-08,2026-03-07,Sumace,Violet Mclelland
GTX Pro - Silis (JK4IB77I),621909,lost,2026-01-08,2026-01-21,Silis,Wilburn Farren
GTX Basic - New prospect (81G840FM),70950,qualified,2026-01-08,,,Zane Levy
MG Advanced - New prospect (U5K2MZB6),437697,qualified,2026-01-08,,,Zane Levy
GTX Plus Pro - Zencorporation (XMEYATKB),707178,lost,2026-01-09,2026-01-14,Zencorporation,Cassey Cress
GTX Pro - Bluth Company (IUDDK8Q0),621909,lost,2026-01-09,2026-01-17,Bluth Company,Cassey Cress
MG Advanced - Umbrella Corporation (YQXAY03C),437697,lost,2026-01-09,2026-01-14,Umbrella Corporation,Cassey Cress
GTX Plus Basic - Massive Dynamic (QKQ5N9Z1),133257,won,2026-01-09,2026-01-18,Massive Dynamic,Corliss Cosme
MG Advanced - The New York Inquirer (RZRRMWTH),437697,lost,2026-01-09,2026-01-15,The New York Inquirer,Daniell Hammack
GTX Plus Basic - Gogozoom (JS9SCCJ3),141384,lost,2026-01-09,2026-01-10,Gogozoom,Darcel Schlecht
GTX Pro - Treequote (WOBZWEPI),621909,lost,2026-01-09,2026-01-11,Treequote,Darcel Schlecht
GTX Pro - Cancity (HBIQF55L),562311,won,2026-01-09,2026-05-11,Cancity,Darcel Schlecht
GTX Pro - Warephase (V5XB0UPL),590175,won,2026-01-09,2026-02-27,Warephase,Darcel Schlecht
MG Special - Finhigh (QW9JMUTD),6837,won,2026-01-09,2026-01-17,Finhigh,Darcel Schlecht
GTX Basic - J-Texon (7ODLTF4W),77013,won,2026-01-09,2026-01-11,J-Texon,Elease Gluck
MG Advanced - Zoomit (RUCPPMPY),410091,won,2026-01-09,2026-03-13,Zoomit,Elease Gluck
GTX Basic - Globex Corporation (SJHD5TFA),70950,lost,2026-01-09,2026-03-13,Globex Corporation,Gladys Colclough
MG Special - Stanredtax (2B0QVPBT),7353,won,2026-01-09,2026-01-10,Stanredtax,Gladys Colclough
MG Advanced - Hottechi (YIZ1VQ3U),437697,lost,2026-01-09,2026-01-10,Hottechi,Hayden Neloms
MG Advanced - Scotfind (FMNSL9TP),386613,won,2026-01-09,2026-01-19,Scotfind,Hayden Neloms
GTX Basic - Faxquote (8ZU8D508),70305,won,2026-01-09,2026-02-23,Faxquote,James Ascencio
GTX Basic - Zumgoity (NVDVFYGE),72885,won,2026-01-09,2026-01-20,Zumgoity,Jonathan Berthelot
MG Special - Treequote (QQH0YV1W),6966,won,2026-01-09,2026-01-19,Treequote,Jonathan Berthelot
GTX Pro - New prospect (ZVAZKWF3),621909,qualified,2026-01-09,,,Kami Bicknell
GTX Basic - J-Texon (IUNX2OMX),70950,lost,2026-01-09,2026-01-10,J-Texon,Kami Bicknell
GTX Pro - Sunnamplex (6WODV6KD),643839,won,2026-01-09,2026-01-16,Sunnamplex,Kami Bicknell
GTX Basic - New prospect (6S2ABHZS),70950,qualified,2026-01-09,,,Markita Hansen
MG Special - New prospect (COM9RNBL),7095,qualified,2026-01-09,,,Markita Hansen
GTX Plus Pro - Hottechi (RTZFPWVN),707178,lost,2026-01-09,2026-01-14,Hottechi,Maureen Marcano
MG Advanced - Blackzim (VYDCTUAU),437697,lost,2026-01-09,2026-01-11,Blackzim,Maureen Marcano
GTX Pro - Silis (KYFONJP5),715434,won,2026-01-09,2026-03-13,Silis,Rosie Papadopoulos
MG Special - Hottechi (ANXSK3QV),7611,won,2026-01-09,2026-01-15,Hottechi,Vicki Laflamme
GTX Plus Basic - Statholdings (7I6OHUE4),141384,lost,2026-01-10,2026-01-18,Statholdings,Anna Snelling
MG Special - Statholdings (AY9NWO78),7095,lost,2026-01-10,2026-01-15,Statholdings,Anna Snelling
GTX Plus Pro - Statholdings (BEP06EN5),655578,won,2026-01-10,2026-01-11,Statholdings,Anna Snelling
GTX Plus Pro - Iselectrics (8H95X3AP),682797,won,2026-01-10,2026-01-19,Iselectrics,Boris Faz
GTX Plus Basic - Hottechi (P7LVKDC9),150027,won,2026-01-10,2026-03-24,Hottechi,Cecily Lampkin
MG Special - Ganjaflex (QRVHBQSF),6321,won,2026-01-10,2026-01-11,Ganjaflex,Donn Cantrell
MG Special - Donquadtech (8KH8XJRE),6837,won,2026-01-10,2026-01-26,Donquadtech,Garret Kinder
MG Advanced - Betatech (YZ4AIQQR),437697,lost,2026-01-10,2026-01-11,Betatech,Gladys Colclough
MG Advanced - Gogozoom (R8CW1D6X),437697,lost,2026-01-10,2026-03-09,Gogozoom,Gladys Colclough
GTX Plus Basic - Lexiqvolax (68KYNPDQ),141384,lost,2026-01-10,2026-01-19,Lexiqvolax,Hayden Neloms
GTX Plus Basic - New prospect (K6M3EX4O),141384,qualified,2026-01-10,,,Kami Bicknell
GTX Basic - Fasehatice (9B0HGLRU),70950,lost,2026-01-10,2026-01-16,Fasehatice,Kami Bicknell
GTX Basic - New prospect (LWPFQ1UA),70950,qualified,2026-01-10,,,Kary Hendrixson
GTX Basic - Sunnamplex (TN59K8NP),70950,lost,2026-01-10,2026-05-04,Sunnamplex,Kary Hendrixson
MG Advanced - Codehow (3OBMD08T),437697,lost,2026-01-10,2026-01-12,Codehow,Moses Frase
MG Advanced - Finhigh (5FWBETTO),469689,won,2026-01-10,2026-02-13,Finhigh,Versie Hillebrand
MG Special - Plusstrip (ANRCHVJM),7095,qualified,2026-01-10,,Plusstrip,Violet Mclelland
GTX Basic - Condax (UDTQF84C),70950,lost,2026-01-10,2026-01-12,Condax,Violet Mclelland
GTX Basic - Condax (35IRGXY3),64629,won,2026-01-10,2026-02-17,Condax,Zane Levy
GTX Plus Pro - Konex (YHRVQVPV),604623,won,2026-01-10,2026-01-15,Konex,Zane Levy
GTX Basic - dambase (0PGJNCD7),80754,won,2026-01-11,2026-03-20,dambase,Anna Snelling
GTX Basic - Finhigh (7X7YIWJO),63081,won,2026-01-11,2026-04-30,Finhigh,Anna Snelling
GTX Pro - Zencorporation (2IO3IJPO),625908,won,2026-01-11,2026-01-22,Zencorporation,Cassey Cress
MG Advanced - Warephase (WCSJBX3N),437697,lost,2026-01-11,2026-03-25,Warephase,Cecily Lampkin
GTX Plus Basic - Bubba Gump (FCNYDFK3),153768,won,2026-01-11,2026-03-03,Bubba Gump,Daniell Hammack
GTX Pro - Donquadtech (3Y26MZHI),658416,won,2026-01-11,2026-01-12,Donquadtech,Daniell Hammack
GTX Pro - Codehow (P0BMLVSL),750780,won,2026-01-11,2026-05-06,Codehow,Darcel Schlecht
MG Advanced - Acme Corporation (QK5BW61U),388548,won,2026-01-11,2026-05-02,Acme Corporation,Donn Cantrell
GTX Plus Pro - Sumace (J3SZACNW),707178,lost,2026-01-11,2026-01-17,Sumace,Garret Kinder
GTX Pro - Mathtouch (5SNTPPOV),621909,lost,2026-01-11,2026-01-13,Mathtouch,Garret Kinder
GTX Pro - Konex (D7F2AWWW),506970,won,2026-01-11,2026-01-18,Konex,Garret Kinder
GTX Plus Basic - Domzoom (FUL5V96O),136095,won,2026-01-11,2026-01-17,Domzoom,Gladys Colclough
MG Advanced - Blackzim (BWIWI1PC),437697,lost,2026-01-11,2026-01-17,Blackzim,Hayden Neloms
GTX Basic - Scottech (GYBIACTC),69402,won,2026-01-11,2026-01-19,Scottech,Jonathan Berthelot
MG Special - Domzoom (VD6BP6T2),8772,won,2026-01-11,2026-01-18,Domzoom,Jonathan Berthelot
GTX Pro - New prospect (10AEGW41),621909,qualified,2026-01-11,,,Kary Hendrixson
MG Advanced - Newex (QA9XE19H),437697,lost,2026-01-11,2026-01-18,Newex,Kary Hendrixson
GTX Basic - Newex (8ZYPSX66),73788,won,2026-01-11,2026-01-23,Newex,Maureen Marcano
GTX Plus Basic - Groovestreet (0AN86YDG),159186,won,2026-01-11,2026-01-19,Groovestreet,Maureen Marcano
GTX Basic - Ron-tech (VKXZ36VE),70950,lost,2026-01-11,2026-01-13,Ron-tech,Moses Frase
MG Special - Isdom (OJYFSZ2O),7095,lost,2026-01-11,2026-01-12,Isdom,Versie Hillebrand
GTX Pro - New prospect (6G6ZCKSB),621909,qualified,2026-01-11,,,Vicki Laflamme
MG Special - Plusstrip (YGL1F8K1),7224,won,2026-01-11,2026-01-29,Plusstrip,Vicki Laflamme
MG Special - Zathunicon (C1WGTTYF),7095,lost,2026-01-11,2026-01-28,Zathunicon,Violet Mclelland
MG Special - Doncon (1OZWGQK9),7095,lost,2026-01-11,2026-01-20,Doncon,Zane Levy
MG Special - Warephase (EXICVP8C),6708,won,2026-01-12,2026-01-21,Warephase,Anna Snelling
MG Advanced - Codehow (DLXFY70W),473172,won,2026-01-12,2026-01-19,Codehow,Anna Snelling
GTX Basic - Plussunin (GO7UM9AV),70950,lost,2026-01-12,2026-01-14,Plussunin,Boris Faz
MG Advanced - Zotware (F5ITRBMX),404802,won,2026-01-12,2026-05-01,Zotware,Boris Faz
MG Special - Conecom (8KFFRJSS),7095,lost,2026-01-12,2026-01-14,Conecom,Cecily Lampkin
GTX Basic - Ontomedia (38VRB2P1),70950,lost,2026-01-12,2026-01-13,Ontomedia,Corliss Cosme
GTX Basic - Zencorporation (9CGD5QSZ),70950,lost,2026-01-12,2026-01-16,Zencorporation,Corliss Cosme
GTX Pro - Iselectrics (UPZRAO84),649128,won,2026-01-12,2026-02-26,Iselectrics,Corliss Cosme
GTX Plus Basic - Plussunin (BPCWRG9P),168990,won,2026-01-12,2026-01-15,Plussunin,Daniell Hammack
GTX Plus Pro - Mathtouch (JE5085VJ),654804,won,2026-01-12,2026-03-24,Mathtouch,Daniell Hammack
MG Advanced - Vehement Capital Partners (P5MLWDXX),469689,won,2026-01-12,2026-03-16,Vehement Capital Partners,Daniell Hammack
GTX Pro - Conecom (IJ7AUTVC),621909,lost,2026-01-12,2026-01-13,Conecom,Darcel Schlecht
GTX Plus Basic - Warephase (84T104O7),150930,won,2026-01-12,2026-01-20,Warephase,Darcel Schlecht
GTX Pro - Domzoom (0GXXCA37),545154,won,2026-01-12,2026-01-26,Domzoom,Darcel Schlecht
MG Special - New prospect (GACPNKGI),7095,qualified,2026-01-12,,,Elease Gluck
MG Advanced - Green-Plus (9PCWAYWC),437697,lost,2026-01-12,2026-01-13,Green-Plus,Elease Gluck
GTX Pro - Genco Pura Olive Oil Company (OJ0C7S3T),617136,won,2026-01-12,2026-01-19,Genco Pura Olive Oil Company,Gladys Colclough
GTX Plus Basic - Faxquote (3VMC6PGJ),141384,lost,2026-01-12,2026-01-20,Faxquote,Hayden Neloms
MG Advanced - Blackzim (E2MWXGNG),437697,lost,2026-01-12,2026-01-14,Blackzim,Hayden Neloms
GTX Basic - New prospect (E4082SMQ),70950,qualified,2026-01-12,,,James Ascencio
MG Advanced - Golddex (QZ2E9TSL),437697,lost,2026-01-12,2026-05-09,Golddex,James Ascencio
GTX Pro - Goodsilron (L3AYCTGW),703179,won,2026-01-12,2026-01-19,Goodsilron,James Ascencio
GTX Basic - Faxquote (IZ02GW0R),67983,won,2026-01-12,2026-01-14,Faxquote,Kami Bicknell
GTX Plus Pro - New prospect (LSVGDJ1A),707178,qualified,2026-01-12,,,Kary Hendrixson
GTX Pro - New prospect (2LSNRT4U),621909,qualified,2026-01-12,,,Kary Hendrixson
GTX Plus Pro - Y-corporation (5AI9WG6M),707178,lost,2026-01-12,2026-01-20,Y-corporation,Kary Hendrixson
GTX Plus Pro - Y-corporation (Q1DFFYB5),707178,lost,2026-01-12,2026-01-14,Y-corporation,Kary Hendrixson
GTX Pro - Scotfind (XWZG5VPL),621909,lost,2026-01-12,2026-01-13,Scotfind,Kary Hendrixson
GTX Plus Pro - Fasehatice (30FHAEJZ),697632,won,2026-01-12,2026-01-14,Fasehatice,Kary Hendrixson
GTX Plus Basic - Conecom (AZOXWEKL),141384,lost,2026-01-12,2026-01-27,Conecom,Lajuana Vencill
GTX Plus Pro - Isdom (2NKZR4IM),707178,lost,2026-01-12,2026-01-19,Isdom,Lajuana Vencill
MG Special - Konmatfix (3PPB3Q04),6192,won,2026-01-12,2026-03-20,Konmatfix,Lajuana Vencill
GTX Basic - Blackzim (C9330YF1),70950,qualified,2026-01-12,,Blackzim,Markita Hansen
GTX Basic - Plexzap (610UUEAG),67983,won,2026-01-12,2026-01-19,Plexzap,Markita Hansen
GTX Plus Basic - dambase (FIYSM4E1),149640,won,2026-01-12,2026-01-18,dambase,Marty Freudenburg
GTX Basic - Inity (BCUR8B2A),63339,won,2026-01-12,2026-03-03,Inity,Niesha Huffines
GTX Basic - Umbrella Corporation (8PGDRAH2),71595,won,2026-01-12,2026-01-14,Umbrella Corporation,Reed Clapper
GTX Basic - New prospect (QD8F0CI6),70950,qualified,2026-01-12,,,Rosalina Dieter
GTX Pro - New prospect (7K0S2P6K),621909,qualified,2026-01-12,,,Rosalina Dieter
MG Special - Lexiqvolax (G1C9IG0T),7095,lost,2026-01-12,2026-01-22,Lexiqvolax,Rosalina Dieter
MG Special - Isdom (G4B4Z525),7998,won,2026-01-12,2026-01-18,Isdom,Versie Hillebrand
MG Special - Ganjaflex (J9SE3QJD),7095,lost,2026-01-12,2026-01-21,Ganjaflex,Violet Mclelland
MG Special - Konex (JORFI81C),7224,won,2026-01-12,2026-01-20,Konex,Violet Mclelland
MG Advanced - The New York Inquirer (GET2JILL),450210,won,2026-01-12,2026-01-18,The New York Inquirer,Wilburn Farren
GTX Pro - Y-corporation (E3HJPDFZ),621909,lost,2026-01-12,2026-03-21,Y-corporation,Zane Levy
MG Special - Betatech (Q22714T0),7095,lost,2026-01-13,2026-01-19,Betatech,Anna Snelling
MG Special - Betatech (FCGE8U5M),6579,won,2026-01-13,2026-01-20,Betatech,Anna Snelling
MG Special - Condax (ROQBT7TM),6966,won,2026-01-13,2026-03-17,Condax,Anna Snelling
MG Special - Conecom (WLFLY0BD),7224,won,2026-01-13,2026-01-22,Conecom,Anna Snelling
GTX Pro - Kan-code (8S649LDO),621909,lost,2026-01-13,2026-02-21,Kan-code,Boris Faz
MG Advanced - Gekko & Co (JR7SC0S2),491232,won,2026-01-13,2026-05-01,Gekko & Co,Cassey Cress
GTX Plus Pro - Yearin (MFGCEDXE),707178,lost,2026-01-13,2026-01-29,Yearin,Corliss Cosme
MG Advanced - Konex (Y9Y4TXD9),392289,won,2026-01-13,2026-01-28,Konex,Corliss Cosme
GTX Basic - Xx-zobam (ZKOGIB6R),70950,lost,2026-01-13,2026-01-20,Xx-zobam,Donn Cantrell
GTK 500 - Xx-zobam (DJMPI9TO),3453072,qualified,2026-01-13,,Xx-zobam,Elease Gluck
MG Advanced - Condax (Z353E8FR),437697,lost,2026-01-13,2026-01-25,Condax,Garret Kinder
GTX Pro - Isdom (IKJSXBY0),621909,lost,2026-01-13,2026-01-29,Isdom,Gladys Colclough
GTX Plus Pro - Goodsilron (5SYJS0HS),707178,lost,2026-01-13,2026-01-18,Goodsilron,Hayden Neloms
MG Advanced - New prospect (U6XJRWV8),437697,qualified,2026-01-13,,,James Ascencio
GTX Plus Basic - Golddex (UXOQQR39),141384,lost,2026-01-13,2026-01-15,Golddex,James Ascencio
MG Special - Kan-code (J5DF2ZO1),5676,won,2026-01-13,2026-01-24,Kan-code,James Ascencio
GTX Plus Pro - Xx-holding (HGF361RQ),707178,lost,2026-01-13,2026-01-19,Xx-holding,Kami Bicknell
GTX Basic - Doncon (9B8SPYAF),71208,won,2026-01-13,2026-01-19,Doncon,Kami Bicknell
GTX Plus Pro - Opentech (BYF6ABTZ),707178,qualified,2026-01-13,,Opentech,Kary Hendrixson
GTX Basic - Newex (VTLI5HIE),61146,won,2026-01-13,2026-01-21,Newex,Kary Hendrixson
GTX Plus Basic - Xx-holding (N60UJ28O),149382,won,2026-01-13,2026-01-17,Xx-holding,Kary Hendrixson
GTX Plus Pro - Faxquote (R102IPTH),753231,won,2026-01-13,2026-01-14,Faxquote,Kary Hendrixson
GTX Pro - Singletechno (C9O4E52T),587466,won,2026-01-13,2026-05-03,Singletechno,Kary Hendrixson
GTX Pro - Xx-holding (CJP7LWRK),655062,won,2026-01-13,2026-01-19,Xx-holding,Kary Hendrixson
GTX Plus Basic - Genco Pura Olive Oil Company (NHE1CETW),141384,lost,2026-01-13,2026-01-21,Genco Pura Olive Oil Company,Lajuana Vencill
GTX Basic - Cheers (1O1GVZEU),72369,won,2026-01-13,2026-03-01,Cheers,Markita Hansen
GTX Plus Basic - New prospect (K8LRZ95S),141384,qualified,2026-01-13,,,Maureen Marcano
GTX Plus Basic - Finjob (2OQB2KPY),141384,lost,2026-01-13,2026-01-17,Finjob,Maureen Marcano
MG Advanced - Ron-tech (KK4VW0ZM),437697,lost,2026-01-13,2026-02-16,Ron-tech,Niesha Huffines
MG Advanced - Inity (JHLG51ZI),437568,won,2026-01-13,2026-01-14,Inity,Niesha Huffines
GTX Plus Pro - New prospect (Q8BZ3PC9),707178,qualified,2026-01-13,,,Rosie Papadopoulos
MG Special - New prospect (49ZS7GTS),7095,qualified,2026-01-13,,,Vicki Laflamme
MG Advanced - New prospect (M857G6G1),437697,qualified,2026-01-13,,,Vicki Laflamme
GTX Pro - Fasehatice (TS4CB9TH),650160,won,2026-01-13,2026-01-15,Fasehatice,Vicki Laflamme
MG Special - New prospect (5K0ZFCVO),7095,qualified,2026-01-13,,,Violet Mclelland
MG Special - New prospect (6AEVX11M),7095,qualified,2026-01-13,,,Violet Mclelland
GTX Pro - Goodsilron (BH40KWV5),621909,lost,2026-01-13,2026-01-19,Goodsilron,Zane Levy
MG Advanced - Rantouch (MMVHAEI3),437697,lost,2026-01-13,2026-01-20,Rantouch,Zane Levy
GTX Plus Pro - Sonron (PGRIPWHY),755037,won,2026-01-13,2026-01-20,Sonron,Zane Levy
MG Special - Scottech (0VXUZU7P),6321,won,2026-01-14,2026-01-20,Scottech,Anna Snelling
GTX Basic - New prospect (WGETO859),70950,qualified,2026-01-14,,,Boris Faz
GTX Plus Basic - Gekko & Co (7B21SGQ8),139320,won,2026-01-14,2026-01-24,Gekko & Co,Boris Faz
GTX Basic - Genco Pura Olive Oil Company (I6TVFB6J),70950,lost,2026-01-14,2026-01-23,Genco Pura Olive Oil Company,Cecily Lampkin
MG Special - Konmatfix (PHAFVDFO),7095,won,2026-01-14,2026-01-15,Konmatfix,Cecily Lampkin
GTX Basic - New prospect (CTWSDG4U),70950,qualified,2026-01-14,,,Corliss Cosme
GTX Plus Basic - Acme Corporation (I6O855AE),165378,won,2026-01-14,2026-02-16,Acme Corporation,Daniell Hammack
GTK 500 - Lexiqvolax (OUIK8VX3),3063234,won,2026-01-14,2026-01-15,Lexiqvolax,Elease Gluck
GTX Basic - Massive Dynamic (RYO875D0),70950,lost,2026-01-14,2026-01-23,Massive Dynamic,Garret Kinder
MG Advanced - New prospect (0EYXI1UN),437697,qualified,2026-01-14,,,Hayden Neloms
GTX Basic - Doncon (O5S6WEM7),70950,lost,2026-01-14,2026-01-26,Doncon,James Ascencio
GTX Basic - Golddex (DJ2FHO68),70950,lost,2026-01-14,2026-05-13,Golddex,Kami Bicknell
MG Advanced - Streethex (5LHNRZD3),437697,lost,2026-01-14,2026-01-16,Streethex,Lajuana Vencill
GTX Plus Basic - Cheers (URIKPDOJ),141384,lost,2026-01-14,2026-01-22,Cheers,Maureen Marcano
GTX Basic - Cancity (U1J4YN0I),70950,lost,2026-01-14,2026-01-16,Cancity,Niesha Huffines
MG Special - Opentech (QBUJF4I7),7095,lost,2026-01-14,2026-01-15,Opentech,Reed Clapper
MG Special - Opentech (99QIJAAP),7869,won,2026-01-14,2026-01-22,Opentech,Reed Clapper
MG Special - J-Texon (K127AFNP),7095,lost,2026-01-14,2026-01-25,J-Texon,Rosalina Dieter
GTX Basic - Goodsilron (4K7PRO1B),77400,won,2026-01-14,2026-01-23,Goodsilron,Rosalina Dieter
GTX Pro - Betasoloin (XOVYPE58),621909,qualified,2026-01-14,,Betasoloin,Rosie Papadopoulos
GTX Plus Pro - Opentech (AYB7DWUH),748845,won,2026-01-14,2026-01-15,Opentech,Rosie Papadopoulos
MG Special - Hottechi (6CKXLPAR),7482,won,2026-01-14,2026-03-24,Hottechi,Versie Hillebrand
MG Special - Scottech (FQ2F717F),6708,won,2026-01-14,2026-04-30,Scottech,Versie Hillebrand
MG Special - Gekko & Co (2SBP68CP),7095,lost,2026-01-14,2026-01-16,Gekko & Co,Violet Mclelland
GTX Basic - Hottechi (S2MSQIXP),70950,qualified,2026-01-14,,Hottechi,Zane Levy
MG Special - Silis (LPGOTIM2),7095,won,2026-01-15,2026-03-13,Silis,Boris Faz
GTX Plus Basic - Acme Corporation (LW8485Y2),149769,won,2026-01-15,2026-05-07,Acme Corporation,Cassey Cress
GTX Pro - Plussunin (UKLAKXP2),656739,won,2026-01-15,2026-01-20,Plussunin,Cassey Cress
MG Special - Donquadtech (4LLWRSBJ),7611,won,2026-01-15,2026-01-17,Donquadtech,Cassey Cress
GTX Plus Pro - Plussunin (YYJILFBU),707178,lost,2026-01-15,2026-01-26,Plussunin,Corliss Cosme
GTX Basic - Ontomedia (AWVSWBQV),70950,lost,2026-01-15,2026-01-17,Ontomedia,Daniell Hammack
GTX Pro - Gogozoom (VORZHQ40),621909,lost,2026-01-15,2026-01-25,Gogozoom,Darcel Schlecht
GTX Basic - Rundofase (5QD09R7U),70821,won,2026-01-15,2026-01-23,Rundofase,Darcel Schlecht
GTX Plus Basic - Zathunicon (ETISD84I),141384,lost,2026-01-15,2026-01-19,Zathunicon,Donn Cantrell
GTK 500 - Plexzap (K0T5LJ3E),3218421,won,2026-01-15,2026-03-25,Plexzap,Elease Gluck
GTX Plus Basic - Genco Pura Olive Oil Company (D5YLWCFW),141384,lost,2026-01-15,2026-01-27,Genco Pura Olive Oil Company,Gladys Colclough
GTX Pro - Newex (ZALE38AC),621909,lost,2026-01-15,2026-02-03,Newex,James Ascencio
GTX Plus Pro - Fasehatice (T7MVQ9SX),643065,won,2026-01-15,2026-01-27,Fasehatice,James Ascencio
GTX Basic - Toughzap (GTEFJL6U),70950,lost,2026-01-15,2026-01-17,Toughzap,Jonathan Berthelot
GTX Basic - Conecom (D7MYDHMF),84753,won,2026-01-15,2026-01-24,Conecom,Jonathan Berthelot
GTX Basic - Streethex (XAE858UJ),81012,won,2026-01-15,2026-03-27,Streethex,Jonathan Berthelot
GTX Plus Basic - Conecom (WTCU9X9M),152607,won,2026-01-15,2026-03-12,Conecom,Jonathan Berthelot
GTX Plus Pro - Domzoom (0IF5FH68),671187,won,2026-01-15,2026-04-30,Domzoom,Jonathan Berthelot
MG Special - Gogozoom (QUGPSHY8),7224,won,2026-01-15,2026-01-22,Gogozoom,Jonathan Berthelot
MG Special - New prospect (C32E4E1D),7095,qualified,2026-01-15,,,Kami Bicknell
GTX Basic - Blackzim (QNFO4GX8),64758,won,2026-01-15,2026-01-23,Blackzim,Kami Bicknell
GTX Basic - New prospect (U2HYH97X),70950,qualified,2026-01-15,,,Kary Hendrixson
GTX Basic - Xx-holding (H1NFMTJ4),67983,won,2026-01-15,2026-03-22,Xx-holding,Kary Hendrixson
MG Special - Xx-holding (AUJ21SKT),7095,lost,2026-01-15,2026-01-16,Xx-holding,Markita Hansen
MG Special - Finhigh (XIXNILOP),8256,won,2026-01-15,2026-01-23,Finhigh,Marty Freudenburg
GTX Basic - Scotfind (M645P7NW),74691,won,2026-01-15,2026-01-22,Scotfind,Maureen Marcano
GTX Plus Pro - Lexiqvolax (UPAGB68Z),768582,won,2026-01-15,2026-01-25,Lexiqvolax,Maureen Marcano
GTX Pro - Scotfind (7TCCYDR3),586047,won,2026-01-15,2026-02-21,Scotfind,Maureen Marcano
GTX Basic - Inity (H5662N5X),70950,lost,2026-01-15,2026-01-17,Inity,Moses Frase
MG Special - Treequote (07BT6PBZ),7482,won,2026-01-15,2026-01-27,Treequote,Moses Frase
GTX Plus Basic - Plussunin (N7FJ13VQ),141384,lost,2026-01-15,2026-01-16,Plussunin,Reed Clapper
GTX Plus Pro - Vehement Capital Partners (9UYDTR0R),707178,lost,2026-01-15,2026-01-22,Vehement Capital Partners,Reed Clapper
GTX Plus Basic - Betasoloin (JOLRMB6X),133644,won,2026-01-15,2026-03-21,Betasoloin,Rosie Papadopoulos
GTX Plus Pro - Genco Pura Olive Oil Company (K8DHOJWM),629262,won,2026-01-15,2026-01-22,Genco Pura Olive Oil Company,Versie Hillebrand
GTX Basic - Faxquote (NKBIYNK5),70950,lost,2026-01-15,2026-01-23,Faxquote,Vicki Laflamme
GTX Plus Basic - Streethex (8MXI6J6N),141384,lost,2026-01-16,2026-01-30,Streethex,Anna Snelling
GTX Plus Basic - New prospect (MRWHJE9P),141384,qualified,2026-01-16,,,Cassey Cress
GTX Plus Basic - Bubba Gump (HRLYABOS),133257,won,2026-01-16,2026-05-18,Bubba Gump,Cassey Cress
GTX Plus Pro - Zathunicon (BTLXFPUB),689247,won,2026-01-16,2026-03-09,Zathunicon,Daniell Hammack
GTX Plus Basic - Conecom (W7GVZL28),141384,lost,2026-01-16,2026-01-25,Conecom,Darcel Schlecht
GTX Pro - Stanredtax (HK1JJKQL),621909,lost,2026-01-16,2026-01-22,Stanredtax,Darcel Schlecht
GTX Pro - Stanredtax (D5TGHX3Y),621909,lost,2026-01-16,2026-05-07,Stanredtax,Darcel Schlecht
MG Advanced - Finhigh (HBXLK0B6),421701,won,2026-01-16,2026-01-21,Finhigh,Darcel Schlecht
GTX Basic - Silis (PZ6TGFY6),70950,lost,2026-01-16,2026-02-01,Silis,Donn Cantrell
GTX Pro - Acme Corporation (ETADSAC3),594045,won,2026-01-16,2026-01-22,Acme Corporation,Donn Cantrell
GTX Plus Pro - Mathtouch (8W206MO5),633132,won,2026-01-16,2026-03-09,Mathtouch,Garret Kinder
MG Advanced - Labdrill (Z9SY11HK),426087,won,2026-01-16,2026-01-25,Labdrill,Hayden Neloms
MG Advanced - dambase (6YIW81M9),437697,lost,2026-01-16,2026-01-17,dambase,Jonathan Berthelot
MG Advanced - Ron-tech (0XI051FP),437697,lost,2026-01-16,2026-01-27,Ron-tech,Jonathan Berthelot
MG Special - Streethex (TBPGQYF8),7095,won,2026-01-16,2026-01-17,Streethex,Jonathan Berthelot
GTX Basic - Lexiqvolax (7CC38V2J),68499,won,2026-01-16,2026-03-26,Lexiqvolax,Kami Bicknell
GTX Basic - Newex (PC2V729V),71853,won,2026-01-16,2026-01-29,Newex,Kami Bicknell
GTX Basic - Hottechi (7AOZ2F9R),63081,won,2026-01-16,2026-03-09,Hottechi,Lajuana Vencill
MG Advanced - Scottech (7I7BZHHT),437697,lost,2026-01-16,2026-02-23,Scottech,Marty Freudenburg
MG Special - Streethex (79DYTU8Y),7740,won,2026-01-16,2026-01-31,Streethex,Moses Frase
MG Advanced - Betasoloin (V4HYSJS2),372423,won,2026-01-16,2026-03-01,Betasoloin,Reed Clapper
MG Advanced - Donware (1L6M83Q5),414606,won,2026-01-16,2026-01-27,Donware,Reed Clapper
MG Advanced - Betatech (FVGRGJU8),437697,qualified,2026-01-16,,Betatech,Rosie Papadopoulos
MG Advanced - Acme Corporation (POFA8BWL),496650,won,2026-01-16,2026-01-18,Acme Corporation,Rosie Papadopoulos
MG Special - Gogozoom (AKXBF6IQ),6966,won,2026-01-16,2026-03-06,Gogozoom,Versie Hillebrand
GTX Pro - New prospect (Q6OUJCH5),621909,qualified,2026-01-16,,,Vicki Laflamme
MG Special - Groovestreet (VD94D677),7095,lost,2026-01-16,2026-01-24,Groovestreet,Vicki Laflamme
GTX Pro - Plexzap (EBUJQ571),650160,won,2026-01-16,2026-05-09,Plexzap,Vicki Laflamme
GTX Plus Pro - Iselectrics (Z2M1XXEK),807927,won,2026-01-16,2026-01-17,Iselectrics,Wilburn Farren
GTX Pro - Scotfind (RBOI8DLQ),621909,lost,2026-01-16,2026-01-27,Scotfind,Zane Levy
GTX Basic - Blackzim (OI6UHCTN),73530,won,2026-01-16,2026-01-18,Blackzim,Zane Levy
GTX Pro - Dalttechnology (LTOKXFP1),597657,won,2026-01-16,2026-01-24,Dalttechnology,Zane Levy
GTX Plus Pro - Donquadtech (JV6PZSN6),707178,lost,2026-01-17,2026-01-24,Donquadtech,Boris Faz
GTX Pro - Kinnamplus (9EGAFG1B),621909,lost,2026-01-17,2026-02-02,Kinnamplus,Cassey Cress
GTX Pro - The New York Inquirer (VPSJHIAA),630939,won,2026-01-17,2026-01-23,The New York Inquirer,Cassey Cress
GTX Plus Pro - Streethex (MJF4D19K),755682,won,2026-01-17,2026-01-24,Streethex,Darcel Schlecht
GTX Pro - Rundofase (JR4WED6G),637131,won,2026-01-17,2026-02-18,Rundofase,Darcel Schlecht
GTX Basic - Inity (GC4YH9D0),73530,won,2026-01-17,2026-05-09,Inity,Jonathan Berthelot
MG Advanced - Fasehatice (2ZUL1AAV),437697,lost,2026-01-17,2026-01-24,Fasehatice,Kary Hendrixson
GTX Basic - Y-corporation (8CUN8O4Z),64500,won,2026-01-17,2026-01-25,Y-corporation,Kary Hendrixson
MG Advanced - Kan-code (AMX2BM39),457434,won,2026-01-17,2026-01-18,Kan-code,Kary Hendrixson
GTX Basic - Dalttechnology (FK3NS3EW),67725,won,2026-01-17,2026-01-25,Dalttechnology,Markita Hansen
MG Special - New prospect (IIVP87B8),7095,qualified,2026-01-17,,,Maureen Marcano
GTX Plus Basic - Conecom (3AB31BUU),132096,won,2026-01-17,2026-01-22,Conecom,Moses Frase
GTX Plus Pro - Streethex (ZQ7TYNUV),823536,won,2026-01-17,2026-01-25,Streethex,Niesha Huffines
GTX Basic - Acme Corporation (2PCPSBP9),70950,lost,2026-01-17,2026-02-02,Acme Corporation,Reed Clapper
GTX Basic - Donware (E223LSRZ),75723,won,2026-01-17,2026-03-21,Donware,Reed Clapper
MG Special - Labdrill (SW75F1Q1),7095,won,2026-01-17,2026-01-23,Labdrill,Rosalina Dieter
MG Advanced - Y-corporation (0Z6MNUF2),418218,won,2026-01-17,2026-01-25,Y-corporation,Rosalina Dieter
GTX Plus Pro - Zumgoity (HWD8ELR9),716982,won,2026-01-17,2026-02-20,Zumgoity,Versie Hillebrand
GTX Pro - Singletechno (XJI41C0L),628101,won,2026-01-17,2026-01-23,Singletechno,Vicki Laflamme
MG Advanced - Hottechi (9FWCMMM3),472269,won,2026-01-17,2026-01-24,Hottechi,Vicki Laflamme
GTX Basic - New prospect (4QFATB6J),70950,qualified,2026-01-17,,,Violet Mclelland
MG Special - New prospect (61E7IHAY),7095,qualified,2026-01-17,,,Violet Mclelland
GTX Pro - Kan-code (XPDLW6F0),703824,won,2026-01-17,2026-01-24,Kan-code,Zane Levy
MG Special - Globex Corporation (NCL2AJUL),7095,lost,2026-01-18,2026-05-23,Globex Corporation,Anna Snelling
GTX Pro - Plussunin (1E2LYCWP),621909,lost,2026-01-18,2026-01-19,Plussunin,Boris Faz
GTX Basic - Ganjaflex (NZPZ87IX),70950,lost,2026-01-18,2026-01-25,Ganjaflex,Cassey Cress
MG Advanced - Umbrella Corporation (SDJDM8RI),437697,lost,2026-01-18,2026-05-17,Umbrella Corporation,Cassey Cress
GTX Pro - Mathtouch (O64JQPJ2),621909,lost,2026-01-18,2026-01-25,Mathtouch,Corliss Cosme
GTX Plus Pro - Zotware (I18DIO6O),745620,won,2026-01-18,2026-01-19,Zotware,Corliss Cosme
GTX Pro - Zencorporation (8W464DG6),746523,won,2026-01-18,2026-01-25,Zencorporation,Corliss Cosme
GTX Pro - Bioplex (FI5OA7O6),664221,won,2026-01-18,2026-01-20,Bioplex,Daniell Hammack
GTX Plus Basic - Ganjaflex (AT6SDVJ5),141384,lost,2026-01-18,2026-05-23,Ganjaflex,Donn Cantrell
GTX Pro - Betasoloin (YDBPPU6J),657900,won,2026-01-18,2026-02-28,Betasoloin,Donn Cantrell
GTX Pro - Vehement Capital Partners (L6PCVRJS),620490,won,2026-01-18,2026-01-25,Vehement Capital Partners,Donn Cantrell
MG Special - Goodsilron (UO6R0X7G),7095,lost,2026-01-18,2026-01-29,Goodsilron,Elease Gluck
MG Advanced - Blackzim (PC38XXQN),437697,lost,2026-01-18,2026-04-28,Blackzim,Elease Gluck
GTX Basic - Betatech (7EBT21IA),72240,won,2026-01-18,2026-01-19,Betatech,Gladys Colclough
GTX Pro - Inity (M7W3E298),634164,won,2026-01-18,2026-01-27,Inity,Gladys Colclough
MG Special - New prospect (KTC0RC8I),7095,qualified,2026-01-18,,,James Ascencio
MG Special - Newex (MCRDLBIE),5805,won,2026-01-18,2026-03-08,Newex,James Ascencio
GTX Plus Basic - Konex (JW4K9O5H),141384,lost,2026-01-18,2026-01-20,Konex,Kami Bicknell
GTX Basic - Golddex (FX54MQFC),76368,won,2026-01-18,2026-01-19,Golddex,Kami Bicknell
GTX Basic - Doncon (A2C5O4EN),68241,won,2026-01-18,2026-01-24,Doncon,Kary Hendrixson
GTX Pro - J-Texon (79G6725X),698535,won,2026-01-18,2026-01-21,J-Texon,Kary Hendrixson
GTX Plus Pro - Streethex (GM6C1UK3),707178,lost,2026-01-18,2026-01-27,Streethex,Lajuana Vencill
GTX Basic - Bioholding (6VET70WX),66822,won,2026-01-18,2026-03-12,Bioholding,Lajuana Vencill
MG Special - Warephase (UQO59R6N),6708,won,2026-01-18,2026-05-08,Warephase,Lajuana Vencill
MG Advanced - New prospect (CY7C3ZPJ),437697,qualified,2026-01-18,,,Markita Hansen
MG Special - Labdrill (HEOTZFII),7095,lost,2026-01-18,2026-01-19,Labdrill,Markita Hansen
MG Special - Funholding (8V4PEF5D),6579,won,2026-01-18,2026-03-22,Funholding,Moses Frase
GTX Basic - Genco Pura Olive Oil Company (7RJMI3GC),71466,won,2026-01-18,2026-01-19,Genco Pura Olive Oil Company,Niesha Huffines
GTX Pro - Rundofase (2ZEFCKS3),623715,won,2026-01-18,2026-05-29,Rundofase,Niesha Huffines
MG Advanced - Ontomedia (3EGE42CM),437697,lost,2026-01-18,2026-01-19,Ontomedia,Reed Clapper
MG Special - New prospect (M9GP930T),7095,qualified,2026-01-18,,,Rosalina Dieter
MG Special - Blackzim (APWT2PFU),7611,won,2026-01-18,2026-01-25,Blackzim,Rosalina Dieter
MG Advanced - Initech (SUT0ZGFM),437697,lost,2026-01-18,2026-01-31,Initech,Rosie Papadopoulos
MG Special - Zumgoity (PTCP8RP4),7095,lost,2026-01-18,2026-01-30,Zumgoity,Versie Hillebrand
MG Advanced - Dontechi (QRFKRSKS),437697,lost,2026-01-18,2026-05-03,Dontechi,Versie Hillebrand
GTX Pro - Plexzap (J82TWNI7),621909,lost,2026-01-18,2026-05-10,Plexzap,Vicki Laflamme
MG Special - Newex (DSIX9DGZ),7095,lost,2026-01-18,2026-01-25,Newex,Vicki Laflamme
GTX Plus Pro - Xx-zobam (64WCPKZ1),749877,won,2026-01-18,2026-02-02,Xx-zobam,Violet Mclelland
GTX Pro - Opentech (D3G7ER0D),698406,won,2026-01-18,2026-01-26,Opentech,Wilburn Farren
GTX Plus Pro - Xx-holding (LITG1BL1),707178,lost,2026-01-18,2026-01-23,Xx-holding,Zane Levy
MG Special - Ron-tech (7FKONHLX),7998,won,2026-01-19,2026-01-20,Ron-tech,Anna Snelling
MG Advanced - New prospect (NMY6FA6X),437697,qualified,2026-01-19,,,Corliss Cosme
GTX Pro - Plussunin (S439SXI1),581145,won,2026-01-19,2026-05-01,Plussunin,Corliss Cosme
GTX Pro - Isdom (SG1T9M5F),621909,lost,2026-01-19,2026-01-25,Isdom,Darcel Schlecht
GTX Plus Basic - Konmatfix (SLP4PTFK),131580,won,2026-01-19,2026-01-31,Konmatfix,Darcel Schlecht
GTX Plus Pro - Domzoom (X3S5O9LJ),648741,won,2026-01-19,2026-01-24,Domzoom,Darcel Schlecht
GTX Pro - Scottech (ZA6AJ0N1),669639,won,2026-01-19,2026-05-12,Scottech,Darcel Schlecht
GTX Basic - Zotware (QGBMWIO6),70950,lost,2026-01-19,2026-01-31,Zotware,Garret Kinder
GTX Pro - Dontechi (T361XRAQ),621909,lost,2026-01-19,2026-01-28,Dontechi,Gladys Colclough
MG Advanced - New prospect (NUQPJV8A),437697,qualified,2026-01-19,,,Hayden Neloms
MG Advanced - Scotfind (GWRN1R49),392418,won,2026-01-19,2026-01-30,Scotfind,James Ascencio
GTX Basic - Globex Corporation (Q0KYIEKA),74820,won,2026-01-19,2026-01-21,Globex Corporation,Jonathan Berthelot
GTX Plus Basic - New prospect (VY4IVO2W),141384,qualified,2026-01-19,,,Kami Bicknell
GTX Basic - Nam-zim (2K7R3QHZ),79464,won,2026-01-19,2026-05-31,Nam-zim,Kary Hendrixson
GTX Plus Basic - J-Texon (WUWOHRX2),101652,won,2026-01-19,2026-01-24,J-Texon,Markita Hansen
GTX Basic - Kan-code (2OPR77CI),70950,lost,2026-01-19,2026-01-21,Kan-code,Maureen Marcano
GTX Pro - Vehement Capital Partners (EO481IOJ),642420,won,2026-01-19,2026-01-20,Vehement Capital Partners,Reed Clapper
MG Special - New prospect (INKH0Y59),7095,qualified,2026-01-19,,,Vicki Laflamme
MG Special - New prospect (OSMGVV1S),7095,qualified,2026-01-19,,,Vicki Laflamme
GTX Basic - Green-Plus (1VIKWVHD),70950,lost,2026-01-19,2026-05-07,Green-Plus,Vicki Laflamme
MG Advanced - Bioplex (UOXKC4UG),384549,won,2026-01-19,2026-05-01,Bioplex,Violet Mclelland
GTX Basic - Finjob (RDF2R9F8),70950,lost,2026-01-19,2026-01-25,Finjob,Zane Levy
GTX Plus Pro - Green-Plus (196BHHOS),707178,lost,2026-01-19,2026-01-22,Green-Plus,Zane Levy
GTX Plus Basic - New prospect (BDUNPUWY),141384,qualified,2026-01-20,,,Boris Faz
GTX Basic - Zencorporation (EYZ1MNSS),72240,won,2026-01-20,2026-01-22,Zencorporation,Boris Faz
GTX Pro - New prospect (HDALWEHF),621909,qualified,2026-01-20,,,Cassey Cress
MG Advanced - Donquadtech (KFVI73X6),495876,won,2026-01-20,2026-02-04,Donquadtech,Cassey Cress
GTX Basic - Bluth Company (88R4UBAN),72498,won,2026-01-20,2026-01-31,Bluth Company,Corliss Cosme
MG Special - The New York Inquirer (08EX3XKE),6579,won,2026-01-20,2026-01-26,The New York Inquirer,Daniell Hammack
GTX Plus Basic - Finhigh (4DK84UMX),126936,won,2026-01-20,2026-03-17,Finhigh,Darcel Schlecht
GTX Pro - Gogozoom (735GFCU0),635067,won,2026-01-20,2026-03-04,Gogozoom,Darcel Schlecht
GTX Plus Basic - New prospect (OTJR9SSK),141384,qualified,2026-01-20,,,Hayden Neloms
GTX Basic - Faxquote (2L8LJJRJ),70950,lost,2026-01-20,2026-04-30,Faxquote,James Ascencio
GTX Pro - Sunnamplex (2EO70V27),621909,lost,2026-01-20,2026-01-22,Sunnamplex,Kary Hendrixson
GTX Basic - Hottechi (7KU6B599),70950,lost,2026-01-20,2026-05-13,Hottechi,Lajuana Vencill
MG Advanced - Konmatfix (PNBSQPBR),437697,lost,2026-01-20,2026-01-27,Konmatfix,Marty Freudenburg
GTX Pro - New prospect (GQ2W1DXM),621909,qualified,2026-01-20,,,Maureen Marcano
GTX Plus Basic - Y-corporation (S87Y1DOY),143577,won,2026-01-20,2026-01-21,Y-corporation,Maureen Marcano
GTX Plus Pro - Treequote (EUE812O3),779031,won,2026-01-20,2026-02-05,Treequote,Niesha Huffines
GTX Basic - Massive Dynamic (OBE9NAIO),69402,won,2026-01-20,2026-03-01,Massive Dynamic,Reed Clapper
MG Advanced - Globex Corporation (7CTCDP9S),437697,lost,2026-01-20,2026-01-22,Globex Corporation,Versie Hillebrand
GTX Pro - Groovestreet (XE84LNAS),562956,won,2026-01-20,2026-02-16,Groovestreet,Vicki Laflamme
GTX Plus Basic - New prospect (CEEJ2EN5),141384,qualified,2026-01-20,,,Violet Mclelland
GTX Basic - New prospect (JNEQWZQK),70950,qualified,2026-01-20,,,Wilburn Farren
GTX Basic - Labdrill (QRW4NKCY),70950,lost,2026-01-20,2026-05-04,Labdrill,Zane Levy
GTX Basic - Rantouch (RD0L0NJG),59856,won,2026-01-20,2026-01-22,Rantouch,Zane Levy
GTX Plus Basic - Cancity (PEPOKEFV),141384,lost,2026-01-21,2026-04-28,Cancity,Anna Snelling
GTX Plus Pro - Warephase (M16WB7N8),707178,lost,2026-01-21,2026-04-28,Warephase,Anna Snelling
GTX Plus Basic - Hottechi (JHVY8I1M),138417,won,2026-01-21,2026-03-27,Hottechi,Anna Snelling
GTX Basic - Umbrella Corporation (E59MLGMH),70950,lost,2026-01-21,2026-01-23,Umbrella Corporation,Boris Faz
GTX Plus Basic - Donware (VGIIK8MS),141384,lost,2026-01-21,2026-01-26,Donware,Boris Faz
GTX Pro - Massive Dynamic (BTM58SCH),621909,lost,2026-01-21,2026-05-06,Massive Dynamic,Cassey Cress
GTX Plus Pro - New prospect (RXAQJKSL),707178,qualified,2026-01-21,,,Corliss Cosme
MG Special - Donware (HVVED5ZC),7095,lost,2026-01-21,2026-05-01,Donware,Corliss Cosme
MG Advanced - New prospect (IGRY0M4Q),437697,qualified,2026-01-21,,,Daniell Hammack
GTX Plus Basic - Globex Corporation (HE5988NI),141384,lost,2026-01-21,2026-05-06,Globex Corporation,Darcel Schlecht
GTX Plus Basic - Rundofase (N5QER189),136095,won,2026-01-21,2026-02-05,Rundofase,Darcel Schlecht
MG Special - Faxquote (AEMTQ0GH),5547,won,2026-01-21,2026-01-23,Faxquote,Elease Gluck
GTX Basic - Hottechi (3KSHTB4P),70950,lost,2026-01-21,2026-01-29,Hottechi,James Ascencio
MG Special - Golddex (XPJQBSLV),6321,won,2026-01-21,2026-01-23,Golddex,James Ascencio
GTX Plus Basic - Nam-zim (ZZI8GUEM),141384,lost,2026-01-21,2026-01-23,Nam-zim,Kami Bicknell
GTX Pro - Y-corporation (HBWY3B48),621909,lost,2026-01-21,2026-01-23,Y-corporation,Kami Bicknell
GTX Pro - Labdrill (ZBAMKTFX),632229,won,2026-01-21,2026-05-05,Labdrill,Kary Hendrixson
GTX Basic - Stanredtax (SICU0A7Z),66693,won,2026-01-21,2026-01-22,Stanredtax,Lajuana Vencill
GTX Plus Basic - Funholding (H7GBGRSO),142545,won,2026-01-21,2026-03-10,Funholding,Marty Freudenburg
GTX Basic - Nam-zim (RLAGB32O),71724,won,2026-01-21,2026-02-04,Nam-zim,Maureen Marcano
MG Advanced - Treequote (NYLCZ28K),390225,won,2026-01-21,2026-05-13,Treequote,Moses Frase
MG Special - Condax (3LO8XJBY),6966,won,2026-01-21,2026-03-02,Condax,Niesha Huffines
MG Special - Condax (YMMQA65I),6837,won,2026-01-21,2026-01-23,Condax,Rosalina Dieter
GTX Pro - Newex (I8A539VV),610815,won,2026-01-21,2026-01-22,Newex,Vicki Laflamme
GTX Basic - New prospect (9HYMQL4I),70950,qualified,2026-01-21,,,Zane Levy
GTX Basic - Konex (DJF1XMC4),75336,won,2026-01-22,2026-01-24,Konex,Boris Faz
GTX Pro - Umbrella Corporation (NCDZRUZD),621909,lost,2026-01-22,2026-02-06,Umbrella Corporation,Cassey Cress
GTX Plus Pro - New prospect (0KEO3OP7),707178,qualified,2026-01-22,,,Daniell Hammack
GTX Pro - Konex (UXNB9OIB),732204,won,2026-01-22,2026-01-23,Konex,Daniell Hammack
GTX Basic - Konmatfix (XWW6KUG0),70950,lost,2026-01-22,2026-01-24,Konmatfix,Darcel Schlecht
GTX Pro - Scottech (ZXUNLSOB),621909,lost,2026-01-22,2026-01-24,Scottech,Darcel Schlecht
GTX Pro - Finhigh (MZILPLUE),609783,won,2026-01-22,2026-01-31,Finhigh,Darcel Schlecht
GTX Plus Pro - Gekko & Co (MUYUSTKF),707178,lost,2026-01-22,2026-05-08,Gekko & Co,Garret Kinder
GTX Plus Basic - dambase (7QIU2BCK),105909,won,2026-01-22,2026-04-28,dambase,Gladys Colclough
GTX Plus Basic - Golddex (F749HRQ5),141384,lost,2026-01-22,2026-02-11,Golddex,James Ascencio
GTX Plus Basic - Dontechi (5ICV1IBY),128871,won,2026-01-22,2026-05-04,Dontechi,Lajuana Vencill
MG Special - dambase (H1O491SG),6966,won,2026-01-22,2026-05-02,dambase,Lajuana Vencill
GTX Basic - Conecom (ODIX25WY),70950,lost,2026-01-22,2026-05-03,Conecom,Marty Freudenburg
MG Advanced - Gogozoom (IRBQH4FY),438213,won,2026-01-22,2026-02-04,Gogozoom,Niesha Huffines
GTX Basic - Silis (ZKVVWZ8T),74046,won,2026-01-22,2026-02-09,Silis,Rosie Papadopoulos
MG Special - Inity (ZTT02VDQ),7095,lost,2026-01-22,2026-02-03,Inity,Versie Hillebrand
MG Special - Gogozoom (SAGXC5PF),7611,won,2026-01-22,2026-05-12,Gogozoom,Versie Hillebrand
MG Special - Treequote (J5QLUH5O),7740,won,2026-01-22,2026-01-24,Treequote,Versie Hillebrand
GTX Basic - Lexiqvolax (GIIKA5B9),70950,lost,2026-01-22,2026-01-24,Lexiqvolax,Vicki Laflamme
GTX Basic - Zoomit (WX8KQPCM),73917,won,2026-01-22,2026-02-09,Zoomit,Vicki Laflamme
GTX Pro - Finjob (0CSJCW8I),568374,won,2026-01-22,2026-02-11,Finjob,Vicki Laflamme
GTX Plus Basic - Plussunin (0WRMY7IX),147834,won,2026-01-22,2026-01-23,Plussunin,Violet Mclelland
MG Special - New prospect (7882RJGY),7095,qualified,2026-01-22,,,Wilburn Farren
GTX Basic - Kinnamplus (N6185PK0),67725,won,2026-01-22,2026-02-07,Kinnamplus,Wilburn Farren
GTX Basic - Dontechi (FQ4QOS8U),70950,lost,2026-01-23,2026-01-24,Dontechi,Anna Snelling
GTX Plus Basic - Scottech (XW9U35NQ),141384,lost,2026-01-23,2026-06-03,Scottech,Anna Snelling
MG Advanced - Rangreen (066V2ZGP),430086,won,2026-01-23,2026-05-11,Rangreen,Anna Snelling
GTX Basic - Initech (YUH42UOF),70950,lost,2026-01-23,2026-02-06,Initech,Cassey Cress
GTX Plus Basic - Donquadtech (XZF4GG94),141384,lost,2026-01-23,2026-01-25,Donquadtech,Daniell Hammack
GTX Pro - Ganjaflex (QAKLPDKQ),621909,lost,2026-01-23,2026-01-24,Ganjaflex,Donn Cantrell
GTK 500 - Labdrill (731TOWDY),3532665,won,2026-01-23,2026-03-15,Labdrill,Elease Gluck
GTX Basic - Konmatfix (KOI7M0RU),70950,lost,2026-01-23,2026-05-12,Konmatfix,Jonathan Berthelot
GTX Basic - Inity (HHDQ9EW4),70950,qualified,2026-01-23,,Inity,Kami Bicknell
GTX Plus Basic - Lexiqvolax (KXY0TY2K),141384,lost,2026-01-23,2026-01-24,Lexiqvolax,Markita Hansen
GTX Basic - Warephase (UNSJJUY4),77271,won,2026-01-23,2026-05-11,Warephase,Moses Frase
MG Special - Mathtouch (XNO6DQPU),8256,won,2026-01-23,2026-01-28,Mathtouch,Rosie Papadopoulos
GTX Plus Pro - Donquadtech (VMIAO42Z),707178,qualified,2026-01-23,,Donquadtech,Vicki Laflamme
GTX Pro - Scotfind (A2HLNPEL),621909,lost,2026-01-23,2026-01-31,Scotfind,Vicki Laflamme
MG Advanced - Lexiqvolax (NENHRB3K),437697,lost,2026-01-23,2026-02-08,Lexiqvolax,Vicki Laflamme
MG Special - Kinnamplus (PE3CL3ME),7095,lost,2026-01-23,2026-03-07,Kinnamplus,Violet Mclelland
GTX Plus Basic - Scottech (IE6TPFU9),118422,won,2026-01-24,2026-02-09,Scottech,Anna Snelling
MG Special - New prospect (VP8ERXPR),7095,qualified,2026-01-24,,,Cassey Cress
MG Special - Bubba Gump (WWTJ5PNC),7740,won,2026-01-24,2026-01-29,Bubba Gump,Daniell Hammack
GTX Pro - Ontomedia (DH9CHQ02),621909,lost,2026-01-24,2026-02-04,Ontomedia,Donn Cantrell
GTX Basic - Gekko & Co (S2ZN5NLA),66951,won,2026-01-24,2026-01-31,Gekko & Co,Donn Cantrell
GTX Basic - New prospect (UEZOR630),70950,qualified,2026-01-24,,,Elease Gluck
MG Special - Betasoloin (R9U1QNHQ),7095,qualified,2026-01-24,,Betasoloin,Hayden Neloms
GTX Plus Pro - Scotfind (NEM0GXXH),639324,won,2026-01-24,2026-01-29,Scotfind,James Ascencio
MG Advanced - Toughzap (5CZBHSRI),437697,qualified,2026-01-24,,Toughzap,Kary Hendrixson
GTX Basic - Treequote (E8LO9APO),70950,lost,2026-01-24,2026-02-11,Treequote,Lajuana Vencill
GTX Plus Pro - Rangreen (EQZGV36H),762777,won,2026-01-24,2026-05-05,Rangreen,Lajuana Vencill
GTX Pro - Massive Dynamic (DYNHHN6P),621909,qualified,2026-01-24,,Massive Dynamic,Maureen Marcano
GTX Basic - Bioholding (FZ1TTF0X),70950,lost,2026-01-24,2026-02-25,Bioholding,Moses Frase
GTX Plus Basic - Groovestreet (DG6RIZ6R),156090,won,2026-01-24,2026-05-18,Groovestreet,Rosalina Dieter
MG Advanced - Labdrill (DH6L7VA6),437697,lost,2026-01-24,2026-01-25,Labdrill,Vicki Laflamme
GTX Plus Basic - New prospect (ZH14SZPT),141384,qualified,2026-01-24,,,Violet Mclelland
MG Advanced - Genco Pura Olive Oil Company (9SBO74M5),404931,won,2026-01-25,2026-05-07,Genco Pura Olive Oil Company,Cecily Lampkin
GTX Basic - Initech (WHHVN372),67983,won,2026-01-25,2026-05-08,Initech,Corliss Cosme
GTX Plus Pro - New prospect (Q2CLAKLM),707178,qualified,2026-01-25,,,Daniell Hammack
GTX Basic - Dontechi (PJKAJVUG),70950,lost,2026-01-25,2026-01-29,Dontechi,Darcel Schlecht
GTX Plus Pro - Labdrill (FWTNRN0L),697632,won,2026-01-25,2026-05-09,Labdrill,Hayden Neloms
MG Special - Groovestreet (TTNORNQI),7998,won,2026-01-25,2026-05-09,Groovestreet,Hayden Neloms
GTX Basic - Domzoom (BGQ2F0HA),75594,won,2026-01-25,2026-02-07,Domzoom,Jonathan Berthelot
GTX Pro - Nam-zim (CY33L07I),621909,lost,2026-01-25,2026-01-26,Nam-zim,Kami Bicknell
GTX Basic - Lexiqvolax (JGXLR3H3),68628,won,2026-01-25,2026-05-03,Lexiqvolax,Kary Hendrixson
GTX Basic - Newex (ZNFFFJ1T),75465,won,2026-01-25,2026-05-10,Newex,Kary Hendrixson
GTX Basic - Ron-tech (T5JO33V3),75207,won,2026-01-25,2026-05-08,Ron-tech,Lajuana Vencill
GTX Basic - Rangreen (V7Y78MPU),55857,won,2026-01-25,2026-05-30,Rangreen,Marty Freudenburg
GTX Basic - Condax (CNO8JPLA),71853,won,2026-01-25,2026-01-31,Condax,Niesha Huffines
GTX Pro - Opentech (Y5OTY9O5),606816,won,2026-01-25,2026-02-03,Opentech,Reed Clapper
GTX Basic - New prospect (OTLQMB5X),70950,qualified,2026-01-25,,,Rosalina Dieter
GTX Pro - Plussunin (I81SUA2R),668478,won,2026-01-25,2026-05-09,Plussunin,Rosie Papadopoulos
GTX Pro - Lexiqvolax (2UHH7PD3),685119,won,2026-01-25,2026-02-07,Lexiqvolax,Zane Levy
GTX Plus Pro - Condax (AZZEZKBN),707178,lost,2026-01-26,2026-02-12,Condax,Anna Snelling
MG Special - Globex Corporation (443ATESI),8256,won,2026-01-26,2026-05-25,Globex Corporation,Anna Snelling
GTX Plus Pro - New prospect (OIO2H2MY),707178,qualified,2026-01-26,,,Boris Faz
GTX Basic - Zencorporation (7DT8UKKY),70950,qualified,2026-01-26,,Zencorporation,Corliss Cosme
GTX Plus Basic - Warephase (4UN65HWV),113262,won,2026-01-26,2026-05-20,Warephase,Darcel Schlecht
MG Special - Genco Pura Olive Oil Company (E5NRH4BP),7611,won,2026-01-26,2026-01-27,Genco Pura Olive Oil Company,Darcel Schlecht
GTX Basic - Zotware (NK438B9U),70950,lost,2026-01-26,2026-02-14,Zotware,Donn Cantrell
GTX Pro - Streethex (KCTYAQOR),621909,lost,2026-01-26,2026-05-04,Streethex,Gladys Colclough
GTX Plus Pro - Statholdings (OLGT0VHP),707178,qualified,2026-01-26,,Statholdings,James Ascencio
MG Special - Singletechno (RCNTHN0E),8385,won,2026-01-26,2026-05-17,Singletechno,James Ascencio
GTX Basic - Hottechi (ZIFDD41D),70047,won,2026-01-26,2026-05-08,Hottechi,Jonathan Berthelot
GTX Basic - Bluth Company (I92EJ805),70950,qualified,2026-01-26,,Bluth Company,Kami Bicknell
GTX Pro - New prospect (5WHMLQDK),621909,qualified,2026-01-26,,,Kary Hendrixson
GTX Basic - Scotfind (A5BVV5P8),70950,lost,2026-01-26,2026-03-09,Scotfind,Kary Hendrixson
MG Advanced - Domzoom (QP006VDE),437697,qualified,2026-01-26,,Domzoom,Markita Hansen
GTX Plus Pro - New prospect (R1K16RZO),707178,qualified,2026-01-26,,,Maureen Marcano
GTX Plus Pro - Condax (JQNSK78U),707178,lost,2026-01-26,2026-02-04,Condax,Moses Frase
GTX Plus Pro - Warephase (C3OOZUTI),707178,lost,2026-01-26,2026-02-01,Warephase,Moses Frase
MG Advanced - Ron-tech (FI0I7E73),512259,won,2026-01-26,2026-02-02,Ron-tech,Moses Frase
GTX Basic - Scottech (523458T9),71466,won,2026-01-26,2026-02-10,Scottech,Niesha Huffines
GTX Plus Pro - New prospect (UYQJ2A1O),707178,qualified,2026-01-26,,,Vicki Laflamme
MG Advanced - Cheers (7FY0HBH7),437697,lost,2026-01-26,2026-03-23,Cheers,Vicki Laflamme
GTX Plus Basic - Fasehatice (GAIFPSU2),164217,won,2026-01-26,2026-03-13,Fasehatice,Vicki Laflamme
MG Advanced - Umbrella Corporation (UIX6X6R3),437697,qualified,2026-01-26,,Umbrella Corporation,Zane Levy
GTX Plus Basic - Conecom (GBSK2HX8),167700,won,2026-01-27,2026-02-05,Conecom,Anna Snelling
GTX Plus Basic - New prospect (60NIT1PM),141384,qualified,2026-01-27,,,Boris Faz
GTX Plus Basic - New prospect (44Y3J17P),141384,qualified,2026-01-27,,,Boris Faz
GTX Plus Pro - Mathtouch (59FN87JP),707178,lost,2026-01-27,2026-02-15,Mathtouch,Boris Faz
MG Special - Condax (OJ92D9QU),7095,lost,2026-01-27,2026-05-11,Condax,Elease Gluck
MG Advanced - Sonron (GYKFAK7W),454983,won,2026-01-27,2026-02-04,Sonron,Hayden Neloms
GTX Basic - Rundofase (GXBV5VYA),67854,won,2026-01-27,2026-01-31,Rundofase,Jonathan Berthelot
MG Special - Condax (VXWUALY5),7095,lost,2026-01-27,2026-03-07,Condax,Kami Bicknell
GTX Basic - Isdom (IUDG3PF0),70950,lost,2026-01-27,2026-05-04,Isdom,Lajuana Vencill
GTX Basic - Hottechi (DNUTJO70),73401,won,2026-01-27,2026-03-19,Hottechi,Markita Hansen
GTX Plus Pro - Scotfind (I631R5DT),813990,won,2026-01-27,2026-02-08,Scotfind,Maureen Marcano
MG Advanced - Globex Corporation (V9XJAZPC),437697,lost,2026-01-27,2026-02-04,Globex Corporation,Moses Frase
GTX Plus Basic - Konex (OJPTGB57),146415,won,2026-01-27,2026-02-11,Konex,Reed Clapper
MG Special - New prospect (J9OP2A5I),7095,qualified,2026-01-27,,,Rosalina Dieter
GTX Plus Pro - dambase (QYTGB5LA),663705,won,2026-01-27,2026-05-16,dambase,Versie Hillebrand
MG Special - Cancity (UCNEMT8P),6966,won,2026-01-27,2026-05-06,Cancity,Versie Hillebrand
GTX Pro - Scotfind (7DDJHUWU),621909,lost,2026-01-27,2026-02-11,Scotfind,Vicki Laflamme
GTX Plus Pro - New prospect (8WB5HXOB),707178,qualified,2026-01-27,,,Zane Levy
MG Special - Codehow (KOFE244J),6837,won,2026-01-28,2026-04-28,Codehow,Anna Snelling
GTX Basic - Umbrella Corporation (D3JR6WFQ),65919,won,2026-01-28,2026-02-07,Umbrella Corporation,Boris Faz
GTX Plus Pro - Konex (OJMME9V9),741363,won,2026-01-28,2026-05-22,Konex,Boris Faz
GTX Pro - Inity (4ZX1WPS7),621909,qualified,2026-01-28,,Inity,Cassey Cress
GTX Basic - Acme Corporation (79IN4OVP),70950,lost,2026-01-28,2026-04-28,Acme Corporation,Cassey Cress
GTX Pro - Codehow (2NPSMBLK),621909,lost,2026-01-28,2026-05-05,Codehow,Darcel Schlecht
GTX Basic - Inity (NLKPA1KP),76884,won,2026-01-28,2026-05-08,Inity,Darcel Schlecht
MG Special - Conecom (38EYB40T),7740,won,2026-01-28,2026-02-08,Conecom,Jonathan Berthelot
GTX Pro - Finjob (3FZVCDW0),563988,won,2026-01-28,2026-01-29,Finjob,Kami Bicknell
GTX Pro - Xx-holding (2NTWE1G4),593916,won,2026-01-28,2026-02-02,Xx-holding,Kary Hendrixson
GTX Plus Pro - New prospect (86C26QSR),707178,qualified,2026-01-28,,,Markita Hansen
MG Advanced - Goodsilron (SHGSBZU8),437697,lost,2026-01-28,2026-02-07,Goodsilron,Markita Hansen
GTX Pro - Betasoloin (AETY0W6G),626811,won,2026-01-28,2026-02-02,Betasoloin,Reed Clapper
MG Advanced - Zoomit (A7F5O29R),479622,won,2026-01-28,2026-04-30,Zoomit,Vicki Laflamme
MG Special - Groovestreet (LR45YFE4),7095,qualified,2026-01-28,,Groovestreet,Violet Mclelland
MG Advanced - Sumace (MIYAP26S),437697,lost,2026-01-28,2026-02-13,Sumace,Violet Mclelland
GTX Basic - Hottechi (IEZCZAKT),63597,won,2026-01-28,2026-02-24,Hottechi,Zane Levy
MG Special - Domzoom (PDMWTS8O),6966,won,2026-01-29,2026-03-01,Domzoom,Anna Snelling
MG Special - Konmatfix (OPEICJES),6708,won,2026-01-29,2026-03-06,Konmatfix,Anna Snelling
MG Advanced - Rangreen (10UN7LA8),491877,won,2026-01-29,2026-03-20,Rangreen,Anna Snelling
GTX Pro - Vehement Capital Partners (C2W2VHJY),621909,lost,2026-01-29,2026-05-01,Vehement Capital Partners,Daniell Hammack
GTX Pro - Dontechi (Z032GGRE),636615,won,2026-01-29,2026-05-09,Dontechi,Darcel Schlecht
MG Advanced - Codehow (I8WTUMTA),459240,won,2026-01-29,2026-05-14,Codehow,Darcel Schlecht
GTX Pro - Betatech (P05J08B4),621909,lost,2026-01-29,2026-02-14,Betatech,Jonathan Berthelot
GTX Pro - Statholdings (GVCMT0GZ),621909,lost,2026-01-29,2026-05-22,Statholdings,Jonathan Berthelot
GTX Basic - Ron-tech (58SGEGN8),70950,lost,2026-01-29,2026-02-04,Ron-tech,Lajuana Vencill
GTX Plus Basic - Betatech (LZLXBQ0I),141384,lost,2026-01-29,2026-05-17,Betatech,Lajuana Vencill
MG Advanced - Zumgoity (1L2S3CMT),437697,lost,2026-01-29,2026-05-24,Zumgoity,Lajuana Vencill
GTX Plus Basic - Stanredtax (CE852VBF),141384,lost,2026-01-29,2026-05-22,Stanredtax,Niesha Huffines
GTX Basic - Genco Pura Olive Oil Company (KTX7ETCE),68112,won,2026-01-29,2026-05-02,Genco Pura Olive Oil Company,Niesha Huffines
GTX Plus Basic - Stanredtax (JEPAVEO7),153252,won,2026-01-29,2026-03-17,Stanredtax,Niesha Huffines
GTX Plus Pro - Xx-zobam (4T9CQH5J),707178,lost,2026-01-29,2026-06-12,Xx-zobam,Reed Clapper
MG Advanced - Dontechi (51T70SQX),437697,lost,2026-01-29,2026-02-04,Dontechi,Versie Hillebrand
GTX Basic - Betatech (SUYF0EN7),76110,won,2026-01-29,2026-05-06,Betatech,Versie Hillebrand
GTX Basic - Y-corporation (S2D060YF),74562,won,2026-01-29,2026-05-11,Y-corporation,Vicki Laflamme
GTX Pro - Gekko & Co (DE5WRZ6B),621909,lost,2026-01-29,2026-05-03,Gekko & Co,Violet Mclelland
MG Advanced - New prospect (UJ7BYO6A),437697,qualified,2026-01-29,,,Wilburn Farren
GTX Basic - Lexiqvolax (N6CXTO48),70950,lost,2026-01-29,2026-02-03,Lexiqvolax,Zane Levy
MG Advanced - Bioholding (4Z7B0OQB),437697,lost,2026-01-30,2026-05-12,Bioholding,Anna Snelling
GTX Plus Basic - Xx-holding (LCQ934W7),141384,qualified,2026-01-30,,Xx-holding,Cassey Cress
GTX Pro - Donquadtech (70TRVHOM),605913,won,2026-01-30,2026-05-02,Donquadtech,Cassey Cress
GTX Pro - Ontomedia (0G0S9TB8),621909,lost,2026-01-30,2026-05-10,Ontomedia,Donn Cantrell
GTX Pro - Ontomedia (U43RA5W8),621909,lost,2026-01-30,2026-02-24,Ontomedia,Donn Cantrell
GTX Plus Basic - Kinnamplus (SOE904XE),149769,won,2026-01-30,2026-05-23,Kinnamplus,Donn Cantrell
GTX Plus Basic - Vehement Capital Partners (C64JTLGO),142029,won,2026-01-30,2026-01-31,Vehement Capital Partners,Donn Cantrell
GTX Basic - Inity (F9XJYM9F),65919,won,2026-01-30,2026-05-09,Inity,Jonathan Berthelot
MG Special - Condax (XWN6WWOD),7353,won,2026-01-30,2026-04-28,Condax,Jonathan Berthelot
MG Special - Xx-holding (17MPPMM0),7095,lost,2026-01-30,2026-02-06,Xx-holding,Kami Bicknell
GTX Basic - Singletechno (FV6PHMQW),81915,won,2026-01-30,2026-02-15,Singletechno,Kami Bicknell
GTX Pro - Nam-zim (NX2K0HQ9),561408,won,2026-01-30,2026-05-13,Nam-zim,Kami Bicknell
GTX Plus Basic - Vehement Capital Partners (Z236WCM1),141384,qualified,2026-01-30,,Vehement Capital Partners,Kary Hendrixson
MG Special - Y-corporation (T5GZDRDE),7095,lost,2026-01-30,2026-02-10,Y-corporation,Kary Hendrixson
GTX Plus Pro - Rangreen (91G2ZW58),707178,lost,2026-01-30,2026-02-04,Rangreen,Lajuana Vencill
MG Advanced - Domzoom (H2PEIFZH),509808,won,2026-01-30,2026-02-02,Domzoom,Lajuana Vencill
GTX Basic - The New York Inquirer (RG893DYQ),70950,qualified,2026-01-30,,The New York Inquirer,Markita Hansen
GTX Basic - New prospect (WQSJNIEZ),70950,qualified,2026-01-30,,,Markita Hansen
GTX Basic - Kan-code (V8M89S4W),72240,won,2026-01-30,2026-01-31,Kan-code,Markita Hansen
GTX Plus Basic - Bioholding (5QR02PQI),141384,lost,2026-01-30,2026-02-02,Bioholding,Marty Freudenburg
GTX Plus Basic - Funholding (WB974HS4),126936,won,2026-01-30,2026-06-15,Funholding,Niesha Huffines
MG Advanced - Vehement Capital Partners (L6VDDXFV),437697,lost,2026-01-30,2026-02-05,Vehement Capital Partners,Reed Clapper
GTX Basic - Sonron (B0MOQZVN),74691,won,2026-01-30,2026-02-08,Sonron,Vicki Laflamme
GTX Plus Basic - Groovestreet (09C4GR2W),148479,won,2026-01-30,2026-05-07,Groovestreet,Vicki Laflamme
GTX Plus Basic - Donware (6YN4FZHL),113649,won,2026-01-30,2026-05-22,Donware,Violet Mclelland
MG Special - Umbrella Corporation (45CION64),7611,won,2026-01-30,2026-05-14,Umbrella Corporation,Violet Mclelland
GTX Basic - Plexzap (BSQRXW4X),78432,won,2026-01-30,2026-02-06,Plexzap,Zane Levy
GTX Plus Pro - Dontechi (PYEQPW42),617136,won,2026-01-31,2026-02-03,Dontechi,Anna Snelling
MG Advanced - Acme Corporation (5NW73ZRY),434730,won,2026-01-31,2026-02-16,Acme Corporation,Boris Faz
MG Special - Betasoloin (0P8NFYML),7095,lost,2026-01-31,2026-02-18,Betasoloin,Cassey Cress
GTX Plus Pro - Ganjaflex (HF74MC9F),707178,qualified,2026-01-31,,Ganjaflex,Corliss Cosme
GTX Plus Basic - Funholding (1Y9KPBXY),141384,lost,2026-01-31,2026-06-07,Funholding,Darcel Schlecht
GTX Basic - Funholding (0AR9HD16),67854,won,2026-01-31,2026-05-14,Funholding,Darcel Schlecht
GTX Plus Basic - Mathtouch (Q72BVH8T),141384,lost,2026-01-31,2026-02-06,Mathtouch,Donn Cantrell
GTX Pro - Hottechi (OH7VVUY0),648612,won,2026-01-31,2026-03-26,Hottechi,Gladys Colclough
GTX Basic - Condax (4DPSFUEC),70950,lost,2026-01-31,2026-02-17,Condax,Jonathan Berthelot
GTX Pro - Isdom (BB7JH1C4),621909,lost,2026-01-31,2026-02-12,Isdom,Jonathan Berthelot
GTX Basic - Initech (FWTTJ2G8),70950,qualified,2026-01-31,,Initech,Kary Hendrixson
GTX Basic - Codehow (FLJCJ7IE),70950,lost,2026-01-31,2026-02-12,Codehow,Lajuana Vencill
GTX Basic - dambase (7T109BBY),70950,lost,2026-01-31,2026-02-14,dambase,Lajuana Vencill
MG Advanced - Streethex (4JVY843T),437697,lost,2026-01-31,2026-02-17,Streethex,Lajuana Vencill
GTX Plus Basic - New prospect (J71N4WQ6),141384,qualified,2026-01-31,,,Markita Hansen
GTX Basic - Genco Pura Olive Oil Company (INI33ALF),73401,won,2026-01-31,2026-02-16,Genco Pura Olive Oil Company,Moses Frase
MG Special - Codehow (D3M1KUQ2),7095,lost,2026-01-31,2026-02-20,Codehow,Niesha Huffines
GTX Plus Pro - Gekko & Co (NOO83M87),707178,lost,2026-01-31,2026-04-29,Gekko & Co,Rosie Papadopoulos
MG Special - Kan-code (8G9Q7NXD),6579,won,2026-01-31,2026-05-06,Kan-code,Rosie Papadopoulos
GTX Plus Pro - Golddex (IGHYUSN8),707178,qualified,2026-01-31,,Golddex,Vicki Laflamme
GTX Pro - New prospect (3F34LWKM),621909,qualified,2026-01-31,,,Vicki Laflamme
GTX Plus Basic - dambase (IRCBYH9Z),141384,lost,2026-02-01,2026-05-27,dambase,Anna Snelling
MG Advanced - Bubba Gump (559PYA0L),553023,won,2026-02-01,2026-02-15,Bubba Gump,Cassey Cress
GTX Plus Basic - Plussunin (RIC5ZHK4),141384,qualified,2026-02-01,,Plussunin,Corliss Cosme
GTX Pro - New prospect (YVXKNYSM),621909,qualified,2026-02-01,,,Corliss Cosme
GTX Pro - Ontomedia (237L2CSV),510840,won,2026-02-01,2026-02-09,Ontomedia,Corliss Cosme
GTX Pro - Konex (AS7MJ0S1),621909,lost,2026-02-01,2026-02-03,Konex,Donn Cantrell
GTX Plus Basic - Codehow (INAEAAI9),140997,won,2026-02-01,2026-05-30,Codehow,Jonathan Berthelot
GTX Plus Basic - Warephase (1XNXJUQM),154026,won,2026-02-01,2026-05-07,Warephase,Jonathan Berthelot
GTX Pro - Rangreen (Z64MQTF2),684990,won,2026-02-01,2026-05-11,Rangreen,Jonathan Berthelot
GTX Plus Basic - Blackzim (BM0QXHMH),141384,lost,2026-02-01,2026-05-01,Blackzim,Kami Bicknell
GTX Plus Basic - Fasehatice (ARY1F1KN),141384,lost,2026-02-01,2026-02-14,Fasehatice,Kary Hendrixson
GTX Basic - Hottechi (XPCDFUDY),70950,lost,2026-02-01,2026-04-30,Hottechi,Lajuana Vencill
GTX Plus Pro - New prospect (73086D08),707178,qualified,2026-02-01,,,Markita Hansen
GTX Plus Basic - Golddex (VDOUNMRC),157638,won,2026-02-01,2026-05-05,Golddex,Maureen Marcano
GTX Plus Basic - Inity (TEKCKT3V),116229,won,2026-02-01,2026-05-02,Inity,Moses Frase
MG Advanced - Ontomedia (1WJT7CM8),437697,lost,2026-02-01,2026-05-23,Ontomedia,Reed Clapper
GTX Plus Pro - Kan-code (96A1GDXO),722529,won,2026-02-01,2026-04-28,Kan-code,Reed Clapper
MG Advanced - New prospect (OIFERO7S),437697,qualified,2026-02-01,,,Rosalina Dieter
MG Advanced - New prospect (Z2E1UVVB),437697,qualified,2026-02-01,,,Violet Mclelland
GTX Plus Basic - Donquadtech (AAU2IQFW),128355,won,2026-02-01,2026-05-02,Donquadtech,Wilburn Farren
MG Advanced - Xx-zobam (PRHL94PK),472914,won,2026-02-01,2026-05-02,Xx-zobam,Wilburn Farren
GTX Plus Basic - Zumgoity (3WC1FUFP),141384,lost,2026-02-02,2026-02-12,Zumgoity,Anna Snelling
MG Special - Scottech (SHG8Y43V),7224,won,2026-02-02,2026-02-13,Scottech,Anna Snelling
GTX Plus Basic - Initech (1O2ZN81M),176988,won,2026-02-02,2026-02-11,Initech,Cassey Cress
MG Advanced - Bluth Company (J6T6BTJI),423378,won,2026-02-02,2026-04-28,Bluth Company,Daniell Hammack
GTX Pro - Dontechi (0WO582AV),621909,lost,2026-02-02,2026-05-03,Dontechi,Darcel Schlecht
MG Special - Dalttechnology (JTTLDM4E),5547,won,2026-02-02,2026-05-15,Dalttechnology,Elease Gluck
MG Special - Newex (8KQH5XI1),6966,won,2026-02-02,2026-06-02,Newex,Elease Gluck
GTX Basic - Stanredtax (1Q5XFO8D),70950,lost,2026-02-02,2026-05-18,Stanredtax,Jonathan Berthelot
GTX Basic - Cheers (A3PNPLTG),74175,won,2026-02-02,2026-02-10,Cheers,Kami Bicknell
GTX Plus Basic - Hottechi (03CWYGC9),99072,won,2026-02-02,2026-05-07,Hottechi,Kami Bicknell
GTX Pro - Singletechno (FSEF5ZR9),570954,won,2026-02-02,2026-06-09,Singletechno,Kami Bicknell
GTX Basic - Betatech (N23C5EKK),70950,lost,2026-02-02,2026-02-04,Betatech,Lajuana Vencill
GTX Basic - Konmatfix (S9K81CWS),71337,won,2026-02-02,2026-05-17,Konmatfix,Lajuana Vencill
GTX Plus Pro - Codehow (PJ00PLEU),707178,lost,2026-02-02,2026-02-14,Codehow,Marty Freudenburg
GTX Plus Basic - New prospect (0AQGBN7B),141384,qualified,2026-02-02,,,Maureen Marcano
GTX Plus Basic - Green-Plus (3F8AA8RT),141384,lost,2026-02-02,2026-05-02,Green-Plus,Maureen Marcano
GTX Plus Pro - Zoomit (4NAHJMYM),617394,won,2026-02-02,2026-06-15,Zoomit,Maureen Marcano
MG Advanced - Rundofase (6KVOMBDJ),437697,lost,2026-02-02,2026-02-17,Rundofase,Moses Frase
GTX Pro - The New York Inquirer (TFS5SYN2),621909,lost,2026-02-02,2026-02-11,The New York Inquirer,Reed Clapper
GTX Plus Pro - Inity (N7KJ821I),707178,lost,2026-02-02,2026-04-29,Inity,Versie Hillebrand
MG Special - Ron-tech (YCKKT5ME),7095,lost,2026-02-02,2026-05-16,Ron-tech,Versie Hillebrand
GTX Plus Pro - dambase (HI2E8TBI),688602,won,2026-02-02,2026-02-10,dambase,Versie Hillebrand
GTX Pro - Hatfan (UU25XD9E),621909,qualified,2026-02-02,,Hatfan,Zane Levy
GTX Basic - Scotfind (Q54L8P6I),70950,lost,2026-02-02,2026-02-09,Scotfind,Zane Levy
GTX Plus Basic - Statholdings (XSB7IN6X),128484,won,2026-02-03,2026-05-28,Statholdings,Anna Snelling
GTX Plus Basic - New prospect (K5GFWLKM),141384,qualified,2026-02-03,,,Boris Faz
MG Advanced - New prospect (1K6HY455),437697,qualified,2026-02-03,,,Boris Faz
MG Advanced - Gekko & Co (FQW15KC4),437697,lost,2026-02-03,2026-02-14,Gekko & Co,Cassey Cress
MG Special - Dontechi (G17H7YXA),8127,won,2026-02-03,2026-05-06,Dontechi,Cecily Lampkin
GTX Plus Basic - Opentech (XOE5EU8U),141384,lost,2026-02-03,2026-05-14,Opentech,Daniell Hammack
GTX Plus Basic - Inity (WEB7LYK0),138675,won,2026-02-03,2026-02-13,Inity,Darcel Schlecht
GTX Pro - Warephase (N4Z3QYK7),649257,won,2026-02-03,2026-02-18,Warephase,Darcel Schlecht
MG Advanced - Rundofase (JECCHO49),419121,won,2026-02-03,2026-03-23,Rundofase,Darcel Schlecht
GTX Plus Basic - Globex Corporation (QUOU67L5),130935,won,2026-02-03,2026-05-11,Globex Corporation,Gladys Colclough
GTX Basic - Stanredtax (SSZHMEE3),70950,lost,2026-02-03,2026-03-24,Stanredtax,Jonathan Berthelot
GTX Plus Basic - Gogozoom (WUE92JFJ),141900,won,2026-02-03,2026-02-10,Gogozoom,Jonathan Berthelot
GTX Plus Pro - Blackzim (EYNZMBI0),613395,won,2026-02-03,2026-06-10,Blackzim,Kami Bicknell
GTX Basic - Kan-code (LPOOKZCQ),70950,lost,2026-02-03,2026-05-05,Kan-code,Kary Hendrixson
GTK 500 - New prospect (GL1YE4PQ),3453072,qualified,2026-02-03,,,Markita Hansen
GTX Basic - Groovestreet (HFUZQFQQ),70950,qualified,2026-02-03,,Groovestreet,Markita Hansen
GTX Plus Basic - Konex (OCHUEK3V),141384,lost,2026-02-03,2026-02-13,Konex,Markita Hansen
GTX Pro - Golddex (DU0DYV80),621909,lost,2026-02-03,2026-03-27,Golddex,Markita Hansen
GTX Basic - J-Texon (3C5KXGO6),69789,won,2026-02-03,2026-02-04,J-Texon,Markita Hansen
GTX Pro - Hatfan (95532CI0),621135,won,2026-02-03,2026-02-27,Hatfan,Markita Hansen
GTX Plus Basic - Donquadtech (8SVMGDPA),141384,qualified,2026-02-03,,Donquadtech,Maureen Marcano
MG Special - Konex (Q0MRZHN7),7353,won,2026-02-03,2026-02-06,Konex,Maureen Marcano
GTX Plus Basic - Ron-tech (WAN7I53E),141384,lost,2026-02-03,2026-02-14,Ron-tech,Niesha Huffines
MG Special - Ron-tech (6C1DLYBH),7095,lost,2026-02-03,2026-05-19,Ron-tech,Niesha Huffines
GTX Plus Pro - Opentech (ZC3UEHXG),697374,won,2026-02-03,2026-02-11,Opentech,Reed Clapper
GTX Pro - New prospect (FHWXZ6HL),621909,qualified,2026-02-03,,,Rosie Papadopoulos
GTX Basic - Fasehatice (HJBVO8T4),70950,lost,2026-02-03,2026-03-18,Fasehatice,Vicki Laflamme
MG Advanced - Xx-holding (5CJQB25J),437697,lost,2026-02-03,2026-05-01,Xx-holding,Vicki Laflamme
GTX Basic - Rangreen (246MLWZ7),70950,qualified,2026-02-03,,Rangreen,Zane Levy
GTX Plus Pro - Goodsilron (O22S564Y),650418,won,2026-02-03,2026-02-14,Goodsilron,Zane Levy
GTX Pro - Rantouch (UO62J3M0),512001,won,2026-02-03,2026-02-17,Rantouch,Zane Levy
MG Special - dambase (KLZ95C62),7095,lost,2026-02-04,2026-05-18,dambase,Anna Snelling
MG Special - Isdom (ROBBKT4T),7611,won,2026-02-04,2026-05-01,Isdom,Anna Snelling
GTX Basic - Sumace (FPTY1B79),81141,won,2026-02-04,2026-02-10,Sumace,Cassey Cress
MG Special - Dontechi (AP3405RD),7353,won,2026-02-04,2026-02-10,Dontechi,Cecily Lampkin
MG Advanced - Konex (AVZ1BG3K),437697,lost,2026-02-04,2026-02-08,Konex,Corliss Cosme
GTX Pro - Silis (FXLA39YR),627069,won,2026-02-04,2026-05-03,Silis,Corliss Cosme
MG Advanced - Plussunin (Q9GJ1LJT),437697,lost,2026-02-04,2026-05-31,Plussunin,Daniell Hammack
GTX Pro - Dontechi (P9VFKNR0),621909,lost,2026-02-04,2026-04-28,Dontechi,Darcel Schlecht
GTX Plus Basic - Zumgoity (WQ5WIP35),126420,won,2026-02-04,2026-02-24,Zumgoity,Darcel Schlecht
GTX Plus Pro - Umbrella Corporation (X5YVW7O5),707178,lost,2026-02-04,2026-02-11,Umbrella Corporation,Donn Cantrell
MG Advanced - Zotware (DWCDI7Q2),437697,lost,2026-02-04,2026-02-16,Zotware,Donn Cantrell
GTX Pro - Kan-code (XH01XH1F),621909,lost,2026-02-04,2026-05-21,Kan-code,Garret Kinder
GTX Pro - Cancity (U48PDN1F),691569,won,2026-02-04,2026-05-07,Cancity,Gladys Colclough
MG Advanced - Labdrill (QO0MQUOY),437697,lost,2026-02-04,2026-05-08,Labdrill,James Ascencio
GTX Basic - New prospect (Q2RY668B),70950,qualified,2026-02-04,,,Kami Bicknell
GTX Basic - New prospect (VBFYOCDO),70950,qualified,2026-02-04,,,Kami Bicknell
GTX Basic - Goodsilron (UMMMBBS6),70950,lost,2026-02-04,2026-05-22,Goodsilron,Kami Bicknell
GTX Plus Basic - Faxquote (53ZXALR1),157380,won,2026-02-04,2026-06-11,Faxquote,Kary Hendrixson
MG Special - Doncon (VQUCVSOL),7095,lost,2026-02-04,2026-02-16,Doncon,Markita Hansen
MG Advanced - Singletechno (2NN7T8LG),437697,lost,2026-02-04,2026-02-10,Singletechno,Markita Hansen
GTX Basic - Scotfind (SLCWM9BH),59856,won,2026-02-04,2026-06-01,Scotfind,Markita Hansen
MG Advanced - Genco Pura Olive Oil Company (974QGNBZ),464916,won,2026-02-04,2026-02-18,Genco Pura Olive Oil Company,Marty Freudenburg
GTX Basic - Finhigh (T8E8EDZS),68241,won,2026-02-04,2026-05-18,Finhigh,Moses Frase
GTX Plus Basic - Toughzap (9C2RRH1Q),141384,lost,2026-02-04,2026-06-16,Toughzap,Niesha Huffines
MG Advanced - Green-Plus (H26RG9KC),437697,lost,2026-02-04,2026-02-12,Green-Plus,Rosalina Dieter
MG Special - Bubba Gump (R034IT17),6966,won,2026-02-04,2026-02-06,Bubba Gump,Rosie Papadopoulos
GTX Basic - Conecom (T5SX9Z3T),70950,qualified,2026-02-04,,Conecom,Vicki Laflamme
GTX Plus Basic - Acme Corporation (H6CG7TPM),131838,won,2026-02-04,2026-02-22,Acme Corporation,Violet Mclelland
GTX Plus Basic - Ron-tech (KV1EXWQG),141384,lost,2026-02-05,2026-04-30,Ron-tech,Anna Snelling
MG Special - Dontechi (P4GX3HZH),6708,won,2026-02-05,2026-02-20,Dontechi,Anna Snelling
GTX Basic - Bubba Gump (VPG5E490),70950,qualified,2026-02-05,,Bubba Gump,Boris Faz
GTX Basic - Zencorporation (8I84MV5A),70950,qualified,2026-02-05,,Zencorporation,Cassey Cress
MG Special - New prospect (KF05URX0),7095,qualified,2026-02-05,,,Corliss Cosme
GTX Pro - Bioholding (GACP1E2I),649773,won,2026-02-05,2026-05-08,Bioholding,Darcel Schlecht
GTX Pro - Globex Corporation (ASW97JK3),607461,won,2026-02-05,2026-03-26,Globex Corporation,Darcel Schlecht
MG Special - Treequote (XBYJ3NUR),7740,won,2026-02-05,2026-02-14,Treequote,Darcel Schlecht
MG Advanced - Stanredtax (4Q2GV039),485814,won,2026-02-05,2026-05-21,Stanredtax,Darcel Schlecht
MG Advanced - Donquadtech (ZA1YVJQC),458208,won,2026-02-05,2026-05-08,Donquadtech,Garret Kinder
GTX Basic - New prospect (5IQAJGCU),70950,qualified,2026-02-05,,,Kami Bicknell
MG Special - Blackzim (59XUUWAQ),7095,lost,2026-02-05,2026-05-30,Blackzim,Kami Bicknell
MG Advanced - Groovestreet (GGXEKX47),437697,lost,2026-02-05,2026-04-30,Groovestreet,Kami Bicknell
GTX Basic - Bioholding (LTVGILHP),70950,qualified,2026-02-05,,Bioholding,Kary Hendrixson
GTX Pro - Kan-code (N00L26DN),621909,lost,2026-02-05,2026-02-24,Kan-code,Kary Hendrixson
MG Advanced - Fasehatice (8JP05QQR),437697,lost,2026-02-05,2026-04-30,Fasehatice,Markita Hansen
GTX Plus Pro - Sonron (MV227O65),707178,qualified,2026-02-05,,Sonron,Maureen Marcano
GTX Basic - Finjob (0BG8WJSX),70950,lost,2026-02-05,2026-02-16,Finjob,Maureen Marcano
GTX Basic - Treequote (ZQVUQ5CJ),60888,won,2026-02-05,2026-02-19,Treequote,Moses Frase
GTX Plus Pro - New prospect (E8QHX9TE),707178,qualified,2026-02-05,,,Vicki Laflamme
MG Special - Cheers (ZFVG8LP2),7224,won,2026-02-05,2026-02-14,Cheers,Vicki Laflamme
MG Special - Opentech (P2ST849C),7353,won,2026-02-05,2026-03-13,Opentech,Violet Mclelland
MG Advanced - Mathtouch (6CPBVF9F),437697,lost,2026-02-05,2026-05-01,Mathtouch,Wilburn Farren
GTX Plus Basic - Newex (6ID18IJX),100104,won,2026-02-05,2026-05-14,Newex,Zane Levy
MG Special - Gogozoom (WSPM5X5V),7095,lost,2026-02-06,2026-02-17,Gogozoom,Anna Snelling
MG Special - Codehow (7SF3PMMY),7869,won,2026-02-06,2026-03-07,Codehow,Cecily Lampkin
MG Advanced - Hottechi (CZF82O5B),494199,won,2026-02-06,2026-02-21,Hottechi,Cecily Lampkin
MG Advanced - Sumace (BLLYPR3S),437697,lost,2026-02-06,2026-05-21,Sumace,Corliss Cosme
MG Special - Rangreen (6VLA3FDQ),6708,won,2026-02-06,2026-05-06,Rangreen,Gladys Colclough
GTX Pro - Golddex (YL98GKZF),621909,lost,2026-02-06,2026-04-28,Golddex,James Ascencio
MG Advanced - dambase (G43QQLLF),437697,lost,2026-02-06,2026-02-14,dambase,Jonathan Berthelot
GTX Pro - Lexiqvolax (1DZNTUSA),621909,lost,2026-02-06,2026-02-14,Lexiqvolax,Kami Bicknell
GTX Pro - Konex (G5Z0FWAX),621909,lost,2026-02-06,2026-04-30,Konex,Kary Hendrixson
GTX Plus Pro - Scotfind (Z3FOWY9N),735042,won,2026-02-06,2026-03-19,Scotfind,Kary Hendrixson
GTX Basic - Ron-tech (S4OLFL40),76755,won,2026-02-06,2026-02-16,Ron-tech,Lajuana Vencill
GTX Plus Pro - Codehow (LPY6VIZV),707178,lost,2026-02-06,2026-05-09,Codehow,Marty Freudenburg
GTX Plus Basic - Newex (QQ96SPTU),147576,won,2026-02-06,2026-05-20,Newex,Maureen Marcano
MG Special - Finhigh (5YLCW6L5),7869,won,2026-02-06,2026-06-12,Finhigh,Moses Frase
GTX Pro - Acme Corporation (IQ8MEPW9),621909,lost,2026-02-06,2026-02-18,Acme Corporation,Reed Clapper
MG Advanced - Konex (AZX4XC81),437697,lost,2026-02-06,2026-05-10,Konex,Reed Clapper
MG Advanced - Plussunin (GO4G2L4X),452790,won,2026-02-06,2026-02-09,Plussunin,Reed Clapper
GTX Basic - Konex (9HKP3RBS),66177,won,2026-02-06,2026-05-01,Konex,Rosie Papadopoulos
MG Advanced - Toughzap (ER3G544S),437697,lost,2026-02-06,2026-05-11,Toughzap,Versie Hillebrand
GTX Plus Basic - Inity (YQFF7GFK),139707,won,2026-02-06,2026-05-08,Inity,Versie Hillebrand
GTX Basic - Scotfind (1D1EJE8U),70950,lost,2026-02-06,2026-02-20,Scotfind,Vicki Laflamme
GTX Plus Pro - Condax (5BAGWGAG),772323,won,2026-02-06,2026-05-20,Condax,Vicki Laflamme
GTX Plus Basic - dambase (V1ROZMCX),134289,won,2026-02-07,2026-03-25,dambase,Anna Snelling
MG Special - Funholding (CEQ3J96G),6966,won,2026-02-07,2026-05-01,Funholding,Anna Snelling
MG Advanced - Massive Dynamic (P96S0ATV),345333,won,2026-02-07,2026-02-26,Massive Dynamic,Boris Faz
MG Advanced - Rundofase (GXKR6EG9),458982,won,2026-02-07,2026-02-21,Rundofase,Cecily Lampkin
MG Advanced - New prospect (I6UG2OLX),437697,qualified,2026-02-07,,,Corliss Cosme
GTX Basic - Sumace (XA4PGIHG),70950,lost,2026-02-07,2026-05-05,Sumace,Corliss Cosme
GTX Plus Basic - Plussunin (INBSL1I4),111714,won,2026-02-07,2026-05-17,Plussunin,Corliss Cosme
GTX Plus Basic - Condax (4N2KE2ER),127323,won,2026-02-07,2026-05-21,Condax,Darcel Schlecht
MG Advanced - Dontechi (UJSFG18F),424410,won,2026-02-07,2026-05-12,Dontechi,Darcel Schlecht
GTX Plus Pro - Xx-zobam (R9TWUEAT),707178,lost,2026-02-07,2026-05-06,Xx-zobam,Donn Cantrell
MG Advanced - Donquadtech (3K97S8L9),437697,lost,2026-02-07,2026-02-13,Donquadtech,Donn Cantrell
MG Advanced - Mathtouch (QWR1O5R9),437697,lost,2026-02-07,2026-02-11,Mathtouch,Donn Cantrell
MG Special - Faxquote (0MZIJDPM),6966,won,2026-02-07,2026-06-10,Faxquote,Elease Gluck
MG Advanced - Faxquote (3N46WQVI),437697,qualified,2026-02-07,,Faxquote,Hayden Neloms
GTX Plus Pro - Singletechno (FNQYVW3T),596883,won,2026-02-07,2026-02-11,Singletechno,Hayden Neloms
GTX Basic - Green-Plus (CO6JN5NH),70950,lost,2026-02-07,2026-05-19,Green-Plus,James Ascencio
GTX Pro - Codehow (D6XIVDQF),725625,won,2026-02-07,2026-06-03,Codehow,Jonathan Berthelot
GTX Basic - Genco Pura Olive Oil Company (CQXYCHKN),70950,lost,2026-02-07,2026-02-09,Genco Pura Olive Oil Company,Lajuana Vencill
MG Special - Singletechno (TWXUDY78),7353,won,2026-02-07,2026-05-20,Singletechno,Markita Hansen
GTX Plus Basic - Dontechi (OPL7DH0Q),141384,lost,2026-02-07,2026-05-21,Dontechi,Niesha Huffines
GTX Plus Basic - Singletechno (5VKRCTJE),133128,won,2026-02-07,2026-04-28,Singletechno,Rosalina Dieter
GTX Basic - Opentech (7DDD3NZ2),73143,won,2026-02-07,2026-02-11,Opentech,Rosie Papadopoulos
MG Special - Dontechi (QL97HH1Y),7482,won,2026-02-07,2026-02-13,Dontechi,Versie Hillebrand
GTX Plus Pro - Gogozoom (9KN4MG14),707178,lost,2026-02-08,2026-05-22,Gogozoom,Anna Snelling
MG Special - Rundofase (4V3TLIGG),6450,won,2026-02-08,2026-02-16,Rundofase,Anna Snelling
MG Advanced - Toughzap (ALZNZ666),437697,qualified,2026-02-08,,Toughzap,Boris Faz
GTX Plus Basic - New prospect (BJO24Z5A),141384,qualified,2026-02-08,,,Cassey Cress
GTX Basic - Mathtouch (BWRNVTNR),70950,lost,2026-02-08,2026-04-29,Mathtouch,Cassey Cress
GTX Basic - Bubba Gump (0H4AHJRI),70950,lost,2026-02-08,2026-02-26,Bubba Gump,Daniell Hammack
MG Special - Gogozoom (S9WJ9NAS),7611,won,2026-02-08,2026-03-21,Gogozoom,Darcel Schlecht
GTX Plus Pro - Umbrella Corporation (BCA3ICIO),707178,lost,2026-02-08,2026-05-11,Umbrella Corporation,Donn Cantrell
GTX Basic - Bluth Company (F914VHA3),67725,won,2026-02-08,2026-05-03,Bluth Company,Donn Cantrell
GTX Plus Pro - Kinnamplus (EF24VTVA),707178,qualified,2026-02-08,,Kinnamplus,James Ascencio
GTX Plus Pro - Singletechno (1CZU97OX),712725,won,2026-02-08,2026-04-29,Singletechno,James Ascencio
GTX Basic - New prospect (HY94AVIW),70950,qualified,2026-02-08,,,Maureen Marcano
GTX Plus Basic - Opentech (T4FQOS6J),141384,qualified,2026-02-08,,Opentech,Maureen Marcano
GTX Basic - Zoomit (4BPA17HF),81012,won,2026-02-08,2026-02-22,Zoomit,Maureen Marcano
GTX Plus Basic - Hottechi (LAOGNZOU),116358,won,2026-02-08,2026-02-16,Hottechi,Maureen Marcano
GTX Plus Basic - Stanredtax (V3KGPHH9),137256,won,2026-02-08,2026-03-04,Stanredtax,Niesha Huffines
GTX Plus Pro - Zotware (RNH95U0V),818634,won,2026-02-08,2026-05-17,Zotware,Reed Clapper
MG Advanced - Xx-zobam (ZJ1BOSNL),398481,won,2026-02-08,2026-02-18,Xx-zobam,Reed Clapper
MG Advanced - Sonron (0X1AY1FM),449436,won,2026-02-08,2026-02-12,Sonron,Rosalina Dieter
MG Special - Isdom (D821LEQV),7095,lost,2026-02-08,2026-05-21,Isdom,Versie Hillebrand
MG Special - Rundofase (B1O27MFD),7095,lost,2026-02-08,2026-05-03,Rundofase,Versie Hillebrand
MG Special - Betatech (UOUG01WG),8772,won,2026-02-08,2026-02-10,Betatech,Versie Hillebrand
GTX Basic - New prospect (848QSODT),70950,qualified,2026-02-08,,,Vicki Laflamme
GTX Basic - Fasehatice (3X2HOUYU),74175,won,2026-02-08,2026-05-13,Fasehatice,Vicki Laflamme
MG Advanced - Xx-zobam (V135X5B7),479880,won,2026-02-08,2026-02-11,Xx-zobam,Violet Mclelland
GTX Pro - New prospect (89P5UVQ0),621909,qualified,2026-02-08,,,Wilburn Farren
GTX Plus Pro - Hottechi (WUXGF870),707178,lost,2026-02-08,2026-02-21,Hottechi,Zane Levy
MG Advanced - Condax (3372JYYQ),437697,qualified,2026-02-09,,Condax,Cassey Cress
GTX Plus Basic - Bluth Company (ENE1HNL3),139062,won,2026-02-09,2026-03-24,Bluth Company,Cassey Cress
GTX Pro - Sumace (C8SWZNON),479493,won,2026-02-09,2026-02-17,Sumace,Cassey Cress
GTX Plus Basic - Hottechi (EXMA7FRC),145641,won,2026-02-09,2026-02-24,Hottechi,Cecily Lampkin
GTX Plus Pro - Labdrill (KJHM27ZM),707178,qualified,2026-02-09,,Labdrill,Daniell Hammack
GTX Basic - Umbrella Corporation (8H1VRXAK),69144,won,2026-02-09,2026-06-12,Umbrella Corporation,Daniell Hammack
GTX Pro - Acme Corporation (10QXTLQX),755553,won,2026-02-09,2026-03-22,Acme Corporation,Daniell Hammack
MG Special - New prospect (7YT7NRV9),7095,qualified,2026-02-09,,,Elease Gluck
MG Special - Blackzim (5BRZKG6Y),7095,lost,2026-02-09,2026-06-05,Blackzim,Hayden Neloms
GTX Basic - New prospect (X4FW4JR1),70950,qualified,2026-02-09,,,Kary Hendrixson
GTX Basic - Y-corporation (BHV4K3VV),70821,won,2026-02-09,2026-02-19,Y-corporation,Kary Hendrixson
MG Special - Streethex (BOHWQ1B3),7869,won,2026-02-09,2026-06-04,Streethex,Lajuana Vencill
GTX Plus Pro - Scotfind (K4KNZQY6),707178,lost,2026-02-09,2026-05-04,Scotfind,Markita Hansen
MG Special - Toughzap (9WUD1Q5D),7095,lost,2026-02-09,2026-05-07,Toughzap,Marty Freudenburg
MG Advanced - Cancity (KAPP0SBT),437697,lost,2026-02-09,2026-05-18,Cancity,Marty Freudenburg
GTX Basic - Fasehatice (XSWTUMGY),70950,lost,2026-02-09,2026-05-10,Fasehatice,Maureen Marcano
GTX Plus Basic - Blackzim (KS9B13NQ),142029,won,2026-02-09,2026-06-07,Blackzim,Maureen Marcano
GTX Basic - Inity (S983P5KR),70950,lost,2026-02-09,2026-05-08,Inity,Niesha Huffines
GTX Basic - Dontechi (K0ZYCW3U),77787,won,2026-02-09,2026-03-24,Dontechi,Niesha Huffines
GTX Basic - Inity (SFCT64YG),70305,won,2026-02-09,2026-06-02,Inity,Niesha Huffines
MG Advanced - Vehement Capital Partners (DUM5AP8P),437697,lost,2026-02-09,2026-02-24,Vehement Capital Partners,Reed Clapper
MG Advanced - New prospect (XAC1J3TF),437697,qualified,2026-02-09,,,Rosalina Dieter
GTX Plus Pro - Yearin (RNV54AZ7),707178,lost,2026-02-09,2026-02-20,Yearin,Rosie Papadopoulos
GTX Plus Basic - Fasehatice (AVNVFAIR),123711,won,2026-02-09,2026-05-22,Fasehatice,Vicki Laflamme
GTX Plus Basic - Konex (TEJBT5CP),155832,won,2026-02-09,2026-02-28,Konex,Vicki Laflamme
GTX Pro - Goodsilron (UFALPP82),547734,won,2026-02-09,2026-05-16,Goodsilron,Vicki Laflamme
MG Advanced - Zotware (NHA6MNJF),394869,won,2026-02-09,2026-06-23,Zotware,Violet Mclelland
GTX Pro - Rantouch (S3UOGUU5),621909,lost,2026-02-09,2026-03-18,Rantouch,Zane Levy
GTX Pro - Condax (TSRHYEOQ),621909,lost,2026-02-10,2026-05-10,Condax,Cassey Cress
MG Advanced - New prospect (ZIK2R3S7),437697,qualified,2026-02-10,,,Corliss Cosme
MG Advanced - Massive Dynamic (K44WX2BT),432279,won,2026-02-10,2026-05-10,Massive Dynamic,Donn Cantrell
GTX Basic - New prospect (HF2DSIT5),70950,qualified,2026-02-10,,,Elease Gluck
MG Advanced - Hottechi (XD6R8R5B),406737,won,2026-02-10,2026-02-24,Hottechi,Hayden Neloms
GTX Plus Basic - Konex (CEGQ4V9F),141384,lost,2026-02-10,2026-02-14,Konex,James Ascencio
GTX Plus Pro - J-Texon (58DMWXXI),707178,lost,2026-02-10,2026-02-21,J-Texon,James Ascencio
GTX Basic - Hottechi (8GYJOE85),70950,lost,2026-02-10,2026-05-19,Hottechi,Kami Bicknell
GTX Basic - Hottechi (KJP1JFKX),68757,won,2026-02-10,2026-03-03,Hottechi,Kami Bicknell
GTX Basic - Bioholding (LGK00C12),70950,lost,2026-02-10,2026-05-21,Bioholding,Lajuana Vencill
MG Special - Genco Pura Olive Oil Company (1F950BGI),7224,won,2026-02-10,2026-02-26,Genco Pura Olive Oil Company,Lajuana Vencill
GTX Plus Basic - Statholdings (1KV8WY84),141384,lost,2026-02-10,2026-02-18,Statholdings,Marty Freudenburg
GTX Basic - Finjob (FN080GSV),67338,won,2026-02-10,2026-05-01,Finjob,Maureen Marcano
GTX Plus Basic - New prospect (M3IMVC9G),141384,qualified,2026-02-10,,,Rosalina Dieter
MG Special - Goodsilron (XR3BL1JL),6966,won,2026-02-10,2026-05-17,Goodsilron,Rosalina Dieter
GTX Basic - New prospect (BTRIUUWG),70950,qualified,2026-02-10,,,Rosie Papadopoulos
MG Advanced - Hatfan (YD38G676),437697,lost,2026-02-10,2026-02-21,Hatfan,Vicki Laflamme
GTX Pro - Rantouch (4AS1VXQM),664866,won,2026-02-10,2026-06-04,Rantouch,Vicki Laflamme
MG Special - Acme Corporation (UW6FSSDK),7095,lost,2026-02-10,2026-05-13,Acme Corporation,Violet Mclelland
MG Advanced - Gekko & Co (GYC77KNM),449307,won,2026-02-10,2026-06-13,Gekko & Co,Wilburn Farren
GTX Plus Basic - New prospect (XRO7PMA2),141384,qualified,2026-02-11,,,Cassey Cress
MG Special - Bubba Gump (HS58SPS7),7095,lost,2026-02-11,2026-02-19,Bubba Gump,Cassey Cress
GTX Plus Basic - Finhigh (5BGYQS4R),143190,won,2026-02-11,2026-05-08,Finhigh,Darcel Schlecht
GTX Basic - Umbrella Corporation (YMS8IG4L),56889,won,2026-02-11,2026-02-21,Umbrella Corporation,Donn Cantrell
GTX Plus Pro - New prospect (04OAV3CV),707178,qualified,2026-02-11,,,Elease Gluck
GTX Basic - Hottechi (NISR8D1V),71337,won,2026-02-11,2026-05-05,Hottechi,Elease Gluck
MG Advanced - Scotfind (T4MF2SMF),467496,won,2026-02-11,2026-03-01,Scotfind,Hayden Neloms
GTX Basic - Genco Pura Olive Oil Company (G6PDDHMN),70950,lost,2026-02-11,2026-02-25,Genco Pura Olive Oil Company,Jonathan Berthelot
GTX Pro - Faxquote (S2GG93I6),621909,lost,2026-02-11,2026-05-19,Faxquote,Kami Bicknell
MG Advanced - Xx-holding (8GV0BQTU),437697,qualified,2026-02-11,,Xx-holding,Kary Hendrixson
MG Special - dambase (I99AI8C5),7095,lost,2026-02-11,2026-05-05,dambase,Lajuana Vencill
GTX Pro - Labdrill (3SEMPUU1),621909,qualified,2026-02-11,,Labdrill,Markita Hansen
GTX Pro - Konex (8W87JE97),621909,lost,2026-02-11,2026-05-09,Konex,Markita Hansen
MG Special - J-Texon (RQM0PS59),7095,lost,2026-02-11,2026-05-15,J-Texon,Markita Hansen
GTX Pro - Plexzap (483NKH0E),599076,won,2026-02-11,2026-05-15,Plexzap,Markita Hansen
MG Special - Umbrella Corporation (G6QI40AT),7095,lost,2026-02-11,2026-02-23,Umbrella Corporation,Rosie Papadopoulos
MG Special - Codehow (UQY5TEE8),6579,won,2026-02-11,2026-06-17,Codehow,Versie Hillebrand
GTX Pro - Golddex (AXHNVQPQ),589917,won,2026-02-11,2026-06-05,Golddex,Vicki Laflamme
MG Advanced - Silis (N2KXGJO3),391257,won,2026-02-11,2026-04-28,Silis,Violet Mclelland
MG Special - Hatfan (DDP76LIP),7095,lost,2026-02-11,2026-02-20,Hatfan,Zane Levy
MG Special - Warephase (43AH1M09),7095,lost,2026-02-12,2026-02-18,Warephase,Anna Snelling
MG Special - Ron-tech (852ZZB90),7482,won,2026-02-12,2026-02-27,Ron-tech,Anna Snelling
MG Special - Streethex (V2GGEAOC),6579,won,2026-02-12,2026-06-12,Streethex,Anna Snelling
GTX Pro - Massive Dynamic (0Y8HO91H),628617,won,2026-02-12,2026-04-29,Massive Dynamic,Cassey Cress
GTX Basic - Donquadtech (0K59ZLQC),70950,qualified,2026-02-12,,Donquadtech,Corliss Cosme
GTX Pro - Isdom (PNUBACZM),594174,won,2026-02-12,2026-03-04,Isdom,Darcel Schlecht
GTX Plus Basic - Iselectrics (DPT11UGS),128355,won,2026-02-12,2026-06-02,Iselectrics,Donn Cantrell
GTX Pro - Umbrella Corporation (GQFRHJF6),590949,won,2026-02-12,2026-05-07,Umbrella Corporation,Donn Cantrell
GTX Pro - Massive Dynamic (S8ALJKKH),602559,won,2026-02-12,2026-05-11,Massive Dynamic,Garret Kinder
GTX Plus Pro - Funholding (2BXYT4PD),707178,qualified,2026-02-12,,Funholding,Hayden Neloms
MG Advanced - New prospect (2FMT1053),437697,qualified,2026-02-12,,,Hayden Neloms
GTX Plus Pro - Donquadtech (HU970PDK),707178,qualified,2026-02-12,,Donquadtech,James Ascencio
GTX Plus Pro - New prospect (D85PDC6S),707178,qualified,2026-02-12,,,James Ascencio
GTX Plus Basic - Groovestreet (7D75QXBD),141384,qualified,2026-02-12,,Groovestreet,Kary Hendrixson
GTK 500 - New prospect (N3GVE0VP),3453072,qualified,2026-02-12,,,Markita Hansen
MG Special - Bioholding (L71FBIF7),7095,lost,2026-02-12,2026-06-07,Bioholding,Marty Freudenburg
GTX Plus Pro - Domzoom (HU6IS6Q2),676089,won,2026-02-12,2026-03-08,Domzoom,Marty Freudenburg
GTX Plus Basic - Nam-zim (UXFEJC9Q),139578,won,2026-02-12,2026-02-16,Nam-zim,Maureen Marcano
GTX Basic - Rundofase (D4Z6IL8W),79464,won,2026-02-12,2026-03-02,Rundofase,Niesha Huffines
MG Special - New prospect (OK39IHP1),7095,qualified,2026-02-12,,,Rosalina Dieter
MG Special - Zencorporation (5FG7S674),7095,lost,2026-02-12,2026-05-11,Zencorporation,Rosie Papadopoulos
MG Special - Finhigh (KJXB9Q7O),7095,lost,2026-02-12,2026-02-18,Finhigh,Versie Hillebrand
MG Special - New prospect (CX4ZLSDW),7095,qualified,2026-02-12,,,Wilburn Farren
GTX Basic - New prospect (UFL6ZQDV),70950,qualified,2026-02-12,,,Zane Levy
GTX Basic - Y-corporation (KN3H2R4V),70950,lost,2026-02-12,2026-03-22,Y-corporation,Zane Levy
MG Special - Lexiqvolax (20QTAZ1L),7095,lost,2026-02-12,2026-02-17,Lexiqvolax,Zane Levy
GTX Pro - Condax (NJCI3Y9S),598818,won,2026-02-12,2026-02-28,Condax,Zane Levy
MG Special - Bioholding (OATOYNX2),8127,won,2026-02-13,2026-03-24,Bioholding,Anna Snelling
MG Advanced - Konex (GAH11YHT),437697,lost,2026-02-13,2026-02-14,Konex,Boris Faz
GTX Plus Basic - Zencorporation (FT8227WB),141384,lost,2026-02-13,2026-02-26,Zencorporation,Cassey Cress
GTX Plus Basic - Betasoloin (0XHTFQE8),145899,won,2026-02-13,2026-05-16,Betasoloin,Cassey Cress
GTX Basic - Ganjaflex (6I76NXTK),64887,won,2026-02-13,2026-06-01,Ganjaflex,Corliss Cosme
GTX Basic - Massive Dynamic (0FLFT1R4),66564,won,2026-02-13,2026-04-30,Massive Dynamic,Corliss Cosme
GTX Basic - Mathtouch (QX4VN0WB),76368,won,2026-02-13,2026-05-29,Mathtouch,Daniell Hammack
GTX Pro - Toughzap (14V0RQBV),621909,lost,2026-02-13,2026-05-24,Toughzap,Darcel Schlecht
GTX Pro - Warephase (2G82J8WD),633906,won,2026-02-13,2026-06-08,Warephase,Darcel Schlecht
GTX Basic - Condax (00KY25OA),72756,won,2026-02-13,2026-02-26,Condax,Donn Cantrell
MG Special - Kan-code (QDDD0L2Y),7095,lost,2026-02-13,2026-02-21,Kan-code,Elease Gluck
GTX Plus Basic - Golddex (6TN4T6HN),124356,won,2026-02-13,2026-02-26,Golddex,Hayden Neloms
GTX Pro - Rundofase (VA2JJZXD),621909,lost,2026-02-13,2026-06-06,Rundofase,Jonathan Berthelot
GTX Basic - Funholding (MQY3YOQS),75207,won,2026-02-13,2026-02-27,Funholding,Jonathan Berthelot
GTX Basic - Globex Corporation (MGD7DZAU),70950,qualified,2026-02-13,,Globex Corporation,Kami Bicknell
GTX Plus Basic - New prospect (BRFHWGVC),141384,qualified,2026-02-13,,,Kary Hendrixson
GTX Basic - Ron-tech (3YWITFR5),56760,won,2026-02-13,2026-05-12,Ron-tech,Lajuana Vencill
MG Special - Inity (BEKQZ411),7482,won,2026-02-13,2026-05-28,Inity,Moses Frase
GTX Plus Basic - Initech (PK0T5N02),140997,won,2026-02-13,2026-02-20,Initech,Reed Clapper
MG Advanced - New prospect (8Z4ZMS9U),437697,qualified,2026-02-13,,,Violet Mclelland
GTX Plus Basic - Donquadtech (DTSCBNCX),141384,lost,2026-02-13,2026-05-09,Donquadtech,Violet Mclelland
MG Advanced - Rangreen (TUDKP25E),437697,lost,2026-02-14,2026-04-28,Rangreen,Anna Snelling
GTX Plus Pro - New prospect (JL9ERNVY),707178,qualified,2026-02-14,,,Boris Faz
GTX Basic - Zencorporation (E1OBRLYZ),68241,won,2026-02-14,2026-02-21,Zencorporation,Boris Faz
GTX Pro - Sumace (913RPKAD),624231,won,2026-02-14,2026-02-18,Sumace,Cassey Cress
GTX Pro - New prospect (JM5GDLEF),621909,qualified,2026-02-14,,,Corliss Cosme
GTX Pro - Cancity (NJC209SC),768969,won,2026-02-14,2026-06-24,Cancity,Darcel Schlecht
GTX Pro - Gogozoom (MMUC1AXI),728463,won,2026-02-14,2026-05-06,Gogozoom,Darcel Schlecht
MG Special - Toughzap (X66G66ZA),7224,won,2026-02-14,2026-05-15,Toughzap,Darcel Schlecht
GTX Basic - Zencorporation (PI2PHSBE),70950,lost,2026-02-14,2026-05-02,Zencorporation,Donn Cantrell
GTX Pro - Kan-code (CYKC7RXH),621909,lost,2026-02-14,2026-05-03,Kan-code,Donn Cantrell
GTX Basic - Kan-code (WXRWSVTT),63468,won,2026-02-14,2026-05-15,Kan-code,Garret Kinder
MG Special - Statholdings (81NOKKSW),8772,won,2026-02-14,2026-05-28,Statholdings,Gladys Colclough
MG Advanced - Groovestreet (CP3JY4PE),480912,won,2026-02-14,2026-06-11,Groovestreet,Hayden Neloms
GTX Plus Basic - Plusstrip (K2683261),139578,won,2026-02-14,2026-06-10,Plusstrip,Kami Bicknell
GTX Plus Basic - Hatfan (MPCJV2LA),141384,lost,2026-02-14,2026-05-18,Hatfan,Kary Hendrixson
GTX Basic - Funholding (0DDBDPJU),71853,won,2026-02-14,2026-05-02,Funholding,Lajuana Vencill
MG Special - Dontechi (RXIQFV8D),7740,won,2026-02-14,2026-05-06,Dontechi,Niesha Huffines
GTX Plus Pro - Scottech (5RGYU88R),650934,won,2026-02-14,2026-02-19,Scottech,Versie Hillebrand
MG Special - Gogozoom (F3P73EG4),6837,won,2026-02-14,2026-05-01,Gogozoom,Versie Hillebrand
MG Advanced - Stanredtax (CRLWCEMY),362103,won,2026-02-14,2026-03-07,Stanredtax,Versie Hillebrand
GTX Pro - Plexzap (3590U14O),621909,lost,2026-02-14,2026-05-20,Plexzap,Vicki Laflamme
GTX Pro - Plusstrip (CFOYAHQ1),621909,lost,2026-02-14,2026-02-24,Plusstrip,Zane Levy
GTX Basic - Bioholding (IQ5ASHI1),61275,won,2026-02-15,2026-05-08,Bioholding,Anna Snelling
MG Advanced - Ron-tech (G378ZBNC),390999,won,2026-02-15,2026-04-30,Ron-tech,Anna Snelling
MG Special - Ontomedia (6ZVC87CV),6837,won,2026-02-15,2026-05-06,Ontomedia,Boris Faz
GTX Plus Basic - Xx-zobam (4Y1DYANE),143448,won,2026-02-15,2026-03-01,Xx-zobam,Cassey Cress
GTX Basic - Treequote (CX0SXNCN),70950,qualified,2026-02-15,,Treequote,Corliss Cosme
GTX Pro - Yearin (PGYBGBU3),579339,won,2026-02-15,2026-06-08,Yearin,Daniell Hammack
GTX Basic - Blackzim (GQPQ6XBD),72498,won,2026-02-15,2026-03-03,Blackzim,Elease Gluck
GTX Basic - Rantouch (G4KL8QWY),76497,won,2026-02-15,2026-03-01,Rantouch,James Ascencio
GTX Pro - Hottechi (GIVVPRQQ),594174,won,2026-02-15,2026-05-27,Hottechi,Jonathan Berthelot
GTX Plus Basic - Faxquote (JF178AXO),141900,won,2026-02-15,2026-05-08,Faxquote,Kami Bicknell
GTX Plus Basic - Scotfind (43NBMRFY),154542,won,2026-02-15,2026-05-15,Scotfind,Kami Bicknell
GTX Basic - New prospect (RE3UNESR),70950,qualified,2026-02-15,,,Kary Hendrixson
GTX Plus Pro - New prospect (PPUSV3RG),707178,qualified,2026-02-15,,,Kary Hendrixson
MG Advanced - Dontechi (UQ67214Z),419250,won,2026-02-15,2026-05-17,Dontechi,Lajuana Vencill
MG Advanced - Treequote (HDITQL1S),359265,won,2026-02-15,2026-06-02,Treequote,Marty Freudenburg
MG Special - Scotfind (1WPONGOS),6321,won,2026-02-15,2026-05-08,Scotfind,Maureen Marcano
MG Advanced - Inity (UF0S02A4),437697,lost,2026-02-15,2026-02-19,Inity,Moses Frase
GTX Basic - Bioholding (ZG1DFNPW),70563,won,2026-02-15,2026-06-12,Bioholding,Moses Frase
MG Special - Bioholding (SS9FXCS2),7353,won,2026-02-15,2026-04-28,Bioholding,Niesha Huffines
MG Special - Fasehatice (SHE8LB0Y),7095,lost,2026-02-15,2026-05-05,Fasehatice,Rosalina Dieter
MG Special - Y-corporation (9D6NTQ16),7095,lost,2026-02-15,2026-05-03,Y-corporation,Rosalina Dieter
MG Advanced - Sonron (59N6QWQM),437697,lost,2026-02-15,2026-02-17,Sonron,Vicki Laflamme
GTX Basic - Cheers (ZHKJIJA1),73788,won,2026-02-15,2026-05-02,Cheers,Vicki Laflamme
MG Special - Ontomedia (SDL8MJ4R),6192,won,2026-02-15,2026-03-07,Ontomedia,Violet Mclelland
GTX Plus Pro - Isdom (G86OKJFV),707178,lost,2026-02-16,2026-02-25,Isdom,Anna Snelling
GTX Plus Basic - Groovestreet (WM7XURV6),141384,qualified,2026-02-16,,Groovestreet,Corliss Cosme
MG Advanced - New prospect (6I125KPN),437697,qualified,2026-02-16,,,Daniell Hammack
MG Advanced - Conecom (HUCB9WIQ),437697,lost,2026-02-16,2026-06-05,Conecom,Darcel Schlecht
GTX Basic - Kan-code (R8CMI00I),71595,won,2026-02-16,2026-03-03,Kan-code,Garret Kinder
GTX Basic - Konex (T7HHH8HK),61404,won,2026-02-16,2026-05-30,Konex,Garret Kinder
MG Advanced - New prospect (2YLXKON1),437697,qualified,2026-02-16,,,Hayden Neloms
GTX Plus Basic - Labdrill (407NLHJH),140610,won,2026-02-16,2026-03-11,Labdrill,James Ascencio
MG Special - Opentech (ZJQKUIZ4),7095,qualified,2026-02-16,,Opentech,Kary Hendrixson
GTX Basic - Condax (KD63LC6D),75336,won,2026-02-16,2026-06-22,Condax,Kary Hendrixson
GTX Plus Pro - New prospect (WS3BIQ4S),707178,qualified,2026-02-16,,,Markita Hansen
GTK 500 - Finjob (TB27K4GC),3192105,won,2026-02-16,2026-05-11,Finjob,Markita Hansen
GTX Plus Basic - New prospect (U177IWW0),141384,qualified,2026-02-16,,,Maureen Marcano
GTX Pro - Condax (VN8YFKTN),621909,lost,2026-02-16,2026-02-19,Condax,Reed Clapper
GTX Basic - Zotware (NFFS1KSK),66048,won,2026-02-16,2026-02-21,Zotware,Reed Clapper
GTX Pro - New prospect (SWEQFKRF),621909,qualified,2026-02-16,,,Rosie Papadopoulos
MG Special - Zoomit (V1T47SKL),7740,won,2026-02-16,2026-03-04,Zoomit,Vicki Laflamme
GTX Pro - Hottechi (LFPY1Z14),621909,lost,2026-02-16,2026-06-04,Hottechi,Zane Levy
GTX Plus Basic - Dalttechnology (M6IGBW79),140352,won,2026-02-16,2026-05-05,Dalttechnology,Zane Levy
GTX Plus Basic - New prospect (HYSOZRCG),141384,qualified,2026-02-17,,,Boris Faz
GTX Plus Pro - New prospect (41RF80KQ),707178,qualified,2026-02-17,,,Boris Faz
MG Special - New prospect (CYB0NUCJ),7095,qualified,2026-02-17,,,Cassey Cress
GTX Basic - The New York Inquirer (2QGI573A),59727,won,2026-02-17,2026-02-20,The New York Inquirer,Corliss Cosme
GTX Plus Basic - Gekko & Co (QW4QPPSY),113133,won,2026-02-17,2026-05-21,Gekko & Co,Donn Cantrell
MG Advanced - Hottechi (99L2TNR5),430731,won,2026-02-17,2026-05-21,Hottechi,Gladys Colclough
GTX Plus Basic - Condax (3H3TNCP5),141384,qualified,2026-02-17,,Condax,James Ascencio
MG Special - Finhigh (J8Y1OGY2),7095,lost,2026-02-17,2026-02-22,Finhigh,Jonathan Berthelot
GTX Pro - Funholding (7SJD7M9K),539220,won,2026-02-17,2026-05-17,Funholding,Jonathan Berthelot
GTX Plus Basic - Labdrill (OKNOWHS3),141384,lost,2026-02-17,2026-04-29,Labdrill,Kary Hendrixson
GTX Basic - Hatfan (VO8WTDHE),70950,lost,2026-02-17,2026-02-20,Hatfan,Markita Hansen
GTX Plus Pro - Hatfan (5FX5TX9L),598818,won,2026-02-17,2026-05-11,Hatfan,Markita Hansen
MG Advanced - Warephase (TLT4JJ0U),437697,lost,2026-02-17,2026-06-10,Warephase,Marty Freudenburg
GTX Basic - Globex Corporation (RA77E84P),74562,won,2026-02-17,2026-06-05,Globex Corporation,Niesha Huffines
MG Advanced - Gogozoom (7U225819),423765,won,2026-02-17,2026-05-08,Gogozoom,Versie Hillebrand
MG Special - Plexzap (075SHVO3),7095,lost,2026-02-17,2026-05-09,Plexzap,Vicki Laflamme
GTX Plus Basic - Xx-zobam (HHNFD7DX),141384,lost,2026-02-17,2026-05-26,Xx-zobam,Violet Mclelland
GTX Pro - Cheers (PA55AGYL),672348,won,2026-02-17,2026-02-25,Cheers,Zane Levy
GTX Basic - Donware (V93ZA48C),79206,won,2026-02-18,2026-06-21,Donware,Cassey Cress
GTX Plus Pro - Bubba Gump (TR3TXXHF),745362,won,2026-02-18,2026-06-10,Bubba Gump,Cassey Cress
GTX Basic - Labdrill (11V16SZZ),70950,qualified,2026-02-18,,Labdrill,Corliss Cosme
MG Advanced - Bubba Gump (SURL8H49),454209,won,2026-02-18,2026-06-07,Bubba Gump,Donn Cantrell
GTX Pro - New prospect (3IWUUUCN),621909,qualified,2026-02-18,,,Elease Gluck
GTX Plus Pro - Kinnamplus (POXC3DA1),707178,lost,2026-02-18,2026-06-18,Kinnamplus,Garret Kinder
GTX Pro - Rundofase (KMGXUADZ),659061,won,2026-02-18,2026-05-03,Rundofase,Gladys Colclough
GTX Plus Pro - New prospect (K7TV5UBZ),707178,qualified,2026-02-18,,,James Ascencio
GTX Basic - Doncon (X5IZZ69D),70950,lost,2026-02-18,2026-03-17,Doncon,James Ascencio
GTX Plus Pro - Lexiqvolax (X58FLJ8K),669510,won,2026-02-18,2026-06-15,Lexiqvolax,James Ascencio
GTX Basic - Scotfind (IDBXD4OU),70950,lost,2026-02-18,2026-05-19,Scotfind,Kary Hendrixson
GTX Pro - Zoomit (TDNJDFU6),621909,lost,2026-02-18,2026-05-10,Zoomit,Kary Hendrixson
MG Advanced - Dontechi (KIMUGBN5),437697,lost,2026-02-18,2026-05-11,Dontechi,Lajuana Vencill
MG Advanced - Y-corporation (4G0X8VHP),437697,qualified,2026-02-18,,Y-corporation,Markita Hansen
MG Special - New prospect (6BIZ2MB6),7095,qualified,2026-02-18,,,Maureen Marcano
GTX Plus Basic - Goodsilron (7U81B9AQ),121260,won,2026-02-18,2026-06-24,Goodsilron,Maureen Marcano
GTX Pro - dambase (WGSS08LF),621909,lost,2026-02-18,2026-05-23,dambase,Niesha Huffines
GTX Basic - Goodsilron (WC8KQJV9),83463,won,2026-02-18,2026-05-03,Goodsilron,Rosalina Dieter
GTX Plus Pro - Condax (FENOSL5C),800574,won,2026-02-18,2026-05-14,Condax,Vicki Laflamme
MG Advanced - Massive Dynamic (PQ3CLZ2N),407382,won,2026-02-18,2026-06-07,Massive Dynamic,Violet Mclelland
MG Advanced - Donware (N4ZJ2PJT),348171,won,2026-02-18,2026-05-16,Donware,Wilburn Farren
MG Special - Domzoom (32A5TJ6D),7095,lost,2026-02-19,2026-05-10,Domzoom,Anna Snelling
GTX Plus Basic - Plussunin (HZCF65PU),167958,won,2026-02-19,2026-05-01,Plussunin,Boris Faz
MG Advanced - Bioplex (TCTLOMKP),386097,won,2026-02-19,2026-03-24,Bioplex,Cassey Cress
GTX Basic - Betatech (O0NCMYX9),59340,won,2026-02-19,2026-03-02,Betatech,Cecily Lampkin
GTX Plus Pro - Inity (0STR2QEA),707178,qualified,2026-02-19,,Inity,Corliss Cosme
GTX Basic - Konex (HELQUZNO),79464,won,2026-02-19,2026-06-22,Konex,Corliss Cosme
MG Advanced - Scottech (V7DHDF8V),437697,lost,2026-02-19,2026-05-04,Scottech,Darcel Schlecht
GTX Pro - Globex Corporation (A3OROHUS),550830,won,2026-02-19,2026-05-11,Globex Corporation,Darcel Schlecht
GTX Pro - Ontomedia (CXYWGOPF),621909,lost,2026-02-19,2026-05-18,Ontomedia,Donn Cantrell
GTX Pro - Treequote (DLQTM07N),617523,won,2026-02-19,2026-05-19,Treequote,Gladys Colclough
MG Advanced - New prospect (Y2EC6KYG),437697,qualified,2026-02-19,,,Hayden Neloms
GTX Basic - Statholdings (SUXDAQNV),70950,lost,2026-02-19,2026-05-25,Statholdings,Jonathan Berthelot
MG Special - Hottechi (ZT2NKCV5),7095,won,2026-02-19,2026-02-25,Hottechi,Jonathan Berthelot
MG Advanced - Funholding (I4YPNNTU),491232,won,2026-02-19,2026-05-06,Funholding,Jonathan Berthelot
GTX Pro - New prospect (2PI827MA),621909,qualified,2026-02-19,,,Kary Hendrixson
GTX Basic - Rundofase (KOYW9WIV),62307,won,2026-02-19,2026-06-20,Rundofase,Lajuana Vencill
MG Advanced - Warephase (JRAAPD3L),480783,won,2026-02-19,2026-06-13,Warephase,Lajuana Vencill
GTX Pro - Faxquote (21JDZDNJ),611202,won,2026-02-19,2026-05-11,Faxquote,Markita Hansen
GTX Plus Basic - Ron-tech (EP0H3SJO),164475,won,2026-02-19,2026-05-01,Ron-tech,Marty Freudenburg
MG Advanced - Treequote (GIP11NY3),442212,won,2026-02-19,2026-05-16,Treequote,Marty Freudenburg
MG Special - Conecom (7X1D49TU),7095,lost,2026-02-19,2026-06-08,Conecom,Moses Frase
GTX Pro - Mathtouch (PDXFONE0),699180,won,2026-02-19,2026-03-04,Mathtouch,Reed Clapper
MG Special - Dalttechnology (77WSI0TH),7095,lost,2026-02-19,2026-05-25,Dalttechnology,Rosalina Dieter
MG Special - Dontechi (DJDVV89L),7611,won,2026-02-19,2026-03-08,Dontechi,Versie Hillebrand
GTX Plus Pro - Singletechno (ZK4S74FD),707178,qualified,2026-02-19,,Singletechno,Vicki Laflamme
MG Special - Genco Pura Olive Oil Company (E5V4WT18),7095,qualified,2026-02-19,,Genco Pura Olive Oil Company,Vicki Laflamme
GTX Plus Basic - Dontechi (CYSF0YQN),141384,lost,2026-02-20,2026-05-12,Dontechi,Anna Snelling
MG Advanced - Rangreen (HEK08UMI),437697,lost,2026-02-20,2026-05-16,Rangreen,Anna Snelling
MG Advanced - New prospect (7AXR8U55),437697,qualified,2026-02-20,,,Boris Faz
GTX Basic - Silis (GRRY4DQR),72369,won,2026-02-20,2026-06-12,Silis,Boris Faz
GTX Plus Basic - Zathunicon (S3JAC8GQ),174666,won,2026-02-20,2026-05-07,Zathunicon,Boris Faz
MG Special - The New York Inquirer (E3JP7HCX),5676,won,2026-02-20,2026-06-15,The New York Inquirer,Cassey Cress
GTX Basic - Mathtouch (FF5G00YD),72240,won,2026-02-20,2026-06-15,Mathtouch,Corliss Cosme
GTX Pro - Donquadtech (5975TDTI),686796,won,2026-02-20,2026-03-06,Donquadtech,Corliss Cosme
MG Advanced - New prospect (7X0T2QOL),437697,qualified,2026-02-20,,,Hayden Neloms
MG Advanced - New prospect (7KKFQ7LX),437697,qualified,2026-02-20,,,Hayden Neloms
GTX Plus Basic - Zoomit (IBZI95HI),141384,qualified,2026-02-20,,Zoomit,James Ascencio
GTX Pro - Conecom (3ATYY665),621909,qualified,2026-02-20,,Conecom,Kami Bicknell
GTX Pro - Faxquote (GZU4ZSFE),635196,won,2026-02-20,2026-06-20,Faxquote,Kami Bicknell
GTX Basic - Golddex (E4KL4NGF),73659,won,2026-02-20,2026-05-04,Golddex,Kary Hendrixson
MG Advanced - Konex (QCH2R1VO),518838,won,2026-02-20,2026-05-09,Konex,Kary Hendrixson
GTX Basic - Rundofase (SH6F6COK),70950,lost,2026-02-20,2026-05-09,Rundofase,Lajuana Vencill
MG Special - Groovestreet (KOJ4SQ1T),7095,lost,2026-02-20,2026-05-19,Groovestreet,Maureen Marcano
GTX Plus Basic - Faxquote (DMUQAWQH),132870,won,2026-02-20,2026-03-09,Faxquote,Maureen Marcano
MG Advanced - Bioholding (C2RL3DUQ),437697,lost,2026-02-20,2026-05-06,Bioholding,Moses Frase
MG Special - Streethex (2LTS2CL8),7095,lost,2026-02-20,2026-02-25,Streethex,Niesha Huffines
MG Special - Codehow (113O9JCA),7095,lost,2026-02-20,2026-06-06,Codehow,Versie Hillebrand
GTX Basic - Hatfan (54XWHO19),70950,lost,2026-02-20,2026-04-30,Hatfan,Vicki Laflamme
GTX Pro - Kan-code (09RN3MHV),654546,won,2026-02-20,2026-06-18,Kan-code,Vicki Laflamme
MG Special - Zoomit (EPSIB2JR),7095,qualified,2026-02-20,,Zoomit,Violet Mclelland
GTX Plus Pro - Vehement Capital Partners (YW14K7PE),670542,won,2026-02-20,2026-06-20,Vehement Capital Partners,Wilburn Farren
GTX Basic - New prospect (G1L2YY5P),70950,qualified,2026-02-20,,,Zane Levy
GTX Plus Pro - Faxquote (9UYUV724),707178,lost,2026-02-20,2026-06-03,Faxquote,Zane Levy
MG Special - Betatech (UZI6MKVR),7095,lost,2026-02-21,2026-05-21,Betatech,Anna Snelling
GTX Basic - Conecom (N1H9ILZ9),74304,won,2026-02-21,2026-05-31,Conecom,Anna Snelling
MG Special - Stanredtax (V8RYC18P),7353,won,2026-02-21,2026-05-18,Stanredtax,Anna Snelling
GTX Pro - Konex (5OQELHMF),621909,lost,2026-02-21,2026-05-11,Konex,Cassey Cress
MG Advanced - Condax (NCF4DT7H),437697,lost,2026-02-21,2026-03-02,Condax,Cecily Lampkin
GTX Pro - Dontechi (DC2JL47C),621909,qualified,2026-02-21,,Dontechi,Daniell Hammack
GTX Pro - New prospect (GMN9KQN2),621909,qualified,2026-02-21,,,Daniell Hammack
GTX Pro - Codehow (L9WWFYQW),621909,lost,2026-02-21,2026-05-15,Codehow,Darcel Schlecht
GTX Pro - Scottech (AR2T4LAR),571728,won,2026-02-21,2026-05-19,Scottech,Darcel Schlecht
GTX Basic - Kinnamplus (GPC8PLM7),62049,won,2026-02-21,2026-05-30,Kinnamplus,Donn Cantrell
GTX Plus Pro - Y-corporation (YA822MOB),707178,lost,2026-02-21,2026-05-19,Y-corporation,James Ascencio
GTX Pro - Newex (JBCQ1ODR),682797,won,2026-02-21,2026-05-25,Newex,James Ascencio
GTX Pro - Codehow (M26BSX5S),621909,lost,2026-02-21,2026-05-03,Codehow,Jonathan Berthelot
GTX Plus Pro - Hottechi (PLYYX5CD),744201,won,2026-02-21,2026-05-14,Hottechi,Jonathan Berthelot
GTX Pro - Globex Corporation (JP2EY6QU),635841,won,2026-02-21,2026-05-30,Globex Corporation,Jonathan Berthelot
GTX Pro - Rundofase (48INT6OA),635196,won,2026-02-21,2026-05-02,Rundofase,Jonathan Berthelot
GTX Plus Basic - Blackzim (EVDMSM4N),141384,lost,2026-02-21,2026-05-11,Blackzim,Kami Bicknell
GTX Plus Pro - Faxquote (9FH4OP4U),685248,won,2026-02-21,2026-05-01,Faxquote,Kary Hendrixson
MG Special - Nam-zim (N128I4H8),8514,won,2026-02-21,2026-03-04,Nam-zim,Kary Hendrixson
GTX Plus Basic - Toughzap (8NKLCSES),143835,won,2026-02-21,2026-03-15,Toughzap,Marty Freudenburg
MG Advanced - Conecom (1ZMWMU21),439503,won,2026-02-21,2026-05-20,Conecom,Marty Freudenburg
GTX Basic - Cancity (R617R51D),69660,won,2026-02-21,2026-05-31,Cancity,Niesha Huffines
GTX Plus Basic - Acme Corporation (W8E2YLNY),141255,won,2026-02-21,2026-06-01,Acme Corporation,Reed Clapper
GTX Plus Basic - Silis (TX9VFL4J),131451,won,2026-02-21,2026-05-20,Silis,Reed Clapper
GTX Plus Basic - Green-Plus (5ELX1QYM),141384,lost,2026-02-21,2026-02-24,Green-Plus,Vicki Laflamme
GTX Pro - Scotfind (RTQVKK41),621909,lost,2026-02-21,2026-05-14,Scotfind,Vicki Laflamme
GTX Pro - Green-Plus (9DEDEQ5O),577533,won,2026-02-21,2026-06-11,Green-Plus,Vicki Laflamme
GTX Pro - Hatfan (Z8JLMCOM),599076,won,2026-02-21,2026-02-27,Hatfan,Vicki Laflamme
GTX Basic - Finhigh (1O58TWRZ),70950,lost,2026-02-22,2026-05-17,Finhigh,Anna Snelling
GTX Plus Basic - Cancity (RHOZIG9P),141384,lost,2026-02-22,2026-03-10,Cancity,Anna Snelling
GTX Plus Pro - New prospect (VXTVHC1Z),707178,qualified,2026-02-22,,,Boris Faz
GTX Plus Basic - Zotware (52Q1PYGW),121260,won,2026-02-22,2026-03-05,Zotware,Boris Faz
GTX Pro - Acme Corporation (56ZJUSNG),693762,won,2026-02-22,2026-03-04,Acme Corporation,Daniell Hammack
GTX Pro - Kan-code (Y92RU9V8),607848,won,2026-02-22,2026-03-12,Kan-code,Daniell Hammack
GTX Plus Basic - Bioholding (SXV6VZVC),144222,won,2026-02-22,2026-05-22,Bioholding,Darcel Schlecht
GTX Plus Pro - Ganjaflex (BGY307FC),734655,won,2026-02-22,2026-05-08,Ganjaflex,Donn Cantrell
GTX Pro - Yearin (BAN0BVHW),575598,won,2026-02-22,2026-05-02,Yearin,Donn Cantrell
GTX Pro - Plussunin (GV9G96Z1),621909,lost,2026-02-22,2026-05-27,Plussunin,Garret Kinder
MG Advanced - Singletechno (Z75R686C),477429,won,2026-02-22,2026-05-25,Singletechno,Hayden Neloms
GTX Plus Basic - Ontomedia (BO1ZOZG2),141384,qualified,2026-02-22,,Ontomedia,Kary Hendrixson
GTX Basic - New prospect (OERROEPM),70950,qualified,2026-02-22,,,Markita Hansen
GTX Plus Basic - J-Texon (12GLKKV4),121389,won,2026-02-22,2026-03-05,J-Texon,Markita Hansen
GTX Plus Basic - Hatfan (VDD7H92Q),151059,won,2026-02-22,2026-03-02,Hatfan,Maureen Marcano
GTK 500 - Rantouch (83JP1K4E),3211971,won,2026-02-22,2026-05-25,Rantouch,Rosalina Dieter
MG Advanced - Rantouch (ME3H0RUJ),440922,won,2026-02-22,2026-06-18,Rantouch,Rosalina Dieter
GTX Basic - Hottechi (W8E76HJG),69273,won,2026-02-22,2026-03-05,Hottechi,Vicki Laflamme
GTX Pro - New prospect (MWSPTOQK),621909,qualified,2026-02-22,,,Zane Levy
GTX Plus Basic - Rantouch (IMB2N710),135837,won,2026-02-22,2026-05-01,Rantouch,Zane Levy
GTX Basic - Genco Pura Olive Oil Company (OJBBZHM4),64113,won,2026-02-23,2026-03-08,Genco Pura Olive Oil Company,Anna Snelling
GTX Plus Pro - Zencorporation (2PQORQGO),737106,won,2026-02-23,2026-06-10,Zencorporation,Boris Faz
GTX Basic - Bioholding (I3RW4OMF),78819,won,2026-02-23,2026-05-26,Bioholding,Cecily Lampkin
GTX Pro - Zathunicon (RY6T3GLC),621909,qualified,2026-02-23,,Zathunicon,Corliss Cosme
GTX Pro - Opentech (LG8ZAMCB),727818,won,2026-02-23,2026-03-08,Opentech,Corliss Cosme
GTX Pro - Umbrella Corporation (XJ8UTM6B),655449,won,2026-02-23,2026-03-08,Umbrella Corporation,Corliss Cosme
GTX Pro - Cancity (CVGTFBZE),514065,won,2026-02-23,2026-04-29,Cancity,Darcel Schlecht
MG Advanced - Bluth Company (RW02HG5P),427377,won,2026-02-23,2026-03-08,Bluth Company,Donn Cantrell
MG Advanced - Plexzap (7W8CQJ2Z),496650,won,2026-02-23,2026-03-08,Plexzap,Elease Gluck
GTX Plus Basic - Scottech (M03IHS3P),118293,won,2026-02-23,2026-05-03,Scottech,Gladys Colclough
MG Special - Streethex (GX3SHSEA),7224,won,2026-02-23,2026-05-05,Streethex,Gladys Colclough
GTX Basic - New prospect (8G3HB5S6),70950,qualified,2026-02-23,,,James Ascencio
MG Advanced - Lexiqvolax (9KTHISLX),437697,lost,2026-02-23,2026-05-15,Lexiqvolax,James Ascencio
GTX Pro - Newex (Q808L4HZ),670026,won,2026-02-23,2026-05-04,Newex,James Ascencio
GTX Plus Basic - Bioholding (IWQP4M72),141384,lost,2026-02-23,2026-05-26,Bioholding,Jonathan Berthelot
GTX Plus Basic - Dontechi (MPME6VZD),141384,qualified,2026-02-23,,Dontechi,Kami Bicknell
GTX Pro - New prospect (EUYJDW9C),621909,qualified,2026-02-23,,,Kary Hendrixson
GTX Plus Basic - Golddex (3GOXMQPF),129258,won,2026-02-23,2026-05-14,Golddex,Kary Hendrixson
GTX Plus Pro - Hottechi (1WZ5N86Q),779418,won,2026-02-23,2026-05-14,Hottechi,Kary Hendrixson
GTX Plus Pro - Sonron (C3QK8M7F),570567,won,2026-02-23,2026-03-12,Sonron,Markita Hansen
MG Special - Groovestreet (9BXXDYH9),5805,won,2026-02-23,2026-05-15,Groovestreet,Markita Hansen
GTX Basic - New prospect (YRTI0EKE),70950,qualified,2026-02-23,,,Rosalina Dieter
GTK 500 - Kan-code (4X3H9YD5),3327039,won,2026-02-23,2026-05-26,Kan-code,Rosalina Dieter
MG Advanced - Mathtouch (K83L4L0I),376422,won,2026-02-23,2026-03-14,Mathtouch,Rosie Papadopoulos
GTX Plus Basic - Streethex (E9C7WXQL),123711,won,2026-02-23,2026-06-16,Streethex,Versie Hillebrand
GTX Pro - New prospect (UMXZFLO8),621909,qualified,2026-02-23,,,Zane Levy
GTX Pro - Green-Plus (AAVJHH3M),713628,won,2026-02-23,2026-03-03,Green-Plus,Zane Levy
GTX Plus Basic - Ontomedia (NEVHU7GV),141384,lost,2026-02-24,2026-05-04,Ontomedia,Boris Faz
GTX Pro - Xx-zobam (POLWB0UX),604623,won,2026-02-24,2026-03-03,Xx-zobam,Corliss Cosme
GTX Basic - dambase (ZSHK2ZXD),77658,won,2026-02-24,2026-03-18,dambase,Darcel Schlecht
GTX Basic - Condax (PF7GFMLQ),76755,won,2026-02-24,2026-05-07,Condax,Donn Cantrell
GTX Pro - Funholding (LKMZWCKQ),621909,lost,2026-02-24,2026-06-03,Funholding,Gladys Colclough
GTX Basic - Zoomit (3D6ZHLF0),70950,lost,2026-02-24,2026-05-02,Zoomit,Kami Bicknell
MG Advanced - Blackzim (3R8PJCCW),369972,won,2026-02-24,2026-05-31,Blackzim,Kary Hendrixson
MG Advanced - Finhigh (CPWTJ2WC),417444,won,2026-02-24,2026-02-28,Finhigh,Marty Freudenburg
GTX Pro - Ganjaflex (QZLWUJEJ),621909,lost,2026-02-24,2026-02-25,Ganjaflex,Reed Clapper
GTX Basic - Golddex (NDVZAHYA),67596,won,2026-02-24,2026-05-12,Golddex,Vicki Laflamme
GTX Plus Pro - Golddex (1R8VKE8O),726399,won,2026-02-24,2026-05-12,Golddex,Vicki Laflamme
MG Advanced - New prospect (QNVW1NSS),437697,qualified,2026-02-24,,,Wilburn Farren
GTX Plus Pro - Sonron (LNX7ULEG),718788,won,2026-02-24,2026-05-19,Sonron,Zane Levy
GTX Pro - Condax (42N0IWF8),728076,won,2026-02-24,2026-03-02,Condax,Zane Levy
GTX Plus Pro - Zumgoity (N60TC14O),707178,lost,2026-02-25,2026-05-02,Zumgoity,Cecily Lampkin
GTX Plus Pro - Donquadtech (V6YYDG56),707178,lost,2026-02-25,2026-03-13,Donquadtech,Daniell Hammack
GTX Pro - Inity (S1AU0IZX),540768,won,2026-02-25,2026-03-01,Inity,Darcel Schlecht
MG Special - Fasehatice (GFXKHCEM),7095,lost,2026-02-25,2026-06-02,Fasehatice,Elease Gluck
MG Advanced - Blackzim (YH2NHVXC),437697,lost,2026-02-25,2026-05-23,Blackzim,Elease Gluck
MG Special - Sonron (JSNPH01N),7224,won,2026-02-25,2026-03-07,Sonron,Elease Gluck
GTX Basic - Gekko & Co (CQDULMXS),78303,won,2026-02-25,2026-05-02,Gekko & Co,Garret Kinder
MG Special - Condax (VKM187MX),6192,won,2026-02-25,2026-03-06,Condax,Gladys Colclough
GTX Plus Basic - Nam-zim (GIPPUV2F),141384,qualified,2026-02-25,,Nam-zim,Hayden Neloms
GTX Basic - Singletechno (4IUJNFPF),70950,lost,2026-02-25,2026-05-15,Singletechno,James Ascencio
GTX Basic - Blackzim (ZE7PM90V),73530,won,2026-02-25,2026-05-20,Blackzim,James Ascencio
GTX Plus Basic - Singletechno (CAAYFKK8),136224,won,2026-02-25,2026-03-01,Singletechno,James Ascencio
GTX Basic - New prospect (HTBPSC2D),70950,qualified,2026-02-25,,,Kami Bicknell
GTX Basic - Lexiqvolax (NQZNAEYQ),72240,won,2026-02-25,2026-05-31,Lexiqvolax,Kami Bicknell
GTX Plus Pro - Plexzap (J47DPNB5),707178,lost,2026-02-25,2026-04-30,Plexzap,Kary Hendrixson
GTX Basic - Groovestreet (37B8ES7X),75852,won,2026-02-25,2026-03-18,Groovestreet,Kary Hendrixson
GTX Pro - Y-corporation (KYABDCKE),561924,won,2026-02-25,2026-05-30,Y-corporation,Kary Hendrixson
MG Special - Labdrill (3CP9VXC1),8901,won,2026-02-25,2026-05-12,Labdrill,Kary Hendrixson
GTX Basic - Rangreen (9XGT3451),65145,won,2026-02-25,2026-04-29,Rangreen,Lajuana Vencill
GTX Basic - Sonron (AG0H8IAZ),65790,won,2026-02-25,2026-06-20,Sonron,Markita Hansen
MG Advanced - Zoomit (28FTXKAB),480138,won,2026-02-25,2026-06-20,Zoomit,Markita Hansen
MG Special - New prospect (SIBR2J01),7095,qualified,2026-02-25,,,Maureen Marcano
GTX Plus Basic - Finjob (ROUOR5L0),147705,won,2026-02-25,2026-04-29,Finjob,Maureen Marcano
MG Special - Streethex (QPMZ5RG0),6837,won,2026-02-25,2026-05-24,Streethex,Moses Frase
GTX Plus Basic - Kan-code (2PMIYAFN),144480,won,2026-02-25,2026-03-12,Kan-code,Reed Clapper
MG Advanced - Initech (CRWE8FRT),439116,won,2026-02-25,2026-06-19,Initech,Reed Clapper
MG Advanced - Zumgoity (FC1LS6PY),437697,lost,2026-02-25,2026-03-05,Zumgoity,Versie Hillebrand
MG Special - Ron-tech (6FI9HAX7),5934,won,2026-02-25,2026-03-10,Ron-tech,Versie Hillebrand
MG Special - The New York Inquirer (JL86Q0B4),6837,won,2026-02-25,2026-03-11,The New York Inquirer,Wilburn Farren
GTX Basic - Singletechno (Y2A8EUBM),70950,lost,2026-02-25,2026-05-17,Singletechno,Zane Levy
GTX Pro - Condax (C2MKJA8V),643452,won,2026-02-25,2026-03-02,Condax,Zane Levy
MG Special - Rantouch (IJ4Y77D9),6837,won,2026-02-25,2026-05-09,Rantouch,Zane Levy
GTX Basic - Isdom (CGCPVYNI),67467,won,2026-02-26,2026-03-05,Isdom,Anna Snelling
MG Special - Hottechi (ST8ZOXKI),8127,won,2026-02-26,2026-03-08,Hottechi,Anna Snelling
MG Special - Stanredtax (P07OGZ3F),6966,won,2026-02-26,2026-05-25,Stanredtax,Anna Snelling
GTX Plus Pro - Yearin (0DLEXLEV),789093,won,2026-02-26,2026-06-04,Yearin,Boris Faz
GTX Plus Pro - Ontomedia (27UN3UX8),659448,won,2026-02-26,2026-03-06,Ontomedia,Cassey Cress
MG Advanced - Kan-code (NR5D7201),454983,won,2026-02-26,2026-05-31,Kan-code,Corliss Cosme
GTX Pro - New prospect (UGTXH980),621909,qualified,2026-02-26,,,Daniell Hammack
GTX Plus Pro - Konmatfix (LKBS2IJC),707178,lost,2026-02-26,2026-03-08,Konmatfix,Darcel Schlecht
MG Special - Finhigh (MFO940S8),7095,lost,2026-02-26,2026-05-21,Finhigh,Darcel Schlecht
MG Advanced - Warephase (5O0597PP),437697,lost,2026-02-26,2026-05-04,Warephase,Darcel Schlecht
GTX Basic - Inity (C4FEG98K),72885,won,2026-02-26,2026-03-11,Inity,Darcel Schlecht
MG Advanced - Ron-tech (EKH5O1HH),486459,won,2026-02-26,2026-03-06,Ron-tech,Darcel Schlecht
MG Advanced - Fasehatice (BZ9C1LQT),437697,lost,2026-02-26,2026-05-06,Fasehatice,Elease Gluck
GTX Plus Pro - Scottech (ZT6D57ED),809346,won,2026-02-26,2026-05-30,Scottech,Gladys Colclough
MG Advanced - Plexzap (NKERMTB8),437697,lost,2026-02-26,2026-04-30,Plexzap,Hayden Neloms
MG Advanced - Sunnamplex (Q67320CY),448920,won,2026-02-26,2026-05-14,Sunnamplex,Hayden Neloms
GTX Plus Pro - Fasehatice (K5NFTQRI),744330,won,2026-02-26,2026-05-13,Fasehatice,James Ascencio
MG Advanced - Hottechi (IJ7B896N),437697,lost,2026-02-26,2026-06-09,Hottechi,Kary Hendrixson
GTX Plus Pro - Statholdings (8KBVRQHD),707178,lost,2026-02-26,2026-05-26,Statholdings,Lajuana Vencill
GTX Basic - Rangreen (AGZ87JFX),70950,lost,2026-02-26,2026-04-28,Rangreen,Moses Frase
GTX Basic - Domzoom (OBGCQ1BK),70950,lost,2026-02-26,2026-06-18,Domzoom,Niesha Huffines
GTX Basic - Ron-tech (K05LLUU4),70950,lost,2026-02-26,2026-06-22,Ron-tech,Niesha Huffines
GTX Basic - Konex (9WISPXZW),72498,won,2026-02-26,2026-03-09,Konex,Reed Clapper
MG Special - New prospect (ZTVWSE98),7095,qualified,2026-02-26,,,Rosalina Dieter
GTX Pro - Mathtouch (4ZGA57SX),604494,won,2026-02-26,2026-04-30,Mathtouch,Rosie Papadopoulos
MG Advanced - Newex (6ONKN1IM),437697,lost,2026-02-26,2026-05-19,Newex,Vicki Laflamme
MG Special - Opentech (JVIIWJDL),4902,won,2026-02-26,2026-05-30,Opentech,Violet Mclelland
MG Advanced - Finjob (W8M8XI8Y),410736,won,2026-02-26,2026-05-02,Finjob,Zane Levy
GTX Plus Pro - Rundofase (MELHF0ZP),693117,won,2026-02-27,2026-06-14,Rundofase,Anna Snelling
GTX Plus Basic - Bluth Company (6SV2WYK4),159831,won,2026-02-27,2026-06-02,Bluth Company,Boris Faz
MG Advanced - New prospect (SPV7OJTH),437697,qualified,2026-02-27,,,Cassey Cress
MG Advanced - Isdom (6JEAYHOE),437697,lost,2026-02-27,2026-03-15,Isdom,Cecily Lampkin
MG Special - Streethex (IKQSEYPT),6708,won,2026-02-27,2026-03-09,Streethex,Cecily Lampkin
GTX Basic - Ganjaflex (ZN0FWO0L),83979,won,2026-02-27,2026-06-16,Ganjaflex,Corliss Cosme
GTX Plus Pro - dambase (CPL37MZC),777354,won,2026-02-27,2026-04-29,dambase,Darcel Schlecht
MG Advanced - New prospect (N7G1TU1X),437697,qualified,2026-02-27,,,James Ascencio
GTX Plus Pro - Green-Plus (GM68OLDH),718401,won,2026-02-27,2026-06-02,Green-Plus,James Ascencio
GTX Basic - Dontechi (W604BPPE),70950,lost,2026-02-27,2026-05-22,Dontechi,Jonathan Berthelot
GTX Basic - Hottechi (GIJ14130),66951,won,2026-02-27,2026-06-01,Hottechi,Jonathan Berthelot
GTX Basic - Scotfind (CUA83384),71982,won,2026-02-27,2026-06-02,Scotfind,Kami Bicknell
GTX Basic - Sonron (ZGQI86AQ),67467,won,2026-02-27,2026-06-02,Sonron,Kary Hendrixson
GTX Pro - Scotfind (L8NLCWFS),628101,won,2026-02-27,2026-05-17,Scotfind,Kary Hendrixson
MG Special - Funholding (UPHLXZ3M),7095,lost,2026-02-27,2026-04-29,Funholding,Lajuana Vencill
GTX Basic - Stanredtax (JDFQYP5L),75852,won,2026-02-27,2026-05-06,Stanredtax,Lajuana Vencill
GTX Plus Pro - Condax (06AIY3IS),736848,won,2026-02-27,2026-05-18,Condax,Marty Freudenburg
GTX Plus Basic - Golddex (4LQAN2JX),134934,won,2026-02-27,2026-05-26,Golddex,Maureen Marcano
MG Special - Singletechno (84QGC91P),6966,won,2026-02-27,2026-05-14,Singletechno,Maureen Marcano
GTX Pro - Xx-zobam (98MASV7P),636357,won,2026-02-27,2026-05-09,Xx-zobam,Reed Clapper
MG Special - Umbrella Corporation (QFBBRJL5),7740,won,2026-02-27,2026-06-23,Umbrella Corporation,Reed Clapper
GTX Pro - Zathunicon (CUV49MUR),621909,qualified,2026-02-27,,Zathunicon,Violet Mclelland
GTX Basic - Silis (XCGW5K0N),73788,won,2026-02-27,2026-06-09,Silis,Violet Mclelland
MG Special - Condax (UUF8Z53N),7095,won,2026-02-27,2026-05-27,Condax,Violet Mclelland
MG Special - Xx-zobam (J6MIKNYJ),6579,won,2026-02-27,2026-05-19,Xx-zobam,Violet Mclelland
GTX Plus Pro - Vehement Capital Partners (3W4AWYSK),707178,lost,2026-02-28,2026-05-21,Vehement Capital Partners,Cassey Cress
MG Special - Opentech (VBN5T6F8),7611,won,2026-02-28,2026-05-28,Opentech,Cassey Cress
GTX Pro - Betasoloin (W1J3L0EU),579468,won,2026-02-28,2026-03-03,Betasoloin,Daniell Hammack
GTX Basic - Treequote (45CMXP2K),70950,lost,2026-02-28,2026-04-30,Treequote,Darcel Schlecht
GTX Pro - Codehow (6OJAC85F),621909,lost,2026-02-28,2026-05-26,Codehow,Darcel Schlecht
MG Advanced - Zathunicon (K94WM7M4),437697,lost,2026-02-28,2026-05-24,Zathunicon,Donn Cantrell
GTX Basic - Plexzap (31KRB7R2),70950,lost,2026-02-28,2026-05-09,Plexzap,James Ascencio
GTX Pro - Fasehatice (5PG1KSKD),621909,lost,2026-02-28,2026-05-03,Fasehatice,James Ascencio
GTX Basic - Treequote (LDAXEBR0),82431,won,2026-02-28,2026-03-19,Treequote,Jonathan Berthelot
GTX Plus Basic - Globex Corporation (NGTMVX1C),134160,won,2026-02-28,2026-03-18,Globex Corporation,Jonathan Berthelot
GTX Pro - Finhigh (SFBHZLHK),533802,won,2026-02-28,2026-06-09,Finhigh,Jonathan Berthelot
GTX Pro - Faxquote (7VMOJBPN),621909,qualified,2026-02-28,,Faxquote,Kami Bicknell
GTX Plus Basic - Plexzap (13PPMGNM),141384,lost,2026-02-28,2026-05-04,Plexzap,Kami Bicknell
MG Special - Funholding (6GY8Q8F0),6966,won,2026-02-28,2026-06-20,Funholding,Lajuana Vencill
MG Advanced - Inity (5JIXFMFY),443502,won,2026-02-28,2026-06-11,Inity,Lajuana Vencill
GTX Pro - Finjob (JBY30BSR),621909,lost,2026-02-28,2026-05-02,Finjob,Markita Hansen
GTX Plus Basic - Isdom (69XL3JMB),131193,won,2026-02-28,2026-05-02,Isdom,Marty Freudenburg
MG Special - Dalttechnology (YTGQKC7A),7095,qualified,2026-02-28,,Dalttechnology,Rosalina Dieter
MG Advanced - Singletechno (DYWMK8OF),427506,won,2026-02-28,2026-06-16,Singletechno,Rosalina Dieter
MG Special - Cancity (GG8XQD8Z),7095,lost,2026-02-28,2026-05-09,Cancity,Versie Hillebrand
MG Special - Rangreen (URT8A7OQ),6579,won,2026-02-28,2026-05-21,Rangreen,Versie Hillebrand
MG Special - Kan-code (LGO0XF4X),6450,won,2026-02-28,2026-06-07,Kan-code,Vicki Laflamme
MG Special - Zathunicon (Y46OEBEH),6966,won,2026-02-28,2026-03-06,Zathunicon,Violet Mclelland
GTX Plus Pro - Scottech (G54JJCMX),707178,lost,2026-03-01,2026-05-15,Scottech,Anna Snelling
MG Advanced - Rangreen (BPQ0358T),437697,lost,2026-03-01,2026-06-13,Rangreen,Anna Snelling
GTX Pro - Condax (EPH7L4K0),621909,lost,2026-03-01,2026-06-02,Condax,Boris Faz
GTX Plus Basic - Hottechi (SMU4542Q),141384,lost,2026-03-01,2026-05-13,Hottechi,Cecily Lampkin
GTX Pro - Ontomedia (E884CL8B),637518,won,2026-03-01,2026-03-14,Ontomedia,Daniell Hammack
MG Special - Initech (4K8N65EM),7095,lost,2026-03-01,2026-05-03,Initech,Donn Cantrell
GTX Pro - Kan-code (KVTBYOVD),594948,won,2026-03-01,2026-03-11,Kan-code,Donn Cantrell
GTX Pro - Zotware (ZA6CBQAL),555732,won,2026-03-01,2026-03-17,Zotware,Donn Cantrell
MG Advanced - Massive Dynamic (Y6YZXVTF),371004,won,2026-03-01,2026-06-01,Massive Dynamic,Donn Cantrell
GTX Plus Pro - Warephase (SHETLR3T),643710,won,2026-03-01,2026-05-27,Warephase,Gladys Colclough
GTX Plus Basic - Scotfind (EL03YRD0),141384,lost,2026-03-01,2026-06-26,Scotfind,Hayden Neloms
GTX Plus Basic - Sonron (3KZUBSRU),132096,won,2026-03-01,2026-06-06,Sonron,Hayden Neloms
GTX Plus Basic - New prospect (F8QQEW1W),141384,qualified,2026-03-01,,,Kami Bicknell
MG Special - Lexiqvolax (FA6JQ4V2),6837,won,2026-03-01,2026-06-13,Lexiqvolax,Kami Bicknell
GTX Basic - New prospect (4LXUITP3),70950,qualified,2026-03-01,,,Kary Hendrixson
GTX Pro - New prospect (GXC8JN36),621909,qualified,2026-03-01,,,Kary Hendrixson
MG Special - Zencorporation (XTE9XJTS),7095,qualified,2026-03-01,,Zencorporation,Kary Hendrixson
GTX Plus Basic - Singletechno (N7WUBQR0),141384,lost,2026-03-01,2026-06-14,Singletechno,Kary Hendrixson
GTX Basic - J-Texon (9KJ89VHI),67725,won,2026-03-01,2026-05-29,J-Texon,Kary Hendrixson
MG Special - Nam-zim (N3CN7GCZ),7740,won,2026-03-01,2026-05-24,Nam-zim,Kary Hendrixson
GTX Plus Basic - Scotfind (KAHKF9H1),124743,won,2026-03-01,2026-03-05,Scotfind,Markita Hansen
GTX Basic - Rantouch (P4UJ64QM),70950,lost,2026-03-01,2026-05-11,Rantouch,Maureen Marcano
GTX Basic - Initech (IHF5GR01),67596,won,2026-03-01,2026-03-11,Initech,Reed Clapper
MG Special - J-Texon (81DUFIPO),7353,won,2026-03-01,2026-06-07,J-Texon,Rosalina Dieter
MG Advanced - Bubba Gump (58K44TMD),437697,lost,2026-03-01,2026-03-17,Bubba Gump,Rosie Papadopoulos
GTX Plus Pro - Warephase (EEBOSTAA),652224,won,2026-03-01,2026-03-10,Warephase,Versie Hillebrand
GTX Basic - Konex (9DDHZUZB),77400,won,2026-03-01,2026-03-05,Konex,Vicki Laflamme
GTX Basic - Donware (IWLEND3K),81657,won,2026-03-02,2026-06-23,Donware,Cassey Cress
GTX Pro - Vehement Capital Partners (VICY80KW),644226,won,2026-03-02,2026-05-24,Vehement Capital Partners,Cassey Cress
GTX Plus Basic - Kan-code (H35AXY3M),115971,won,2026-03-02,2026-03-07,Kan-code,Corliss Cosme
GTX Pro - Scottech (1UHFKBP6),621909,lost,2026-03-02,2026-05-03,Scottech,Darcel Schlecht
GTX Plus Pro - dambase (VF7DWQIH),699309,won,2026-03-02,2026-05-22,dambase,Darcel Schlecht
GTX Pro - Genco Pura Olive Oil Company (C7NW3JB2),673767,won,2026-03-02,2026-05-20,Genco Pura Olive Oil Company,Darcel Schlecht
GTX Pro - Rundofase (SUABQAC0),618426,won,2026-03-02,2026-03-15,Rundofase,Darcel Schlecht
GTX Pro - Toughzap (6JWA8DFJ),632487,won,2026-03-02,2026-06-03,Toughzap,Darcel Schlecht
MG Advanced - Dontechi (OEBJXZN6),467625,won,2026-03-02,2026-05-10,Dontechi,Darcel Schlecht
GTX Basic - Globex Corporation (QMUBRAT2),70950,lost,2026-03-02,2026-05-25,Globex Corporation,Gladys Colclough
GTX Basic - Rundofase (W5P1OLUL),71466,won,2026-03-02,2026-04-30,Rundofase,Jonathan Berthelot
GTX Basic - Singletechno (JP4H1WG4),70950,lost,2026-03-02,2026-05-31,Singletechno,Kami Bicknell
GTX Basic - Sunnamplex (580XZTEO),70950,lost,2026-03-02,2026-03-08,Sunnamplex,Kami Bicknell
GTX Basic - New prospect (PIFPDJMN),70950,qualified,2026-03-02,,,Kary Hendrixson
GTX Pro - Hatfan (MASS6JEE),650031,won,2026-03-02,2026-06-02,Hatfan,Kary Hendrixson
GTX Plus Basic - Faxquote (XNC9UMYH),150801,won,2026-03-02,2026-05-27,Faxquote,Markita Hansen
GTX Pro - Toughzap (AUEAKRQV),652095,won,2026-03-02,2026-06-16,Toughzap,Marty Freudenburg
MG Special - Scottech (08Q8A6M9),7740,won,2026-03-02,2026-03-19,Scottech,Marty Freudenburg
GTX Plus Basic - Condax (6F8IL0XV),141384,lost,2026-03-02,2026-05-24,Condax,Maureen Marcano
GTX Basic - Golddex (NTHLG5DT),76755,won,2026-03-02,2026-06-05,Golddex,Maureen Marcano
MG Advanced - Plexzap (Y5OZ7VOF),416283,won,2026-03-02,2026-03-18,Plexzap,Maureen Marcano
GTX Plus Basic - Konmatfix (9HLQVY37),141384,lost,2026-03-02,2026-03-08,Konmatfix,Moses Frase
GTX Plus Basic - Ron-tech (8C3LOLPY),141384,lost,2026-03-02,2026-05-11,Ron-tech,Moses Frase
MG Special - Hottechi (QMJHLT1V),7611,won,2026-03-02,2026-06-17,Hottechi,Moses Frase
GTX Basic - Inity (Q5JU0LZJ),61791,won,2026-03-02,2026-06-23,Inity,Niesha Huffines
MG Advanced - Globex Corporation (IRODLEGG),444921,won,2026-03-02,2026-06-11,Globex Corporation,Niesha Huffines
MG Special - Massive Dynamic (HTA6XLY3),6966,won,2026-03-02,2026-06-21,Massive Dynamic,Reed Clapper
MG Advanced - Hatfan (XW7J3TI2),437697,lost,2026-03-02,2026-05-11,Hatfan,Vicki Laflamme
MG Special - Doncon (1BV5JLZV),7611,won,2026-03-02,2026-05-29,Doncon,Vicki Laflamme
MG Special - Acme Corporation (84D18IA1),7095,lost,2026-03-02,2026-04-28,Acme Corporation,Violet Mclelland
MG Special - New prospect (7J0ZLDB1),7095,qualified,2026-03-02,,,Zane Levy
GTX Basic - Finjob (41IM8V9E),70950,lost,2026-03-02,2026-06-24,Finjob,Zane Levy
MG Special - Streethex (NXFAXN16),7095,won,2026-03-03,2026-06-24,Streethex,Anna Snelling
MG Advanced - Initech (FXXEZ5U2),392418,won,2026-03-03,2026-05-06,Initech,Cassey Cress
GTX Pro - Ganjaflex (3F81XLI7),545670,won,2026-03-03,2026-05-08,Ganjaflex,Corliss Cosme
GTX Plus Basic - Initech (ID4LC9V5),126291,won,2026-03-03,2026-05-12,Initech,Daniell Hammack
GTX Plus Basic - Zotware (IPQFYK0E),137256,won,2026-03-03,2026-03-14,Zotware,Daniell Hammack
GTX Pro - Xx-zobam (UU0F81HS),666414,won,2026-03-03,2026-05-17,Xx-zobam,Daniell Hammack
GTX Plus Basic - Bioplex (7SBDZJF4),133644,won,2026-03-03,2026-05-20,Bioplex,Donn Cantrell
GTX Pro - Hottechi (7UI7YX03),558570,won,2026-03-03,2026-05-03,Hottechi,Elease Gluck
MG Advanced - Hottechi (BNYWSG6W),464142,won,2026-03-03,2026-06-10,Hottechi,Gladys Colclough
GTX Basic - Goodsilron (RC1YCAEP),55599,won,2026-03-03,2026-05-13,Goodsilron,James Ascencio
GTX Plus Basic - Funholding (H6TY7RBJ),141384,lost,2026-03-03,2026-05-25,Funholding,Jonathan Berthelot
GTX Basic - Funholding (MU6NOSH1),80496,won,2026-03-03,2026-03-14,Funholding,Jonathan Berthelot
GTX Plus Basic - Finhigh (OFIORN0G),147060,won,2026-03-03,2026-03-08,Finhigh,Jonathan Berthelot
MG Special - Condax (PMHOZRJN),7998,won,2026-03-03,2026-06-14,Condax,Kami Bicknell
GTX Basic - Fasehatice (7Z3Q8UYS),70950,lost,2026-03-03,2026-04-28,Fasehatice,Kary Hendrixson
GTX Basic - Streethex (YT9PLSVL),75336,won,2026-03-03,2026-06-12,Streethex,Lajuana Vencill
MG Special - Lexiqvolax (BQINW2LB),7095,lost,2026-03-03,2026-06-06,Lexiqvolax,Markita Hansen
MG Special - Goodsilron (BLFMYCVF),7353,won,2026-03-03,2026-05-16,Goodsilron,Markita Hansen
GTX Plus Basic - Statholdings (379SDV6Y),163443,won,2026-03-03,2026-05-02,Statholdings,Niesha Huffines
GTX Pro - Umbrella Corporation (FE2AE2YO),621909,lost,2026-03-03,2026-03-08,Umbrella Corporation,Reed Clapper
MG Special - New prospect (XQY4Z4KI),7095,qualified,2026-03-03,,,Rosie Papadopoulos
MG Special - Plusstrip (2756CEOQ),7095,won,2026-03-03,2026-06-13,Plusstrip,Vicki Laflamme
MG Advanced - New prospect (9GYIYGHW),437697,qualified,2026-03-03,,,Violet Mclelland
MG Special - Opentech (Z4CFFZAW),8127,won,2026-03-03,2026-06-07,Opentech,Violet Mclelland
GTX Pro - Donquadtech (I967JINR),510969,won,2026-03-03,2026-06-02,Donquadtech,Wilburn Farren
MG Special - Zathunicon (IE18U4NO),5805,won,2026-03-03,2026-05-23,Zathunicon,Wilburn Farren
MG Special - Warephase (JNIMHE7Y),7869,won,2026-03-04,2026-05-17,Warephase,Anna Snelling
MG Advanced - Bubba Gump (KUKJQX9Y),437697,lost,2026-03-04,2026-06-05,Bubba Gump,Cassey Cress
GTX Plus Basic - Isdom (QCIG6H19),143706,won,2026-03-04,2026-05-28,Isdom,Darcel Schlecht
MG Advanced - Zathunicon (DW29KM30),437697,qualified,2026-03-04,,Zathunicon,Elease Gluck
GTX Basic - Kan-code (R7IIOFBH),73014,won,2026-03-04,2026-05-02,Kan-code,Garret Kinder
MG Advanced - dambase (Q7ST5E1W),437697,lost,2026-03-04,2026-05-17,dambase,Gladys Colclough
MG Special - Green-Plus (6MTURF7Q),7224,won,2026-03-04,2026-03-18,Green-Plus,Hayden Neloms
GTX Basic - Ron-tech (MWT1ZV0Y),80883,won,2026-03-04,2026-03-15,Ron-tech,Jonathan Berthelot
MG Special - New prospect (RKVXBXBM),7095,qualified,2026-03-04,,,Markita Hansen
GTX Plus Basic - Dalttechnology (B7Q6Q7S2),142029,won,2026-03-04,2026-05-13,Dalttechnology,Markita Hansen
MG Advanced - Hottechi (3DYZN86H),384291,won,2026-03-04,2026-06-14,Hottechi,Markita Hansen
MG Advanced - Isdom (QYKTG5QA),437697,lost,2026-03-04,2026-06-01,Isdom,Marty Freudenburg
GTX Pro - Gekko & Co (67CKCI5G),621909,lost,2026-03-04,2026-05-02,Gekko & Co,Reed Clapper
MG Advanced - Warephase (2O1IK8VR),472398,won,2026-03-04,2026-03-14,Warephase,Versie Hillebrand
GTX Plus Pro - New prospect (C6TQMD3C),707178,qualified,2026-03-04,,,Vicki Laflamme
MG Special - New prospect (IQMW1VDP),7095,qualified,2026-03-04,,,Violet Mclelland
GTX Plus Basic - Conecom (R9AVNYCO),141384,qualified,2026-03-04,,Conecom,Zane Levy
GTX Pro - New prospect (G1AKE0NR),621909,qualified,2026-03-04,,,Zane Levy
GTX Pro - Dalttechnology (N8NQK8K7),621909,lost,2026-03-04,2026-05-19,Dalttechnology,Zane Levy
GTX Pro - Nam-zim (V93EX6XU),668865,won,2026-03-04,2026-05-14,Nam-zim,Zane Levy
MG Advanced - Umbrella Corporation (5QNUZYIL),474849,won,2026-03-05,2026-03-21,Umbrella Corporation,Boris Faz
MG Special - Dontechi (WX63AIMZ),7611,won,2026-03-05,2026-03-15,Dontechi,Cecily Lampkin
MG Special - Finhigh (09P7O0LQ),7740,won,2026-03-05,2026-06-10,Finhigh,Cecily Lampkin
GTX Basic - Bluth Company (GYS3APR7),77658,won,2026-03-05,2026-05-02,Bluth Company,Corliss Cosme
GTX Basic - Xx-zobam (9VF00HWL),66435,won,2026-03-05,2026-05-09,Xx-zobam,Corliss Cosme
GTX Pro - Streethex (UTJGDR3K),621909,lost,2026-03-05,2026-05-22,Streethex,Darcel Schlecht
GTX Plus Pro - Ron-tech (MD0SRXG4),667575,won,2026-03-05,2026-03-18,Ron-tech,Darcel Schlecht
GTX Pro - Acme Corporation (E0ITYYTG),621909,lost,2026-03-05,2026-05-24,Acme Corporation,Donn Cantrell
GTX Pro - Plussunin (PGK5K24U),616620,won,2026-03-05,2026-05-25,Plussunin,Donn Cantrell
GTX Plus Pro - Cheers (AY3KTIXX),707178,qualified,2026-03-05,,Cheers,James Ascencio
GTX Plus Basic - Globex Corporation (X46ZXX2S),141384,lost,2026-03-05,2026-05-08,Globex Corporation,Jonathan Berthelot
GTX Basic - Globex Corporation (4QP55BTO),79206,won,2026-03-05,2026-03-13,Globex Corporation,Jonathan Berthelot
GTX Basic - Rangreen (G6X1B2K5),68628,won,2026-03-05,2026-06-10,Rangreen,Jonathan Berthelot
GTX Plus Pro - Finhigh (0YCAS0B9),786384,won,2026-03-05,2026-05-24,Finhigh,Jonathan Berthelot
GTX Basic - Hottechi (6UZVABQR),62694,won,2026-03-05,2026-05-14,Hottechi,Kary Hendrixson
GTX Basic - Funholding (9NTDQ8ZC),73014,won,2026-03-05,2026-05-14,Funholding,Lajuana Vencill
MG Special - Singletechno (FCCI80H2),7095,lost,2026-03-05,2026-03-19,Singletechno,Markita Hansen
GTX Plus Basic - Green-Plus (ALQRAPZR),119067,won,2026-03-05,2026-03-13,Green-Plus,Markita Hansen
GTX Pro - Hottechi (7SPRU76Q),611976,won,2026-03-05,2026-06-27,Hottechi,Markita Hansen
GTX Basic - Warephase (JEMEGXUG),66693,won,2026-03-05,2026-05-16,Warephase,Marty Freudenburg
GTX Plus Basic - Zumgoity (GVHIFUN1),113649,won,2026-03-05,2026-03-11,Zumgoity,Marty Freudenburg
GTX Pro - Gogozoom (RBB3C85Q),551088,won,2026-03-05,2026-03-21,Gogozoom,Marty Freudenburg
GTX Pro - Finjob (WFP9J5J7),621909,lost,2026-03-05,2026-05-23,Finjob,Maureen Marcano
GTX Plus Basic - Lexiqvolax (8I4915WD),103845,won,2026-03-05,2026-05-30,Lexiqvolax,Maureen Marcano
MG Special - New prospect (S2J63YRV),7095,qualified,2026-03-05,,,Rosie Papadopoulos
MG Special - Funholding (L831D7DF),7095,lost,2026-03-05,2026-05-15,Funholding,Versie Hillebrand
MG Special - Codehow (839DCVT2),7095,won,2026-03-05,2026-06-10,Codehow,Versie Hillebrand
GTX Basic - New prospect (D17T8PTH),70950,qualified,2026-03-05,,,Vicki Laflamme
GTX Basic - Sunnamplex (EJ0EF8S1),65403,won,2026-03-05,2026-03-12,Sunnamplex,Vicki Laflamme
GTX Basic - Finjob (0ORRC53X),67080,won,2026-03-05,2026-06-05,Finjob,Zane Levy
MG Advanced - Isdom (3QTN3F5T),447630,won,2026-03-06,2026-05-12,Isdom,Anna Snelling
GTX Pro - Vehement Capital Partners (SY6BWRRO),621909,lost,2026-03-06,2026-05-11,Vehement Capital Partners,Boris Faz
GTX Plus Basic - Zotware (JW5SYMNS),151704,won,2026-03-06,2026-05-19,Zotware,Cassey Cress
MG Special - New prospect (FHM7LYZ3),7095,qualified,2026-03-06,,,Corliss Cosme
MG Advanced - Massive Dynamic (REO3FMSB),437697,qualified,2026-03-06,,Massive Dynamic,Corliss Cosme
GTX Plus Basic - Zotware (BJJQSJD8),141384,qualified,2026-03-06,,Zotware,Daniell Hammack
GTX Plus Basic - Treequote (VP2CW520),141384,lost,2026-03-06,2026-05-23,Treequote,Darcel Schlecht
GTX Pro - Zotware (2F0RUQ0B),582693,won,2026-03-06,2026-04-29,Zotware,Donn Cantrell
GTX Plus Pro - Rantouch (XUP62FUM),661125,won,2026-03-06,2026-05-13,Rantouch,James Ascencio
GTX Plus Basic - Nam-zim (T56J7ES7),141384,qualified,2026-03-06,,Nam-zim,Kami Bicknell
GTX Pro - Kan-code (MUIT1E0M),688731,won,2026-03-06,2026-03-16,Kan-code,Kami Bicknell
GTX Pro - Plusstrip (D7XNUYJD),621909,lost,2026-03-06,2026-05-16,Plusstrip,Kary Hendrixson
GTX Plus Basic - Condax (ORG6MXKF),146415,won,2026-03-06,2026-03-23,Condax,Markita Hansen
MG Special - Kan-code (VS4UFFLH),6708,won,2026-03-06,2026-06-02,Kan-code,Maureen Marcano
GTX Plus Basic - Bioholding (VUYQCXTY),131193,won,2026-03-06,2026-05-01,Bioholding,Moses Frase
MG Advanced - Codehow (YFJKP42F),474849,won,2026-03-06,2026-03-24,Codehow,Moses Frase
GTX Plus Basic - Rundofase (OES8ZX7B),141384,lost,2026-03-06,2026-05-01,Rundofase,Niesha Huffines
GTX Pro - Mathtouch (V9FD3EYK),563730,won,2026-03-06,2026-06-19,Mathtouch,Reed Clapper
MG Advanced - Iselectrics (3C9CWV6J),486588,won,2026-03-07,2026-03-11,Iselectrics,Cassey Cress
MG Advanced - Sumace (NDGQ0H91),370359,won,2026-03-07,2026-03-25,Sumace,Cassey Cress
GTX Plus Pro - Cancity (OU9O62Y7),612621,won,2026-03-07,2026-05-01,Cancity,Cecily Lampkin
MG Special - Ganjaflex (LFQCLMMG),7095,lost,2026-03-07,2026-05-24,Ganjaflex,Corliss Cosme
GTX Plus Basic - Ron-tech (3ZG0719M),138675,won,2026-03-07,2026-05-23,Ron-tech,Darcel Schlecht
GTX Plus Pro - Kinnamplus (EMIAKHPF),651579,won,2026-03-07,2026-06-18,Kinnamplus,Donn Cantrell
GTK 500 - Lexiqvolax (GG85QBTM),3453072,qualified,2026-03-07,,Lexiqvolax,Elease Gluck
GTX Plus Basic - Isdom (MKEVYIDI),107586,won,2026-03-07,2026-03-14,Isdom,Jonathan Berthelot
MG Special - Green-Plus (IFNT8NLL),7095,lost,2026-03-07,2026-05-04,Green-Plus,Kami Bicknell
MG Advanced - Toughzap (EWRVDN3U),437697,lost,2026-03-07,2026-06-16,Toughzap,Marty Freudenburg
MG Special - Rangreen (WEGC0W05),6966,won,2026-03-07,2026-03-16,Rangreen,Marty Freudenburg
GTX Basic - Streethex (HZ283240),70950,lost,2026-03-07,2026-06-04,Streethex,Niesha Huffines
GTX Basic - Domzoom (3J1W4LM0),67983,won,2026-03-07,2026-03-18,Domzoom,Niesha Huffines
MG Advanced - Globex Corporation (1RIY3IBH),351396,won,2026-03-07,2026-03-09,Globex Corporation,Niesha Huffines
GTX Plus Pro - Betasoloin (6NZH6X7G),707178,lost,2026-03-07,2026-03-18,Betasoloin,Reed Clapper
GTX Basic - Kinnamplus (DJ2GWNGZ),71079,won,2026-03-07,2026-06-02,Kinnamplus,Reed Clapper
GTX Pro - Vehement Capital Partners (LC2RIMSX),621909,qualified,2026-03-07,,Vehement Capital Partners,Rosalina Dieter
GTX Plus Basic - Plusstrip (S02S3TVE),144222,won,2026-03-07,2026-03-18,Plusstrip,Vicki Laflamme
GTX Plus Pro - Dalttechnology (34YT99YN),786126,won,2026-03-07,2026-05-20,Dalttechnology,Vicki Laflamme
MG Special - Gekko & Co (N33B6LND),7095,lost,2026-03-07,2026-05-19,Gekko & Co,Wilburn Farren
GTX Basic - New prospect (RUAU1ORD),70950,qualified,2026-03-07,,,Zane Levy
GTX Basic - Nam-zim (C7NBDKVV),71724,won,2026-03-07,2026-05-03,Nam-zim,Zane Levy
GTX Basic - Globex Corporation (9YVSYSE8),70950,lost,2026-03-08,2026-06-13,Globex Corporation,Anna Snelling
MG Special - Rangreen (VUF34IPC),6321,won,2026-03-08,2026-06-10,Rangreen,Anna Snelling
GTX Plus Basic - Silis (ONUWPAJM),141384,lost,2026-03-08,2026-06-08,Silis,Cassey Cress
GTX Plus Basic - Streethex (A50JWKFS),129129,won,2026-03-08,2026-06-22,Streethex,Cecily Lampkin
MG Advanced - The New York Inquirer (JP72AC6I),487233,won,2026-03-08,2026-06-13,The New York Inquirer,Corliss Cosme
GTX Plus Basic - Initech (9SZTURAF),115068,won,2026-03-08,2026-05-14,Initech,Daniell Hammack
GTX Plus Pro - Iselectrics (LB8UE159),690537,won,2026-03-08,2026-03-16,Iselectrics,Daniell Hammack
GTX Pro - Betatech (QYWZZ16B),568890,won,2026-03-08,2026-03-21,Betatech,Darcel Schlecht
MG Advanced - Konmatfix (IJNOVBGU),486072,won,2026-03-08,2026-05-31,Konmatfix,Darcel Schlecht
GTX Basic - Bluth Company (KYL4UFG5),70950,lost,2026-03-08,2026-05-26,Bluth Company,Donn Cantrell
GTX Basic - J-Texon (QFBITAKR),65403,won,2026-03-08,2026-05-07,J-Texon,James Ascencio
GTX Plus Basic - Zumgoity (VSZ4UVVN),147576,won,2026-03-08,2026-06-17,Zumgoity,Jonathan Berthelot
MG Special - Cheers (31C5DVJT),5676,won,2026-03-08,2026-06-19,Cheers,Kary Hendrixson
MG Advanced - Treequote (EG3KHGPL),447630,won,2026-03-08,2026-03-24,Treequote,Lajuana Vencill
MG Advanced - Dalttechnology (ZI89S9HC),437697,qualified,2026-03-08,,Dalttechnology,Markita Hansen
GTK 500 - Cheers (LSJ2A8ZX),3762414,won,2026-03-08,2026-06-23,Cheers,Markita Hansen
GTX Plus Basic - Kan-code (9D06AK8T),134805,won,2026-03-08,2026-05-07,Kan-code,Markita Hansen
GTX Plus Basic - Fasehatice (PPXIWYMT),122679,won,2026-03-08,2026-06-09,Fasehatice,Maureen Marcano
GTX Plus Basic - Zoomit (5653N8BM),141384,qualified,2026-03-08,,Zoomit,Rosie Papadopoulos
MG Special - Stanredtax (YWKJW726),5547,won,2026-03-08,2026-05-17,Stanredtax,Versie Hillebrand
MG Special - Zumgoity (ZVT9J7V1),7095,won,2026-03-08,2026-03-12,Zumgoity,Versie Hillebrand
GTX Basic - New prospect (477HSG28),70950,qualified,2026-03-08,,,Vicki Laflamme
GTX Pro - Kan-code (NOBIC0PD),553926,won,2026-03-09,2026-05-14,Kan-code,Cassey Cress
GTX Plus Pro - Streethex (UKECBJV5),639969,won,2026-03-09,2026-05-26,Streethex,Cecily Lampkin
GTX Pro - Betasoloin (YT34YUZN),621909,qualified,2026-03-09,,Betasoloin,Corliss Cosme
GTX Basic - Iselectrics (UWVT8M2Y),70950,lost,2026-03-09,2026-05-15,Iselectrics,Corliss Cosme
GTX Pro - Ontomedia (FU00L2Y2),581274,won,2026-03-09,2026-06-20,Ontomedia,Daniell Hammack
GTX Pro - Zencorporation (518D68L9),621909,lost,2026-03-09,2026-03-23,Zencorporation,Donn Cantrell
GTX Basic - Singletechno (AOZKTGZG),78432,won,2026-03-09,2026-05-19,Singletechno,Elease Gluck
GTX Plus Basic - Zathunicon (TKN1L8EX),109779,won,2026-03-09,2026-06-17,Zathunicon,Garret Kinder
GTX Plus Basic - Inity (9GQ6HQLK),147447,won,2026-03-09,2026-06-17,Inity,Gladys Colclough
GTX Plus Pro - Globex Corporation (0RL4RHQJ),821085,won,2026-03-09,2026-03-22,Globex Corporation,Gladys Colclough
MG Special - Fasehatice (ZE9WX1Q9),6966,won,2026-03-09,2026-05-18,Fasehatice,Hayden Neloms
GTX Basic - New prospect (MCA0202R),70950,qualified,2026-03-09,,,Kary Hendrixson
GTX Basic - Sunnamplex (QY6MB3QJ),70950,lost,2026-03-09,2026-05-11,Sunnamplex,Kary Hendrixson
GTX Pro - Sonron (RUYLZD4O),618942,won,2026-03-09,2026-03-26,Sonron,Kary Hendrixson
MG Special - Doncon (BOVKZHAZ),7095,lost,2026-03-09,2026-05-26,Doncon,Markita Hansen
GTX Pro - Fasehatice (3X5BD9NU),610557,won,2026-03-09,2026-03-22,Fasehatice,Markita Hansen
GTX Plus Basic - Cheers (YT8YYRTU),161250,won,2026-03-09,2026-05-26,Cheers,Maureen Marcano
GTX Plus Pro - Faxquote (6V7OMXY5),769614,won,2026-03-09,2026-05-29,Faxquote,Maureen Marcano
MG Special - Domzoom (0TR3RU8A),7869,won,2026-03-09,2026-06-07,Domzoom,Niesha Huffines
GTX Basic - New prospect (3A7G5K0E),70950,qualified,2026-03-09,,,Rosalina Dieter
GTX Pro - Funholding (WWCMITY9),621909,qualified,2026-03-09,,Funholding,Rosalina Dieter
GTX Plus Basic - New prospect (TNWCER5C),141384,qualified,2026-03-09,,,Rosie Papadopoulos
MG Special - Scotfind (GTOKTXRA),6192,won,2026-03-09,2026-06-17,Scotfind,Vicki Laflamme
GTX Plus Basic - Isdom (SE6OIGYN),141384,qualified,2026-03-09,,Isdom,Violet Mclelland
MG Special - Zathunicon (PBJ01MRE),6837,won,2026-03-09,2026-06-18,Zathunicon,Violet Mclelland
MG Special - Cheers (L2NXQFPN),7095,lost,2026-03-09,2026-03-17,Cheers,Zane Levy
MG Special - Doncon (0XWCTQL2),6579,won,2026-03-09,2026-05-15,Doncon,Zane Levy
MG Advanced - Cheers (SY72RAK2),427506,won,2026-03-09,2026-06-01,Cheers,Zane Levy
MG Advanced - Treequote (38YQ4771),437697,lost,2026-03-10,2026-05-17,Treequote,Anna Snelling
MG Special - Genco Pura Olive Oil Company (K7FBRQCA),8256,won,2026-03-10,2026-06-22,Genco Pura Olive Oil Company,Anna Snelling
MG Special - Isdom (F4V2FXK0),7482,won,2026-03-10,2026-03-21,Isdom,Anna Snelling
MG Special - New prospect (WTAM4BED),7095,qualified,2026-03-10,,,Cassey Cress
GTX Plus Basic - Mathtouch (FZNEISTX),141384,lost,2026-03-10,2026-05-19,Mathtouch,Cassey Cress
GTX Plus Pro - Massive Dynamic (S34T8KPW),593142,won,2026-03-10,2026-05-01,Massive Dynamic,Cassey Cress
MG Advanced - Mathtouch (5F40OSXS),441696,won,2026-03-10,2026-03-16,Mathtouch,Cassey Cress
MG Advanced - Umbrella Corporation (AILF7GOP),438471,won,2026-03-10,2026-06-27,Umbrella Corporation,Cassey Cress
GTX Plus Basic - Betasoloin (LMJINVRQ),141384,lost,2026-03-10,2026-06-04,Betasoloin,Daniell Hammack
GTX Basic - Konmatfix (MHPI0ZW1),70950,lost,2026-03-10,2026-06-01,Konmatfix,Darcel Schlecht
GTX Plus Pro - Betatech (WJ81WITC),707178,lost,2026-03-10,2026-05-13,Betatech,Darcel Schlecht
GTX Pro - Treequote (AIAX4W1O),686538,won,2026-03-10,2026-06-07,Treequote,Darcel Schlecht
GTX Basic - Donquadtech (DFSRHCXU),63984,won,2026-03-10,2026-05-25,Donquadtech,Donn Cantrell
MG Advanced - Bubba Gump (1VFUCUWA),422991,won,2026-03-10,2026-05-24,Bubba Gump,Garret Kinder
MG Special - Scottech (3IIDRUGI),7095,lost,2026-03-10,2026-06-25,Scottech,Gladys Colclough
MG Special - Scotfind (3VLKZISJ),8772,won,2026-03-10,2026-03-24,Scotfind,James Ascencio
GTX Basic - Treequote (2GN2TRVV),70950,lost,2026-03-10,2026-05-20,Treequote,Jonathan Berthelot
GTX Plus Pro - New prospect (7HSRDCCK),707178,qualified,2026-03-10,,,Kary Hendrixson
GTX Plus Basic - Zoomit (WA4TPQ5U),141384,qualified,2026-03-10,,Zoomit,Maureen Marcano
GTX Plus Basic - Funholding (9C9GO9XO),141384,lost,2026-03-10,2026-05-18,Funholding,Niesha Huffines
MG Special - Bioholding (ULES5Z21),7611,won,2026-03-10,2026-03-12,Bioholding,Versie Hillebrand
MG Advanced - Fasehatice (IITSDWWL),413445,won,2026-03-10,2026-03-23,Fasehatice,Vicki Laflamme
GTX Basic - Mathtouch (8GYH6R9J),70950,lost,2026-03-10,2026-03-24,Mathtouch,Wilburn Farren
MG Advanced - New prospect (C7ODMOS2),437697,qualified,2026-03-10,,,Zane Levy
MG Special - Globex Corporation (8X890G2T),7095,won,2026-03-11,2026-03-20,Globex Corporation,Anna Snelling
GTX Basic - Bubba Gump (74YVUL52),70950,lost,2026-03-11,2026-06-14,Bubba Gump,Cassey Cress
GTX Plus Basic - New prospect (JS5N8USN),141384,qualified,2026-03-11,,,Corliss Cosme
GTX Basic - Ganjaflex (HH4I6PAY),67725,won,2026-03-11,2026-05-30,Ganjaflex,Corliss Cosme
MG Advanced - Isdom (TAGD6XU9),445695,won,2026-03-11,2026-05-22,Isdom,Darcel Schlecht
MG Advanced - Faxquote (IIREXAQX),401190,won,2026-03-11,2026-03-22,Faxquote,Elease Gluck
MG Special - Kinnamplus (8GISH3I9),7095,lost,2026-03-11,2026-03-24,Kinnamplus,Garret Kinder
GTX Plus Pro - Scotfind (6M89XBL0),651837,won,2026-03-11,2026-06-08,Scotfind,Hayden Neloms
MG Advanced - Groovestreet (YT2QLCVS),456531,won,2026-03-11,2026-03-25,Groovestreet,Hayden Neloms
GTX Basic - New prospect (3VC45PML),70950,qualified,2026-03-11,,,James Ascencio
GTX Basic - Rundofase (4ICL09BD),74820,won,2026-03-11,2026-05-20,Rundofase,Jonathan Berthelot
MG Advanced - Rantouch (YWWVWOO4),437697,lost,2026-03-11,2026-03-17,Rantouch,Kami Bicknell
MG Advanced - Warephase (8TTFFCIK),447372,won,2026-03-11,2026-03-14,Warephase,Lajuana Vencill
GTK 500 - Treequote (5URQT67R),3453072,qualified,2026-03-11,,Treequote,Markita Hansen
GTX Pro - Conecom (YX4E972E),621909,qualified,2026-03-11,,Conecom,Markita Hansen
MG Special - Ron-tech (OG13XT4P),6966,won,2026-03-11,2026-06-16,Ron-tech,Niesha Huffines
MG Advanced - Bluth Company (ZYRRGSQK),437697,lost,2026-03-11,2026-03-24,Bluth Company,Reed Clapper
MG Special - Scottech (0LDX9VLO),7095,lost,2026-03-11,2026-05-08,Scottech,Versie Hillebrand
MG Special - Gekko & Co (XFFFWJQH),7095,lost,2026-03-11,2026-05-17,Gekko & Co,Violet Mclelland
GTX Plus Pro - Zotware (KRSNQKC6),779160,won,2026-03-12,2026-03-25,Zotware,Boris Faz
GTX Pro - The New York Inquirer (YY39ZQNV),755553,won,2026-03-12,2026-05-29,The New York Inquirer,Cassey Cress
MG Advanced - dambase (YHVY1LHH),488265,won,2026-03-12,2026-03-22,dambase,Cecily Lampkin
GTX Plus Basic - Zathunicon (2BG4ZR42),141384,lost,2026-03-12,2026-06-16,Zathunicon,Corliss Cosme
GTX Basic - Initech (QQCIN1M4),54180,won,2026-03-12,2026-03-23,Initech,Daniell Hammack
GTX Pro - Xx-zobam (KIMW6PXN),637131,won,2026-03-12,2026-03-17,Xx-zobam,Daniell Hammack
GTX Pro - Scottech (AKFNIQR0),588756,won,2026-03-12,2026-03-27,Scottech,Darcel Schlecht
MG Advanced - Rangreen (D5LEL3HF),346107,won,2026-03-12,2026-06-06,Rangreen,Darcel Schlecht
GTK 500 - Cheers (6X4EEUGA),3284856,won,2026-03-12,2026-03-27,Cheers,Elease Gluck
GTX Basic - Hottechi (KTSB1KYT),59340,won,2026-03-12,2026-06-06,Hottechi,Jonathan Berthelot
GTX Basic - Rundofase (RB7IA4JX),70434,won,2026-03-12,2026-03-25,Rundofase,Jonathan Berthelot
GTX Plus Basic - Conecom (M4HY664H),118422,won,2026-03-12,2026-06-22,Conecom,Jonathan Berthelot
MG Advanced - Domzoom (D2C191IK),437697,lost,2026-03-12,2026-03-26,Domzoom,Lajuana Vencill
MG Advanced - Toughzap (I2V3EPW7),389322,won,2026-03-12,2026-04-29,Toughzap,Lajuana Vencill
MG Special - Sonron (RB8LSFVK),6708,won,2026-03-12,2026-05-21,Sonron,Markita Hansen
GTX Basic - New prospect (ZU3GICE9),70950,qualified,2026-03-12,,,Maureen Marcano
MG Special - Bioplex (7SYJDW4L),6450,won,2026-03-12,2026-05-01,Bioplex,Reed Clapper
MG Special - New prospect (OXNWRI4I),7095,qualified,2026-03-12,,,Rosalina Dieter
GTX Basic - Xx-zobam (O7E0302B),67596,won,2026-03-12,2026-06-10,Xx-zobam,Rosie Papadopoulos
MG Advanced - Xx-zobam (U11XXNCF),426474,won,2026-03-12,2026-03-26,Xx-zobam,Rosie Papadopoulos
GTX Basic - New prospect (HKV37WU9),70950,qualified,2026-03-12,,,Vicki Laflamme
MG Special - Hatfan (73FYEJQV),6966,won,2026-03-12,2026-03-19,Hatfan,Vicki Laflamme
MG Special - Hottechi (C4CQ8FZL),6837,won,2026-03-12,2026-03-25,Hottechi,Vicki Laflamme
GTX Basic - Zencorporation (OJ1WKIVY),66306,won,2026-03-12,2026-05-26,Zencorporation,Wilburn Farren
MG Advanced - New prospect (YXXWQA4G),437697,qualified,2026-03-12,,,Zane Levy
MG Special - Bluth Company (L1YN7LDL),7095,qualified,2026-03-13,,Bluth Company,Cassey Cress
GTX Plus Basic - Konex (N9ZXCBTU),127065,won,2026-03-13,2026-03-22,Konex,Daniell Hammack
GTX Pro - Conecom (RLHNJZBW),753747,won,2026-03-13,2026-05-08,Conecom,Darcel Schlecht
GTX Pro - Genco Pura Olive Oil Company (GKHTT70P),590433,won,2026-03-13,2026-06-14,Genco Pura Olive Oil Company,Darcel Schlecht
MG Advanced - Isdom (GL8PN4LQ),428667,won,2026-03-13,2026-03-21,Isdom,Darcel Schlecht
MG Advanced - Betasoloin (TTVQT1YD),437697,lost,2026-03-13,2026-05-28,Betasoloin,Donn Cantrell
GTX Basic - Ontomedia (NOHEK8PU),62307,won,2026-03-13,2026-06-14,Ontomedia,Donn Cantrell
GTX Basic - Initech (56AN1DXW),70950,lost,2026-03-13,2026-05-19,Initech,Garret Kinder
GTX Pro - Vehement Capital Partners (WB44DF28),671574,won,2026-03-13,2026-06-15,Vehement Capital Partners,Garret Kinder
MG Advanced - Finhigh (DJ60T39C),467109,won,2026-03-13,2026-06-01,Finhigh,Gladys Colclough
GTX Pro - Faxquote (52H2CE10),613524,won,2026-03-13,2026-03-22,Faxquote,Kami Bicknell
GTX Plus Basic - Isdom (PVDGIYSB),141384,lost,2026-03-13,2026-05-26,Isdom,Lajuana Vencill
MG Advanced - Stanredtax (F57Z7KJF),416412,won,2026-03-13,2026-03-21,Stanredtax,Lajuana Vencill
GTX Plus Basic - Toughzap (NEFPSWOJ),141384,qualified,2026-03-13,,Toughzap,Markita Hansen
GTX Plus Basic - Bioholding (ZGSQMEQ9),137127,won,2026-03-13,2026-06-14,Bioholding,Niesha Huffines
GTX Plus Basic - Yearin (FM1RH52B),141384,lost,2026-03-13,2026-05-16,Yearin,Reed Clapper
GTX Pro - Xx-zobam (PFKDTEYU),621909,qualified,2026-03-13,,Xx-zobam,Rosie Papadopoulos
MG Special - New prospect (3C5GNT3Q),7095,qualified,2026-03-13,,,Vicki Laflamme
MG Special - New prospect (0LRVHITK),7095,qualified,2026-03-13,,,Violet Mclelland
MG Advanced - Newex (3NM7A8SX),546186,won,2026-03-13,2026-03-24,Newex,Zane Levy
GTX Plus Basic - Plussunin (1XWQZ1F8),154542,won,2026-03-14,2026-06-13,Plussunin,Cassey Cress
GTX Pro - Sumace (LXGNXNX1),639840,won,2026-03-14,2026-06-06,Sumace,Corliss Cosme
GTX Basic - Betatech (YQK2K6U5),74304,won,2026-03-14,2026-05-19,Betatech,Darcel Schlecht
GTX Plus Pro - Globex Corporation (FROU0UKW),724206,won,2026-03-14,2026-05-22,Globex Corporation,Darcel Schlecht
MG Advanced - Streethex (SD8JJSKT),441438,won,2026-03-14,2026-05-27,Streethex,Darcel Schlecht
GTX Basic - Rantouch (HABN7JBG),70950,qualified,2026-03-14,,Rantouch,Elease Gluck
MG Advanced - New prospect (2O76H591),437697,qualified,2026-03-14,,,James Ascencio
GTX Plus Pro - Finjob (LCWP23CI),684474,won,2026-03-14,2026-03-21,Finjob,James Ascencio
GTX Basic - New prospect (KSOW4MUK),70950,qualified,2026-03-14,,,Kami Bicknell
GTX Pro - New prospect (FHYD80FB),621909,qualified,2026-03-14,,,Kami Bicknell
GTX Pro - Sonron (1ORXGKVH),621909,qualified,2026-03-14,,Sonron,Kary Hendrixson
GTX Pro - Golddex (XQ4FN1KA),621909,lost,2026-03-14,2026-06-03,Golddex,Kary Hendrixson
MG Special - Inity (9BTSKY01),7740,won,2026-03-14,2026-06-16,Inity,Lajuana Vencill
GTX Basic - New prospect (EGEJA2HY),70950,qualified,2026-03-14,,,Markita Hansen
GTK 500 - Konex (CQZSFN7C),3453072,lost,2026-03-14,2026-05-12,Konex,Markita Hansen
GTX Plus Pro - Bioholding (81LMZHD1),647322,won,2026-03-14,2026-05-13,Bioholding,Moses Frase
GTX Basic - New prospect (TIPG6R0Z),70950,qualified,2026-03-14,,,Vicki Laflamme
MG Advanced - Groovestreet (1J5Y9X1H),425055,won,2026-03-14,2026-06-14,Groovestreet,Vicki Laflamme
MG Special - Rundofase (6LC0XB2D),7869,won,2026-03-15,2026-05-26,Rundofase,Anna Snelling
GTX Plus Pro - Mathtouch (YKC8JUSY),707178,lost,2026-03-15,2026-03-28,Mathtouch,Boris Faz
GTX Plus Basic - Scottech (H3DYTZIQ),141384,qualified,2026-03-15,,Scottech,Cassey Cress
MG Special - Zathunicon (PAQTBHVA),7611,won,2026-03-15,2026-06-20,Zathunicon,Cassey Cress
GTX Plus Pro - New prospect (HEWKNHTH),707178,qualified,2026-03-15,,,Daniell Hammack
MG Advanced - Groovestreet (EFIR7HGR),437697,qualified,2026-03-15,,Groovestreet,Daniell Hammack
GTX Pro - Mathtouch (JRWBU9BS),479880,won,2026-03-15,2026-03-23,Mathtouch,Daniell Hammack
MG Advanced - Isdom (DXF00KY4),437697,lost,2026-03-15,2026-05-12,Isdom,Darcel Schlecht
GTX Pro - Funholding (K6ZDH79M),656352,won,2026-03-15,2026-05-13,Funholding,Darcel Schlecht
GTX Plus Pro - Scotfind (GKL9QV5B),859914,won,2026-03-15,2026-03-25,Scotfind,Elease Gluck
GTX Plus Basic - Ron-tech (1V3IQVOF),141384,lost,2026-03-15,2026-04-29,Ron-tech,Gladys Colclough
GTX Pro - Isdom (BH7EXL5M),659835,won,2026-03-15,2026-03-20,Isdom,Gladys Colclough
MG Advanced - Gekko & Co (H176AX96),437697,qualified,2026-03-15,,Gekko & Co,James Ascencio
GTX Basic - Stanredtax (K0HLZM4Q),70950,lost,2026-03-15,2026-05-18,Stanredtax,Jonathan Berthelot
GTX Plus Basic - Isdom (BTNSR87A),148221,won,2026-03-15,2026-03-28,Isdom,Jonathan Berthelot
GTX Pro - Bioholding (L58MN75X),673380,won,2026-03-15,2026-06-12,Bioholding,Jonathan Berthelot
MG Special - Stanredtax (SWV0JUQJ),7740,won,2026-03-15,2026-03-19,Stanredtax,Jonathan Berthelot
GTX Basic - New prospect (XU836DFA),70950,qualified,2026-03-15,,,Kami Bicknell
GTX Basic - Lexiqvolax (910IXBKP),71079,won,2026-03-15,2026-03-19,Lexiqvolax,Kami Bicknell
GTX Basic - Cheers (NTNYA5PE),65145,won,2026-03-15,2026-06-25,Cheers,Markita Hansen
GTX Basic - Warephase (AHRCT8IP),70950,lost,2026-03-15,2026-05-31,Warephase,Marty Freudenburg
GTX Plus Pro - Globex Corporation (ESH4HX52),705888,won,2026-03-15,2026-05-18,Globex Corporation,Marty Freudenburg
GTX Pro - Genco Pura Olive Oil Company (P8LGQH9G),621909,lost,2026-03-15,2026-03-18,Genco Pura Olive Oil Company,Niesha Huffines
GTX Basic - Fasehatice (VT1LZKEY),70950,lost,2026-03-15,2026-05-26,Fasehatice,Vicki Laflamme
GTX Basic - Funholding (0WC2J3UP),70950,lost,2026-03-16,2026-05-25,Funholding,Anna Snelling
GTX Plus Pro - Hottechi (VWSFZUNS),679959,won,2026-03-16,2026-05-21,Hottechi,Anna Snelling
MG Special - Bioplex (F3UB81V7),6321,won,2026-03-16,2026-05-20,Bioplex,Boris Faz
MG Advanced - Opentech (SEX08VFB),437697,lost,2026-03-16,2026-03-27,Opentech,Cassey Cress
GTX Plus Basic - New prospect (961ED0B1),141384,qualified,2026-03-16,,,Corliss Cosme
GTX Plus Basic - Initech (FLANUQCV),159444,won,2026-03-16,2026-06-18,Initech,Corliss Cosme
GTX Pro - Zencorporation (8MKXIQQK),695052,won,2026-03-16,2026-03-18,Zencorporation,Daniell Hammack
GTX Pro - Conecom (NDMY5PPT),621909,lost,2026-03-16,2026-05-24,Conecom,Darcel Schlecht
GTX Pro - Funholding (E4H6CBPJ),702921,won,2026-03-16,2026-06-23,Funholding,Darcel Schlecht
GTX Pro - Funholding (1FAMR9UR),648870,won,2026-03-16,2026-03-22,Funholding,Darcel Schlecht
GTX Pro - Hottechi (SYJKN818),670155,won,2026-03-16,2026-05-19,Hottechi,Darcel Schlecht
MG Special - Condax (VMTPCY5G),7095,won,2026-03-16,2026-03-22,Condax,Hayden Neloms
MG Special - Fasehatice (CV0BDYMP),7998,won,2026-03-16,2026-06-26,Fasehatice,Hayden Neloms
GTX Basic - Sunnamplex (7DI7A7G7),59211,won,2026-03-16,2026-05-16,Sunnamplex,James Ascencio
GTX Basic - Y-corporation (WE7YS7HD),70950,lost,2026-03-16,2026-05-22,Y-corporation,Kami Bicknell
GTX Plus Basic - Y-corporation (4DLOXD13),141513,won,2026-03-16,2026-05-04,Y-corporation,Kami Bicknell
GTX Plus Pro - Plexzap (XN63KZRZ),649257,won,2026-03-16,2026-06-26,Plexzap,Kami Bicknell
GTX Plus Basic - New prospect (LLQCQOCR),141384,qualified,2026-03-16,,,Kary Hendrixson
GTX Pro - Blackzim (WSG25BZ9),640614,won,2026-03-16,2026-06-19,Blackzim,Kary Hendrixson
MG Special - Finjob (6GL2LRUH),6708,won,2026-03-16,2026-03-21,Finjob,Kary Hendrixson
MG Special - Doncon (K0G1IB3Q),6966,won,2026-03-16,2026-03-24,Doncon,Markita Hansen
GTX Pro - New prospect (54OH0061),621909,qualified,2026-03-16,,,Maureen Marcano
GTX Plus Pro - Sonron (UYJDOT4Q),750264,won,2026-03-16,2026-06-09,Sonron,Maureen Marcano
MG Special - Condax (VOSSIXSY),6837,won,2026-03-16,2026-05-31,Condax,Maureen Marcano
MG Advanced - Plexzap (ILUMUKG8),515226,won,2026-03-16,2026-05-12,Plexzap,Maureen Marcano
GTX Plus Pro - Warephase (DYUWF61W),707178,lost,2026-03-16,2026-03-25,Warephase,Moses Frase
MG Special - Statholdings (NUNQGOUW),7353,won,2026-03-16,2026-06-01,Statholdings,Moses Frase
MG Special - Condax (CKT1GTY2),7095,lost,2026-03-16,2026-03-29,Condax,Reed Clapper
MG Advanced - Scotfind (FUHP1IXR),484008,won,2026-03-16,2026-05-02,Scotfind,Rosalina Dieter
GTX Pro - Condax (TJEEFJG8),613911,won,2026-03-16,2026-06-18,Condax,Rosie Papadopoulos
GTX Basic - Statholdings (ABRQIWS9),71595,won,2026-03-16,2026-05-21,Statholdings,Versie Hillebrand
GTX Basic - Umbrella Corporation (B3K4Z5L0),70950,lost,2026-03-16,2026-03-21,Umbrella Corporation,Violet Mclelland
GTX Basic - New prospect (PCVNB0NO),70950,qualified,2026-03-16,,,Zane Levy
GTX Plus Basic - Konex (IVCON5CU),156477,won,2026-03-16,2026-06-17,Konex,Zane Levy
GTX Pro - Sonron (RQXFD7FW),571212,won,2026-03-16,2026-06-05,Sonron,Zane Levy
GTX Plus Pro - Xx-zobam (LUP7FYS5),707178,lost,2026-03-17,2026-03-29,Xx-zobam,Boris Faz
GTX Plus Pro - Condax (WEKW3XIN),707178,qualified,2026-03-17,,Condax,Cassey Cress
GTX Pro - Konex (REVQ7DSW),621909,lost,2026-03-17,2026-05-05,Konex,Cassey Cress
GTX Plus Pro - Streethex (YSNODM63),707178,lost,2026-03-17,2026-03-24,Streethex,Cecily Lampkin
GTX Basic - Xx-zobam (PN3T4FUG),70950,lost,2026-03-17,2026-06-18,Xx-zobam,Corliss Cosme
GTX Pro - Iselectrics (AQ3HBL9S),621909,lost,2026-03-17,2026-03-22,Iselectrics,Daniell Hammack
MG Special - Kan-code (VE4LZ8F5),7998,won,2026-03-17,2026-05-22,Kan-code,Daniell Hammack
GTX Pro - Bioholding (Q5R1PYJS),621909,lost,2026-03-17,2026-06-08,Bioholding,Darcel Schlecht
MG Advanced - Silis (5AOWZ6AG),457434,won,2026-03-17,2026-05-06,Silis,Donn Cantrell
MG Special - Sumace (E29GOFUV),7095,qualified,2026-03-17,,Sumace,Elease Gluck
GTX Basic - Domzoom (2MKG6ZDD),70950,qualified,2026-03-17,,Domzoom,James Ascencio
MG Special - New prospect (RUFJMV3I),7095,qualified,2026-03-17,,,James Ascencio
GTX Plus Basic - Hottechi (3AIA6RL3),146028,won,2026-03-17,2026-05-17,Hottechi,Jonathan Berthelot
MG Advanced - New prospect (KDPBAHOJ),437697,qualified,2026-03-17,,,Kami Bicknell
GTX Basic - Cheers (OXPNURPT),70950,lost,2026-03-17,2026-05-10,Cheers,Kami Bicknell
MG Special - Condax (9TRVSW35),7353,won,2026-03-17,2026-05-16,Condax,Maureen Marcano
MG Special - Fasehatice (GTH3VIDW),7869,won,2026-03-17,2026-03-20,Fasehatice,Maureen Marcano
MG Special - Plusstrip (WFNKJ2LT),7353,won,2026-03-17,2026-03-28,Plusstrip,Maureen Marcano
GTX Basic - Massive Dynamic (P7GCDFU8),83721,won,2026-03-17,2026-06-11,Massive Dynamic,Reed Clapper
GTX Pro - New prospect (96798U7Y),621909,qualified,2026-03-17,,,Rosie Papadopoulos
GTX Pro - Donware (O22J2QPD),621909,lost,2026-03-17,2026-05-12,Donware,Rosie Papadopoulos
GTX Plus Pro - Finhigh (ACOJBA02),620877,won,2026-03-17,2026-03-28,Finhigh,Versie Hillebrand
MG Special - Doncon (2FGEGLVU),7095,lost,2026-03-17,2026-03-20,Doncon,Vicki Laflamme
MG Special - Blackzim (FQB53DQH),6579,won,2026-03-17,2026-03-28,Blackzim,Vicki Laflamme
MG Advanced - Goodsilron (1C2V9RAO),418089,won,2026-03-17,2026-06-10,Goodsilron,Vicki Laflamme
MG Special - Initech (MNTTYFR6),7095,lost,2026-03-17,2026-05-01,Initech,Violet Mclelland
GTX Basic - Sumace (7FN6LV2E),76368,won,2026-03-17,2026-06-09,Sumace,Violet Mclelland
MG Advanced - New prospect (B6Z5NFV0),437697,qualified,2026-03-17,,,Wilburn Farren
GTX Basic - Zotware (V8I2CE9V),65274,won,2026-03-17,2026-06-17,Zotware,Wilburn Farren
MG Advanced - New prospect (VH6OFWCV),437697,qualified,2026-03-17,,,Zane Levy
GTX Basic - Labdrill (1FXXXLJY),70950,lost,2026-03-17,2026-06-22,Labdrill,Zane Levy
MG Advanced - Codehow (NYI5VMXK),460659,won,2026-03-18,2026-06-03,Codehow,Anna Snelling
GTX Basic - The New York Inquirer (OJ1NQRDS),70950,lost,2026-03-18,2026-05-27,The New York Inquirer,Cassey Cress
MG Special - Iselectrics (Z9W748SJ),7740,won,2026-03-18,2026-03-30,Iselectrics,Cassey Cress
MG Special - Konex (LWX9V7HI),7611,won,2026-03-18,2026-06-12,Konex,Cassey Cress
GTX Basic - Silis (PAQOPSR0),71079,won,2026-03-18,2026-03-22,Silis,Corliss Cosme
GTX Pro - New prospect (BJO4VYLK),621909,qualified,2026-03-18,,,Daniell Hammack
GTX Pro - Funholding (AFQG21L7),621909,lost,2026-03-18,2026-03-28,Funholding,Darcel Schlecht
GTX Pro - Isdom (RQJKAR7E),621909,lost,2026-03-18,2026-03-29,Isdom,Darcel Schlecht
GTX Pro - Isdom (6BV9IARK),622554,won,2026-03-18,2026-03-28,Isdom,Darcel Schlecht
MG Special - Green-Plus (NTGU3NYS),7482,won,2026-03-18,2026-06-27,Green-Plus,Elease Gluck
GTX Pro - Gekko & Co (3F5AAJZB),725238,won,2026-03-18,2026-03-23,Gekko & Co,Garret Kinder
MG Special - Hottechi (RJH0CL3Z),7095,lost,2026-03-18,2026-03-29,Hottechi,Gladys Colclough
MG Advanced - Dontechi (EK0KWGQX),409833,won,2026-03-18,2026-05-24,Dontechi,Gladys Colclough
MG Special - Fasehatice (K33NPCAY),7224,won,2026-03-18,2026-05-08,Fasehatice,Kami Bicknell
GTX Pro - New prospect (14CNQKX8),621909,qualified,2026-03-18,,,Kary Hendrixson
GTX Plus Basic - Kan-code (1LLRNE8G),127710,won,2026-03-18,2026-06-19,Kan-code,Maureen Marcano
GTX Basic - Warephase (EFWND7VS),75723,won,2026-03-18,2026-06-27,Warephase,Niesha Huffines
GTX Plus Pro - Bioplex (IR2D4ZG5),803541,won,2026-03-18,2026-03-24,Bioplex,Rosie Papadopoulos
MG Special - Warephase (BYBZJBC9),7095,lost,2026-03-18,2026-04-29,Warephase,Versie Hillebrand
GTX Plus Basic - Xx-holding (BO8DSRV7),132483,won,2026-03-18,2026-06-20,Xx-holding,Vicki Laflamme
MG Advanced - Scotfind (LD1HNIUL),459111,won,2026-03-18,2026-03-20,Scotfind,Vicki Laflamme
GTX Basic - Green-Plus (RX39Z0P1),65274,won,2026-03-18,2026-05-25,Green-Plus,Zane Levy
MG Special - Gogozoom (PFHUAJ47),7095,lost,2026-03-19,2026-03-30,Gogozoom,Anna Snelling
MG Advanced - Genco Pura Olive Oil Company (CKJZ86N6),437697,lost,2026-03-19,2026-05-08,Genco Pura Olive Oil Company,Anna Snelling
GTX Plus Pro - Stanredtax (ASC1OWNE),806250,won,2026-03-19,2026-06-09,Stanredtax,Anna Snelling
MG Advanced - Hottechi (WCEPUBH5),452790,won,2026-03-19,2026-06-09,Hottechi,Cecily Lampkin
MG Special - New prospect (VHZFABAC),7095,qualified,2026-03-19,,,Daniell Hammack
GTX Plus Basic - Umbrella Corporation (VMIMPP6H),139062,won,2026-03-19,2026-06-08,Umbrella Corporation,Daniell Hammack
GTX Basic - Massive Dynamic (B0XO4WY7),71337,won,2026-03-19,2026-03-29,Massive Dynamic,Donn Cantrell
GTX Basic - Toughzap (VYPIKMKO),78948,won,2026-03-19,2026-05-24,Toughzap,Jonathan Berthelot
GTX Plus Basic - Funholding (VCD47XNB),133257,won,2026-03-19,2026-03-23,Funholding,Jonathan Berthelot
GTX Plus Basic - Inity (8QH99OEZ),135579,won,2026-03-19,2026-06-10,Inity,Jonathan Berthelot
GTX Basic - Y-corporation (1DMERFNB),81012,won,2026-03-19,2026-06-19,Y-corporation,Kary Hendrixson
GTX Plus Pro - Green-Plus (FR8FT0ZX),634164,won,2026-03-19,2026-06-01,Green-Plus,Markita Hansen
MG Advanced - Stanredtax (DG7LABPD),463110,won,2026-03-19,2026-06-25,Stanredtax,Marty Freudenburg
MG Advanced - Domzoom (ZMYUFTS9),413703,won,2026-03-19,2026-05-13,Domzoom,Moses Frase
MG Advanced - Zumgoity (P60EK5NN),353331,won,2026-03-19,2026-06-18,Zumgoity,Moses Frase
GTX Basic - Gogozoom (YRYMSUE3),71853,won,2026-03-19,2026-03-30,Gogozoom,Niesha Huffines
GTX Pro - Yearin (UZOTC90C),683958,won,2026-03-19,2026-03-27,Yearin,Reed Clapper
MG Special - Domzoom (5AAN00N1),7095,lost,2026-03-19,2026-05-23,Domzoom,Versie Hillebrand
MG Advanced - Zumgoity (JFHKBG40),446985,won,2026-03-19,2026-03-28,Zumgoity,Versie Hillebrand
GTX Plus Basic - New prospect (10THTNLC),141384,qualified,2026-03-19,,,Zane Levy
GTX Pro - Zoomit (RJD0D0GD),561924,won,2026-03-19,2026-06-03,Zoomit,Zane Levy
GTX Pro - Gekko & Co (L9IXFTIL),683829,won,2026-03-20,2026-06-18,Gekko & Co,Boris Faz
MG Advanced - New prospect (QU6CFZ22),437697,qualified,2026-03-20,,,Cassey Cress
MG Advanced - Rangreen (HPBCTTV3),437697,lost,2026-03-20,2026-03-31,Rangreen,Cecily Lampkin
MG Special - Treequote (48FB5MD2),8514,won,2026-03-20,2026-04-01,Treequote,Cecily Lampkin
GTX Basic - Vehement Capital Partners (EJZM1INM),70950,lost,2026-03-20,2026-03-30,Vehement Capital Partners,Corliss Cosme
GTX Pro - Acme Corporation (FKNT3I12),621909,lost,2026-03-20,2026-03-28,Acme Corporation,Corliss Cosme
GTX Plus Pro - Iselectrics (BLY5FD3N),727560,won,2026-03-20,2026-03-28,Iselectrics,Corliss Cosme
MG Advanced - Kinnamplus (LXLU6LFC),437697,lost,2026-03-20,2026-05-27,Kinnamplus,Daniell Hammack
GTX Plus Basic - Kan-code (A60QAIT3),166539,won,2026-03-20,2026-06-25,Kan-code,Daniell Hammack
GTX Pro - Mathtouch (RQ3BV2I5),481041,won,2026-03-20,2026-06-24,Mathtouch,Daniell Hammack
GTX Pro - Treequote (W8CSV90F),621909,lost,2026-03-20,2026-05-20,Treequote,Darcel Schlecht
MG Special - Conecom (0W6S0ODT),6321,won,2026-03-20,2026-03-30,Conecom,Gladys Colclough
MG Advanced - Singletechno (408AHOYL),437697,lost,2026-03-20,2026-03-30,Singletechno,Hayden Neloms
GTX Plus Basic - Plusstrip (557JX4BM),141771,won,2026-03-20,2026-06-09,Plusstrip,Hayden Neloms
GTX Pro - Labdrill (QPZFP9WT),621909,lost,2026-03-20,2026-03-31,Labdrill,Kary Hendrixson
MG Advanced - Condax (L5T284M7),437697,lost,2026-03-20,2026-03-30,Condax,Lajuana Vencill
MG Advanced - Konmatfix (G17TENJ4),437697,lost,2026-03-20,2026-06-19,Konmatfix,Marty Freudenburg
GTX Plus Basic - Condax (VRSTX620),120228,won,2026-03-20,2026-03-29,Condax,Niesha Huffines
GTX Basic - Silis (Y9VWZ93C),70950,lost,2026-03-20,2026-03-28,Silis,Reed Clapper
GTX Plus Basic - Donquadtech (Y6IIUECA),113520,won,2026-03-20,2026-03-31,Donquadtech,Reed Clapper
GTX Pro - Ganjaflex (LXWQDEU3),619329,won,2026-03-20,2026-06-15,Ganjaflex,Reed Clapper
MG Special - Konex (P1E4KWF7),7611,won,2026-03-20,2026-03-28,Konex,Rosie Papadopoulos
MG Special - Finhigh (BN84DD6H),7095,lost,2026-03-20,2026-04-01,Finhigh,Versie Hillebrand
MG Special - Ron-tech (R8MZ10BW),6708,won,2026-03-20,2026-06-26,Ron-tech,Versie Hillebrand
MG Advanced - Stanredtax (PI8RROK0),380421,won,2026-03-20,2026-06-18,Stanredtax,Versie Hillebrand
GTX Pro - Doncon (GID40O2B),621909,lost,2026-03-20,2026-04-02,Doncon,Vicki Laflamme
MG Special - Betasoloin (BJOY31DL),7095,qualified,2026-03-20,,Betasoloin,Violet Mclelland
MG Special - Konex (KDRIBXNQ),6450,won,2026-03-20,2026-05-12,Konex,Violet Mclelland
MG Advanced - Plussunin (TCK6V290),498327,won,2026-03-20,2026-03-27,Plussunin,Violet Mclelland
GTX Pro - Kan-code (O9WYT5ST),621909,qualified,2026-03-20,,Kan-code,Zane Levy
GTX Basic - Golddex (VFZ5GB3W),70950,lost,2026-03-20,2026-03-31,Golddex,Zane Levy
MG Special - Stanredtax (UKSS5YPE),8256,won,2026-03-21,2026-03-29,Stanredtax,Anna Snelling
GTX Plus Pro - New prospect (EBLSL27F),707178,qualified,2026-03-21,,,Boris Faz
GTX Pro - New prospect (13FIM9V3),621909,qualified,2026-03-21,,,Corliss Cosme
GTX Plus Basic - Umbrella Corporation (RDDUG8VD),141384,lost,2026-03-21,2026-03-30,Umbrella Corporation,Corliss Cosme
GTX Plus Pro - Kinnamplus (Z3QJESWJ),649902,won,2026-03-21,2026-05-19,Kinnamplus,Corliss Cosme
GTX Pro - Zotware (PYIQ65W0),656352,won,2026-03-21,2026-03-29,Zotware,Corliss Cosme
MG Special - Statholdings (RGRUF328),6192,won,2026-03-21,2026-05-11,Statholdings,Gladys Colclough
GTX Plus Basic - Dalttechnology (TLSSOOVB),141384,lost,2026-03-21,2026-03-31,Dalttechnology,Hayden Neloms
GTX Pro - Betasoloin (74KGIZW4),621909,qualified,2026-03-21,,Betasoloin,Kary Hendrixson
GTX Plus Basic - Green-Plus (2YBEN3MV),141384,lost,2026-03-21,2026-06-05,Green-Plus,Kary Hendrixson
GTX Plus Pro - Lexiqvolax (EFA9E6WV),652224,won,2026-03-21,2026-06-27,Lexiqvolax,Kary Hendrixson
MG Special - Blackzim (YTSX7IW3),7611,won,2026-03-21,2026-03-29,Blackzim,Markita Hansen
GTX Plus Basic - Cheers (86DMJ7GA),141384,lost,2026-03-21,2026-05-17,Cheers,Maureen Marcano
GTX Basic - Faxquote (CMD0758L),72498,won,2026-03-21,2026-05-18,Faxquote,Maureen Marcano
MG Special - Codehow (CM5MFWCO),8127,won,2026-03-21,2026-06-07,Codehow,Moses Frase
MG Advanced - Betatech (0MNAGD91),432795,won,2026-03-21,2026-04-01,Betatech,Moses Frase
MG Special - New prospect (HSYU33MS),7095,qualified,2026-03-21,,,Vicki Laflamme
MG Advanced - Bluth Company (9S749GJD),437697,lost,2026-03-21,2026-04-01,Bluth Company,Violet Mclelland
MG Special - Massive Dynamic (LBZY9VUG),7095,won,2026-03-21,2026-06-14,Massive Dynamic,Violet Mclelland
GTX Plus Pro - Newex (6UUTR15S),523611,won,2026-03-21,2026-06-20,Newex,Zane Levy
MG Advanced - Bubba Gump (DVPYKS4A),437697,lost,2026-03-22,2026-03-31,Bubba Gump,Cassey Cress
GTX Plus Basic - Codehow (9SRU5CI6),145512,won,2026-03-22,2026-05-06,Codehow,Cecily Lampkin
GTX Pro - New prospect (Z6R4KJFU),621909,qualified,2026-03-22,,,Daniell Hammack
GTX Plus Basic - Conecom (GZ5M7MIQ),141384,lost,2026-03-22,2026-03-28,Conecom,Darcel Schlecht
GTX Plus Pro - Ron-tech (CM2GVLV6),714144,won,2026-03-22,2026-04-04,Ron-tech,Darcel Schlecht
GTX Pro - Genco Pura Olive Oil Company (NZB45UZX),640356,won,2026-03-22,2026-05-31,Genco Pura Olive Oil Company,Darcel Schlecht
MG Special - Domzoom (T2J83GFD),6966,won,2026-03-22,2026-03-30,Domzoom,Darcel Schlecht
MG Special - Ron-tech (28S2Z15A),7224,won,2026-03-22,2026-04-29,Ron-tech,Darcel Schlecht
GTX Plus Pro - Vehement Capital Partners (WOJBLO4B),707178,lost,2026-03-22,2026-03-29,Vehement Capital Partners,Donn Cantrell
GTX Pro - Gekko & Co (788SW6EX),621909,lost,2026-03-22,2026-05-16,Gekko & Co,Donn Cantrell
MG Advanced - Zotware (EUOA0E47),441567,won,2026-03-22,2026-04-01,Zotware,Donn Cantrell
MG Special - J-Texon (S9ZUMLSY),7095,lost,2026-03-22,2026-06-10,J-Texon,Elease Gluck
MG Advanced - Umbrella Corporation (0UCQUW6U),437697,lost,2026-03-22,2026-04-03,Umbrella Corporation,Garret Kinder
GTX Plus Pro - Cancity (07FRJ44N),707178,lost,2026-03-22,2026-03-30,Cancity,Gladys Colclough
GTX Plus Basic - Rangreen (NMN9DVEV),142158,won,2026-03-22,2026-06-11,Rangreen,Gladys Colclough
GTX Basic - Goodsilron (95V8BLR2),66951,won,2026-03-22,2026-06-19,Goodsilron,Kami Bicknell
GTX Plus Pro - Hatfan (BDGB4NS0),707178,lost,2026-03-22,2026-03-29,Hatfan,Kary Hendrixson
MG Special - Hatfan (SPHS260Y),7095,lost,2026-03-22,2026-05-24,Hatfan,Kary Hendrixson
GTX Plus Basic - Isdom (O9L7KMPU),141384,lost,2026-03-22,2026-05-24,Isdom,Lajuana Vencill
MG Advanced - Bioholding (FGES2PQ2),437697,lost,2026-03-22,2026-03-31,Bioholding,Lajuana Vencill
GTX Plus Pro - Isdom (81DXTTI5),714144,won,2026-03-22,2026-03-30,Isdom,Lajuana Vencill
GTX Plus Pro - Betatech (JGG9CO2Y),707178,lost,2026-03-22,2026-05-11,Betatech,Marty Freudenburg
GTX Plus Basic - Warephase (95B6AKI1),108231,won,2026-03-22,2026-03-29,Warephase,Marty Freudenburg
GTX Basic - Dalttechnology (N1G2CFCB),64500,won,2026-03-22,2026-06-03,Dalttechnology,Maureen Marcano
MG Advanced - Rangreen (40VSPND6),474591,won,2026-03-22,2026-06-21,Rangreen,Moses Frase
GTX Plus Basic - Treequote (QWYRCDA8),141384,lost,2026-03-22,2026-04-01,Treequote,Niesha Huffines
GTX Pro - Plussunin (00ZD3M4J),621909,lost,2026-03-22,2026-03-31,Plussunin,Reed Clapper
GTX Basic - New prospect (24REVMX7),70950,qualified,2026-03-22,,,Rosalina Dieter
GTX Basic - Ron-tech (AW4PSTWR),70950,qualified,2026-03-22,,Ron-tech,Rosie Papadopoulos
MG Special - Codehow (CJZFFC91),7095,lost,2026-03-22,2026-05-04,Codehow,Versie Hillebrand
GTX Plus Pro - New prospect (2FNTCPOU),707178,qualified,2026-03-22,,,Vicki Laflamme
GTX Pro - New prospect (A8QRKXG3),621909,qualified,2026-03-22,,,Vicki Laflamme
GTX Basic - Scotfind (3PD8YBPK),70950,lost,2026-03-22,2026-03-31,Scotfind,Vicki Laflamme
GTX Plus Pro - Blackzim (KBG5R0WH),707178,lost,2026-03-22,2026-03-29,Blackzim,Vicki Laflamme
MG Advanced - Goodsilron (7RPM84Y4),492135,won,2026-03-22,2026-03-27,Goodsilron,Vicki Laflamme
MG Advanced - Sunnamplex (LFN6XPK7),355137,won,2026-03-22,2026-03-24,Sunnamplex,Vicki Laflamme
MG Special - New prospect (S2SC8AP7),7095,qualified,2026-03-22,,,Violet Mclelland
MG Special - Xx-zobam (18LZY55R),7740,won,2026-03-22,2026-03-29,Xx-zobam,Violet Mclelland
GTX Basic - Kan-code (E88W1Z0H),70950,lost,2026-03-22,2026-03-29,Kan-code,Zane Levy
GTX Plus Basic - Rantouch (UQALCAIV),146673,won,2026-03-22,2026-03-30,Rantouch,Zane Levy
GTX Plus Pro - Yearin (6E2Y3HKI),670929,won,2026-03-23,2026-03-31,Yearin,Boris Faz
GTX Basic - Mathtouch (YWKFH7VT),70950,lost,2026-03-23,2026-06-24,Mathtouch,Cassey Cress
MG Advanced - Bluth Company (MF4299DQ),437697,lost,2026-03-23,2026-03-30,Bluth Company,Cassey Cress
GTX Basic - Toughzap (ZRZI054E),78948,won,2026-03-23,2026-04-02,Toughzap,Cecily Lampkin
GTX Plus Pro - Donquadtech (CN69EYQ1),632745,won,2026-03-23,2026-06-08,Donquadtech,Corliss Cosme
MG Advanced - New prospect (ZT52DT8H),437697,qualified,2026-03-23,,,Daniell Hammack
MG Special - The New York Inquirer (KX80WC22),7095,lost,2026-03-23,2026-04-03,The New York Inquirer,Daniell Hammack
GTX Pro - Streethex (YQ6VELF1),621909,lost,2026-03-23,2026-03-30,Streethex,Darcel Schlecht
GTX Plus Basic - Streethex (NX4ODZY2),132612,won,2026-03-23,2026-05-28,Streethex,Darcel Schlecht
GTX Plus Pro - Codehow (L2QMWU4H),571470,won,2026-03-23,2026-06-09,Codehow,Darcel Schlecht
GTX Plus Basic - Donquadtech (0MPEK4ZA),141384,lost,2026-03-23,2026-06-15,Donquadtech,Donn Cantrell
GTX Plus Basic - Opentech (TP0SU68U),141384,lost,2026-03-23,2026-04-05,Opentech,Donn Cantrell
GTX Pro - Zathunicon (8U7LNL7U),621909,lost,2026-03-23,2026-03-30,Zathunicon,Donn Cantrell
GTX Basic - Bioplex (XVYL67FL),69789,won,2026-03-23,2026-04-02,Bioplex,Donn Cantrell
GTX Pro - Groovestreet (AIN2RE2H),621909,lost,2026-03-23,2026-04-01,Groovestreet,Elease Gluck
GTX Pro - Cancity (G1303HIC),655449,won,2026-03-23,2026-03-29,Cancity,Gladys Colclough
MG Advanced - Rangreen (HVDQ4EEA),448662,won,2026-03-23,2026-03-25,Rangreen,Gladys Colclough
GTX Pro - J-Texon (2RB900SL),714789,won,2026-03-23,2026-06-12,J-Texon,James Ascencio
GTX Basic - Cancity (AUS25SFH),65016,won,2026-03-23,2026-03-30,Cancity,Jonathan Berthelot
GTX Plus Basic - New prospect (ND0OV6MQ),141384,qualified,2026-03-23,,,Kary Hendrixson
GTX Basic - Bioholding (O6DSGX6P),70950,lost,2026-03-23,2026-05-07,Bioholding,Lajuana Vencill
GTX Basic - Dontechi (2MBFRRGW),70950,lost,2026-03-23,2026-03-30,Dontechi,Lajuana Vencill
MG Advanced - Golddex (Q3HYAWDW),495102,won,2026-03-23,2026-05-21,Golddex,Markita Hansen
GTX Plus Pro - Scottech (94TA0AWF),672993,won,2026-03-23,2026-05-23,Scottech,Marty Freudenburg
GTX Plus Pro - Streethex (G1XX0IB4),539349,won,2026-03-23,2026-04-01,Streethex,Marty Freudenburg
GTX Basic - Hatfan (VIMY08JH),66822,won,2026-03-23,2026-04-02,Hatfan,Maureen Marcano
GTX Basic - Streethex (WPTNE0QN),68757,won,2026-03-23,2026-06-14,Streethex,Moses Frase
MG Advanced - Singletechno (DLGW8Y7B),497295,won,2026-03-23,2026-04-30,Singletechno,Rosalina Dieter
GTX Basic - Plusstrip (YSOUU0T0),70950,lost,2026-03-23,2026-04-03,Plusstrip,Vicki Laflamme
GTX Pro - Plussunin (23NAJF9W),621909,qualified,2026-03-23,,Plussunin,Zane Levy
GTX Basic - Nam-zim (HM4TKVET),79593,won,2026-03-23,2026-03-31,Nam-zim,Zane Levy
GTX Plus Basic - Warephase (Q81Q0PJK),127839,won,2026-03-24,2026-04-02,Warephase,Anna Snelling
GTX Pro - Opentech (3BEPEWRS),621909,lost,2026-03-24,2026-05-21,Opentech,Cassey Cress
GTX Basic - Domzoom (Y5HR9J3G),66177,won,2026-03-24,2026-04-28,Domzoom,Cecily Lampkin
GTX Plus Pro - Ganjaflex (STYLQ47K),660609,won,2026-03-24,2026-04-03,Ganjaflex,Corliss Cosme
GTX Pro - New prospect (HTF7TYQS),621909,qualified,2026-03-24,,,Daniell Hammack
MG Advanced - Kan-code (W07JMUG9),437697,lost,2026-03-24,2026-03-28,Kan-code,Daniell Hammack
GTX Basic - Condax (L8CG1IQO),70950,lost,2026-03-24,2026-04-02,Condax,Darcel Schlecht
GTX Pro - Zumgoity (6CFONO4W),597915,won,2026-03-24,2026-04-02,Zumgoity,Darcel Schlecht
GTX Plus Pro - Zotware (AMGC18DS),707178,lost,2026-03-24,2026-06-05,Zotware,Donn Cantrell
GTX Basic - Iselectrics (RKT3WVBC),60630,won,2026-03-24,2026-06-17,Iselectrics,Garret Kinder
MG Special - Isdom (H5ZSM3IR),7095,lost,2026-03-24,2026-05-29,Isdom,Gladys Colclough
GTX Plus Pro - Treequote (07WKR17A),798897,won,2026-03-24,2026-06-14,Treequote,Gladys Colclough
GTX Pro - Faxquote (7GM1XD9W),551733,won,2026-03-24,2026-06-13,Faxquote,James Ascencio
MG Special - Blackzim (QM6GJ78P),7611,won,2026-03-24,2026-04-03,Blackzim,Kami Bicknell
GTX Pro - Xx-holding (L582YMSV),621909,lost,2026-03-24,2026-06-05,Xx-holding,Kary Hendrixson
GTX Basic - Condax (EQS3UNXX),70950,lost,2026-03-24,2026-04-02,Condax,Markita Hansen
GTX Pro - Green-Plus (DZR5L7XQ),621909,lost,2026-03-24,2026-04-01,Green-Plus,Markita Hansen
GTX Plus Basic - Globex Corporation (DQ0DSK7P),151704,won,2026-03-24,2026-03-29,Globex Corporation,Marty Freudenburg
GTX Plus Pro - Finhigh (CGEXH2QO),707178,lost,2026-03-24,2026-04-04,Finhigh,Moses Frase
GTX Basic - Statholdings (MIX6JTSN),69789,won,2026-03-24,2026-04-01,Statholdings,Moses Frase
GTX Plus Pro - Domzoom (9KYX5G9K),614814,won,2026-03-24,2026-03-28,Domzoom,Niesha Huffines
MG Advanced - Iselectrics (FG29YOWT),437697,lost,2026-03-24,2026-06-03,Iselectrics,Reed Clapper
GTX Pro - Vehement Capital Partners (KWYKKVJC),617265,won,2026-03-24,2026-03-28,Vehement Capital Partners,Reed Clapper
MG Advanced - Rangreen (T7TDUK3T),392934,won,2026-03-24,2026-06-09,Rangreen,Versie Hillebrand
MG Advanced - Ron-tech (42YPT5L7),457692,won,2026-03-24,2026-03-31,Ron-tech,Versie Hillebrand
MG Advanced - Rantouch (99I4V65G),437697,lost,2026-03-24,2026-04-02,Rantouch,Vicki Laflamme
MG Advanced - Rantouch (ACZQMAR4),466335,won,2026-03-24,2026-04-03,Rantouch,Vicki Laflamme
GTX Pro - New prospect (R443AUAG),621909,qualified,2026-03-24,,,Violet Mclelland
GTX Basic - Genco Pura Olive Oil Company (TP9IE6PV),81399,won,2026-03-25,2026-06-08,Genco Pura Olive Oil Company,Anna Snelling
GTX Basic - Kan-code (E5CD0W5M),70950,lost,2026-03-25,2026-03-28,Kan-code,Cassey Cress
GTX Basic - Hottechi (HKH717ED),70950,lost,2026-03-25,2026-05-08,Hottechi,Cecily Lampkin
MG Special - Genco Pura Olive Oil Company (DAW2JTP5),7095,lost,2026-03-25,2026-04-03,Genco Pura Olive Oil Company,Cecily Lampkin
GTX Pro - Massive Dynamic (HBMOSBAK),621909,lost,2026-03-25,2026-05-11,Massive Dynamic,Daniell Hammack
GTX Pro - Condax (V0V6O05H),621909,lost,2026-03-25,2026-04-03,Condax,Darcel Schlecht
GTX Pro - Stanredtax (3DY60YA7),621909,lost,2026-03-25,2026-04-02,Stanredtax,Darcel Schlecht
GTX Pro - Streethex (8H19L55Y),536898,won,2026-03-25,2026-04-03,Streethex,Darcel Schlecht
MG Special - Toughzap (TPNU79C1),6966,won,2026-03-25,2026-06-26,Toughzap,Darcel Schlecht
GTX Pro - Iselectrics (TFQR150O),653256,won,2026-03-25,2026-03-29,Iselectrics,Donn Cantrell
MG Advanced - Kan-code (9MM27P8C),437697,lost,2026-03-25,2026-04-03,Kan-code,Elease Gluck
GTX Plus Basic - Konmatfix (MMWD47ZY),141384,lost,2026-03-25,2026-05-26,Konmatfix,Gladys Colclough
MG Special - Konmatfix (JFIBKWMQ),7095,lost,2026-03-25,2026-04-05,Konmatfix,Gladys Colclough
MG Advanced - Conecom (6FUPOO3I),498585,won,2026-03-25,2026-04-03,Conecom,Gladys Colclough
MG Advanced - Konex (29VR6EL4),437697,lost,2026-03-25,2026-06-11,Konex,Hayden Neloms
GTX Pro - Plexzap (L45N3D2E),621909,lost,2026-03-25,2026-03-31,Plexzap,James Ascencio
GTX Basic - Xx-holding (K1OBT27J),71337,won,2026-03-25,2026-05-07,Xx-holding,James Ascencio
GTX Plus Basic - Finhigh (OZL7CDMQ),141384,lost,2026-03-25,2026-03-30,Finhigh,Jonathan Berthelot
MG Advanced - Dontechi (LZ6PSZ4T),437697,lost,2026-03-25,2026-04-01,Dontechi,Jonathan Berthelot
GTX Basic - Ron-tech (5CFCTZ5K),64629,won,2026-03-25,2026-05-30,Ron-tech,Jonathan Berthelot
GTX Basic - J-Texon (EG5M02ZV),69531,won,2026-03-25,2026-06-24,J-Texon,Kary Hendrixson
GTX Plus Basic - Singletechno (5UKQ16DK),132612,won,2026-03-25,2026-03-31,Singletechno,Kary Hendrixson
GTX Pro - Nam-zim (C9M5B1N6),509679,won,2026-03-25,2026-06-10,Nam-zim,Kary Hendrixson
GTX Basic - Finhigh (ZS4PKX65),72240,won,2026-03-25,2026-05-08,Finhigh,Lajuana Vencill
GTX Plus Pro - Goodsilron (PYLS9RJH),707178,lost,2026-03-25,2026-04-01,Goodsilron,Markita Hansen
GTX Plus Pro - Betatech (X2ZONP2D),707178,lost,2026-03-25,2026-05-21,Betatech,Moses Frase
GTX Basic - Isdom (Y5CP83V4),68370,won,2026-03-25,2026-06-27,Isdom,Moses Frase
MG Advanced - New prospect (V71FMJBD),437697,qualified,2026-03-25,,,Rosie Papadopoulos
GTX Basic - Dontechi (9Y2HDGST),59598,won,2026-03-25,2026-03-29,Dontechi,Versie Hillebrand
GTX Plus Basic - Blackzim (7R0G2LC1),156219,won,2026-03-25,2026-06-04,Blackzim,Vicki Laflamme
GTX Pro - Scotfind (8FX574BJ),550056,won,2026-03-25,2026-03-30,Scotfind,Vicki Laflamme
MG Advanced - Faxquote (AU5Q1XCW),400416,won,2026-03-25,2026-06-06,Faxquote,Vicki Laflamme
MG Advanced - Nam-zim (SZAMHBGA),437697,qualified,2026-03-25,,Nam-zim,Violet Mclelland
MG Special - Gekko & Co (CUMYWQYP),7224,won,2026-03-25,2026-06-27,Gekko & Co,Violet Mclelland
GTX Plus Basic - Betatech (29ZDUK49),135063,won,2026-03-26,2026-04-06,Betatech,Anna Snelling
MG Advanced - Iselectrics (VLVP8FPJ),437697,lost,2026-03-26,2026-04-04,Iselectrics,Cassey Cress
GTX Plus Basic - New prospect (ZD1X3R4G),141384,qualified,2026-03-26,,,Corliss Cosme
GTX Pro - Statholdings (SNGS64S7),621909,lost,2026-03-26,2026-04-02,Statholdings,Darcel Schlecht
GTX Pro - Warephase (CMCVD0N8),686409,won,2026-03-26,2026-04-04,Warephase,Darcel Schlecht
MG Special - Globex Corporation (NNKWGFDH),7353,won,2026-03-26,2026-04-02,Globex Corporation,Darcel Schlecht
GTX Plus Basic - Kan-code (YC6QEUJN),122550,won,2026-03-26,2026-04-04,Kan-code,Garret Kinder
MG Special - Mathtouch (794XWMYE),7869,won,2026-03-26,2026-06-04,Mathtouch,Garret Kinder
MG Special - Xx-zobam (FHK0BBGK),7998,won,2026-03-26,2026-04-04,Xx-zobam,Garret Kinder
GTX Plus Basic - Isdom (461LIUS7),142545,won,2026-03-26,2026-04-03,Isdom,Gladys Colclough
GTX Plus Basic - Ron-tech (Y9SCLUH8),107715,won,2026-03-26,2026-05-30,Ron-tech,Jonathan Berthelot
GTX Plus Basic - Rantouch (J75Y9C75),142416,won,2026-03-26,2026-05-25,Rantouch,Kami Bicknell
MG Advanced - Kan-code (PUP6JDT9),446856,won,2026-03-26,2026-06-09,Kan-code,Kami Bicknell
GTX Basic - New prospect (EMUG64GW),70950,qualified,2026-03-26,,,Kary Hendrixson
GTX Basic - Sonron (88AA2RK1),70950,lost,2026-03-26,2026-04-02,Sonron,Kary Hendrixson
MG Special - Scottech (4F222JU9),7095,lost,2026-03-26,2026-05-28,Scottech,Lajuana Vencill
MG Advanced - Streethex (CBYRECX6),437697,lost,2026-03-26,2026-04-02,Streethex,Lajuana Vencill
GTX Pro - New prospect (XYRO1TLJ),621909,qualified,2026-03-26,,,Markita Hansen
GTX Basic - Hottechi (QXT65QTI),70950,lost,2026-03-26,2026-04-06,Hottechi,Markita Hansen
MG Special - Condax (8RTR1VMP),7095,lost,2026-03-26,2026-04-02,Condax,Markita Hansen
MG Special - Singletechno (T7RA32XV),7095,lost,2026-03-26,2026-04-02,Singletechno,Markita Hansen
GTX Pro - Dalttechnology (8IYVJKT4),621909,lost,2026-03-26,2026-04-06,Dalttechnology,Maureen Marcano
MG Advanced - Rundofase (G087QT6R),474204,won,2026-03-26,2026-04-02,Rundofase,Moses Frase
GTX Pro - Konmatfix (JT1UUOXN),621909,lost,2026-03-26,2026-04-04,Konmatfix,Niesha Huffines
GTX Basic - Treequote (PUTILZZG),73272,won,2026-03-26,2026-05-06,Treequote,Niesha Huffines
GTX Pro - Plussunin (QU7MSL36),623973,won,2026-03-26,2026-04-05,Plussunin,Reed Clapper
GTX Pro - Sonron (FEGSJ8QI),636744,won,2026-03-26,2026-05-16,Sonron,Rosalina Dieter
MG Special - Groovestreet (1SKIPYI7),7095,won,2026-03-26,2026-05-31,Groovestreet,Rosalina Dieter
GTX Basic - Konmatfix (66Q03Q2P),60114,won,2026-03-26,2026-04-06,Konmatfix,Versie Hillebrand
MG Advanced - New prospect (T4FR3FAC),437697,qualified,2026-03-26,,,Vicki Laflamme
MG Special - Finjob (Z1NWKS9A),7095,lost,2026-03-26,2026-04-01,Finjob,Vicki Laflamme
GTX Pro - Newex (ZZCKQ2JV),626424,won,2026-03-26,2026-03-31,Newex,Vicki Laflamme
MG Advanced - Plexzap (F3G00C56),459498,won,2026-03-26,2026-04-04,Plexzap,Vicki Laflamme
GTX Pro - Mathtouch (9824T94P),665511,won,2026-03-26,2026-04-05,Mathtouch,Violet Mclelland
MG Advanced - Kinnamplus (B8TD9HCN),409188,won,2026-03-26,2026-04-07,Kinnamplus,Violet Mclelland
MG Advanced - Kinnamplus (PEFTXK4Q),432150,won,2026-03-26,2026-06-07,Kinnamplus,Wilburn Farren
GTX Basic - Goodsilron (LUIEQRMQ),76755,won,2026-03-26,2026-04-06,Goodsilron,Zane Levy
GTX Basic - Betatech (8QOUXQEV),72240,won,2026-03-27,2026-06-24,Betatech,Anna Snelling
GTX Plus Basic - New prospect (BMH2FEGF),141384,qualified,2026-03-27,,,Boris Faz
GTX Plus Basic - Yearin (6SC26SGG),150543,won,2026-03-27,2026-03-29,Yearin,Boris Faz
GTX Plus Pro - Initech (GITEQ8VZ),707178,lost,2026-03-27,2026-04-06,Initech,Cassey Cress
MG Advanced - Betasoloin (2Y9R7T2W),423120,won,2026-03-27,2026-06-23,Betasoloin,Cassey Cress
MG Advanced - Genco Pura Olive Oil Company (8U5GBXK1),442083,won,2026-03-27,2026-06-12,Genco Pura Olive Oil Company,Cecily Lampkin
GTX Basic - Silis (THI3LNT0),70950,lost,2026-03-27,2026-04-08,Silis,Corliss Cosme
GTX Plus Basic - Plussunin (KTLIR2ZX),141384,lost,2026-03-27,2026-04-04,Plussunin,Daniell Hammack
GTX Plus Basic - Iselectrics (G2EECJNG),121260,won,2026-03-27,2026-06-24,Iselectrics,Daniell Hammack
GTX Basic - Warephase (UZN5JBF3),72885,won,2026-03-27,2026-06-26,Warephase,Darcel Schlecht
GTX Pro - Conecom (2CZVRGQ4),612621,won,2026-03-27,2026-04-02,Conecom,Darcel Schlecht
MG Special - Labdrill (K5D2IP27),6579,won,2026-03-27,2026-04-05,Labdrill,Elease Gluck
MG Special - Statholdings (PTKOWYW6),7095,lost,2026-03-27,2026-05-25,Statholdings,Gladys Colclough
GTX Plus Basic - New prospect (3T23AW36),141384,qualified,2026-03-27,,,James Ascencio
GTX Pro - Y-corporation (G3DIX74Y),621909,lost,2026-03-27,2026-04-04,Y-corporation,James Ascencio
GTX Basic - Warephase (4F8MNVNP),70950,lost,2026-03-27,2026-04-03,Warephase,Jonathan Berthelot
MG Special - Doncon (7UL8T1BZ),7095,lost,2026-03-27,2026-03-28,Doncon,Markita Hansen
MG Advanced - Konmatfix (4HP16LRH),477171,won,2026-03-27,2026-04-05,Konmatfix,Marty Freudenburg
GTX Plus Pro - Cheers (MNTHSHH6),762261,won,2026-03-27,2026-04-03,Cheers,Maureen Marcano
GTX Basic - Condax (Q7C5MJ4W),70950,lost,2026-03-27,2026-07-29,Condax,Moses Frase
GTX Pro - Dontechi (ON9H54WD),621909,lost,2026-03-27,2026-03-28,Dontechi,Niesha Huffines
GTX Plus Pro - Condax (8M3H9UME),707178,lost,2026-03-27,2026-04-03,Condax,Reed Clapper
GTX Plus Pro - Massive Dynamic (5J1C46RJ),764583,won,2026-03-27,2026-06-16,Massive Dynamic,Reed Clapper
MG Special - Bluth Company (0BSYDRMT),7740,won,2026-03-27,2026-06-15,Bluth Company,Reed Clapper
MG Advanced - Zencorporation (NKERC6IA),432279,won,2026-03-27,2026-04-07,Zencorporation,Reed Clapper
MG Special - Nam-zim (H6AN87LE),8256,won,2026-03-27,2026-04-05,Nam-zim,Rosalina Dieter
MG Advanced - Donquadtech (1SSFC7XZ),437697,lost,2026-03-27,2026-03-29,Donquadtech,Rosie Papadopoulos
MG Special - dambase (0XK80WX8),6063,won,2026-03-27,2026-04-07,dambase,Versie Hillebrand
MG Special - Dontechi (X4ARE2PT),6837,won,2026-03-27,2026-03-28,Dontechi,Versie Hillebrand
GTX Basic - Y-corporation (KCIFANLK),70950,lost,2026-03-27,2026-04-08,Y-corporation,Vicki Laflamme
GTX Basic - Acme Corporation (J7U29ZM5),70950,lost,2026-03-27,2026-06-20,Acme Corporation,Violet Mclelland
GTX Plus Basic - Streethex (JUHQ1POT),141384,qualified,2026-03-28,,Streethex,Boris Faz
GTX Plus Basic - Acme Corporation (3KVXBQ5V),141384,lost,2026-03-28,2026-05-12,Acme Corporation,Boris Faz
GTX Plus Pro - Globex Corporation (7T9J42UX),566439,won,2026-03-28,2026-04-07,Globex Corporation,Cecily Lampkin
GTX Plus Pro - New prospect (FOJG3OCO),707178,qualified,2026-03-28,,,Corliss Cosme
MG Advanced - New prospect (04SCU6DK),437697,qualified,2026-03-28,,,Corliss Cosme
GTX Plus Basic - Statholdings (2J649YC5),168732,won,2026-03-28,2026-04-07,Statholdings,Darcel Schlecht
GTX Pro - Rangreen (9N66Q1VO),630552,won,2026-03-28,2026-06-20,Rangreen,Darcel Schlecht
GTX Basic - Condax (ZWXKCHOO),69015,won,2026-03-28,2026-06-22,Condax,Donn Cantrell
GTX Plus Pro - Dalttechnology (I8OUZNDS),707178,lost,2026-03-28,2026-07-31,Dalttechnology,Elease Gluck
MG Special - Betasoloin (CJZLM3WA),7095,lost,2026-03-28,2026-06-13,Betasoloin,Garret Kinder
MG Advanced - Isdom (4QTD5X53),419508,won,2026-03-28,2026-04-02,Isdom,Gladys Colclough
GTX Plus Basic - New prospect (AR33M33M),141384,qualified,2026-03-28,,,Hayden Neloms
GTX Basic - Hottechi (LQXWWZGN),70950,lost,2026-03-28,2026-03-30,Hottechi,Jonathan Berthelot
MG Special - Toughzap (NT510FGZ),7095,lost,2026-03-28,2026-05-24,Toughzap,Jonathan Berthelot
GTX Basic - Scottech (2IQ0ZY9W),74046,won,2026-03-28,2026-04-07,Scottech,Jonathan Berthelot
GTX Plus Basic - Codehow (N3TUSU37),130548,won,2026-03-28,2026-05-08,Codehow,Jonathan Berthelot
GTX Pro - Dalttechnology (VSYO182N),621909,qualified,2026-03-28,,Dalttechnology,Kary Hendrixson
GTX Basic - Dalttechnology (O6LVMQ5R),74304,won,2026-03-28,2026-04-03,Dalttechnology,Kary Hendrixson
MG Advanced - Isdom (072ELFQF),437697,lost,2026-03-28,2026-03-30,Isdom,Lajuana Vencill
MG Special - Sonron (CDFKC6E0),7095,lost,2026-03-28,2026-03-30,Sonron,Markita Hansen
MG Advanced - Hottechi (Z005FB1N),437697,lost,2026-03-28,2026-04-04,Hottechi,Markita Hansen
GTX Basic - J-Texon (LYAFXO9B),76368,won,2026-03-28,2026-04-08,J-Texon,Markita Hansen
GTX Pro - Doncon (SNY2UWJ2),626811,won,2026-03-28,2026-04-05,Doncon,Markita Hansen
MG Special - Green-Plus (UFIAFP10),6450,won,2026-03-28,2026-03-29,Green-Plus,Markita Hansen
MG Advanced - Konex (MG7CZFIG),416025,won,2026-03-28,2026-06-27,Konex,Markita Hansen
GTX Plus Pro - Stanredtax (H4U50AEW),699438,won,2026-03-28,2026-04-05,Stanredtax,Marty Freudenburg
MG Advanced - Domzoom (8PU9FIQS),471753,won,2026-03-28,2026-04-07,Domzoom,Marty Freudenburg
GTX Plus Basic - Fasehatice (FBQN3UM3),141384,lost,2026-03-28,2026-04-03,Fasehatice,Maureen Marcano
GTX Plus Pro - Goodsilron (MJ12SZ89),641646,won,2026-03-28,2026-04-06,Goodsilron,Maureen Marcano
GTX Pro - Lexiqvolax (B6F9PSRN),604881,won,2026-03-28,2026-05-04,Lexiqvolax,Maureen Marcano
GTX Plus Basic - Toughzap (RLDIPPFT),141384,lost,2026-03-28,2026-04-06,Toughzap,Niesha Huffines
MG Special - Warephase (TKKSOBRC),6450,won,2026-03-28,2026-04-08,Warephase,Niesha Huffines
GTX Pro - Mathtouch (FCWU08BA),621909,lost,2026-03-28,2026-03-30,Mathtouch,Reed Clapper
GTX Pro - Kan-code (AX63HIS9),594819,won,2026-03-28,2026-05-20,Kan-code,Reed Clapper
MG Advanced - New prospect (BCA6Y34B),437697,qualified,2026-03-28,,,Rosie Papadopoulos
MG Advanced - Stanredtax (1F8MPXZQ),437697,lost,2026-03-28,2026-04-09,Stanredtax,Versie Hillebrand
GTX Basic - New prospect (H9N9DP3D),70950,qualified,2026-03-28,,,Vicki Laflamme
GTX Basic - Kan-code (YY3ACGA2),73659,won,2026-03-28,2026-04-07,Kan-code,Vicki Laflamme
MG Special - Umbrella Corporation (6MQA3YYW),7095,lost,2026-03-28,2026-03-30,Umbrella Corporation,Violet Mclelland
GTX Plus Pro - Betasoloin (IM5AGXLX),707178,lost,2026-03-28,2026-05-03,Betasoloin,Wilburn Farren
GTX Plus Basic - Bioholding (313EIVW4),141384,lost,2026-03-29,2026-04-06,Bioholding,Anna Snelling
MG Advanced - Stanredtax (NNAYAA7T),437697,lost,2026-03-29,2026-04-09,Stanredtax,Anna Snelling
GTX Plus Basic - Statholdings (019I751P),152220,won,2026-03-29,2026-04-05,Statholdings,Anna Snelling
GTX Pro - New prospect (WQAKXOYU),621909,qualified,2026-03-29,,,Boris Faz
GTX Plus Pro - Vehement Capital Partners (5TRALM9T),707178,lost,2026-03-29,2026-06-14,Vehement Capital Partners,Boris Faz
GTX Basic - Bioplex (LWC0UJWD),70950,lost,2026-03-29,2026-03-30,Bioplex,Cassey Cress
GTX Plus Pro - Zathunicon (PI0FYKXU),680346,won,2026-03-29,2026-03-31,Zathunicon,Cassey Cress
GTX Basic - Rundofase (I7QSO0VZ),61920,won,2026-03-29,2026-03-31,Rundofase,Cecily Lampkin
GTX Pro - New prospect (HAUB1NBF),621909,qualified,2026-03-29,,,Corliss Cosme
GTX Pro - Ontomedia (5AU1SJA7),623070,won,2026-03-29,2026-04-04,Ontomedia,Corliss Cosme
GTX Plus Basic - Condax (Z9S1ZX7W),141384,qualified,2026-03-29,,Condax,Daniell Hammack
GTX Plus Pro - Bluth Company (S9N98QU9),707178,lost,2026-03-29,2026-03-30,Bluth Company,Daniell Hammack
GTX Plus Pro - Finhigh (A9Q7ERA4),687957,won,2026-03-29,2026-03-31,Finhigh,Darcel Schlecht
MG Special - New prospect (HLDA8IA1),7095,qualified,2026-03-29,,,Elease Gluck
MG Advanced - Condax (RY8Z6RH2),437697,lost,2026-03-29,2026-04-07,Condax,Elease Gluck
GTX Plus Pro - Stanredtax (9J8O59QW),707178,lost,2026-03-29,2026-05-21,Stanredtax,Gladys Colclough
MG Advanced - Codehow (KWVYR0LQ),437697,lost,2026-03-29,2026-03-30,Codehow,Gladys Colclough
GTX Plus Pro - Hatfan (0D95JSVW),798768,won,2026-03-29,2026-06-13,Hatfan,James Ascencio
GTX Pro - New prospect (4EGO7VCJ),621909,qualified,2026-03-29,,,Kami Bicknell
GTX Basic - Rantouch (74JAOLQU),70950,lost,2026-03-29,2026-05-13,Rantouch,Kami Bicknell
GTX Basic - Plexzap (CMLYDJFN),63210,won,2026-03-29,2026-05-08,Plexzap,Kami Bicknell
GTX Plus Basic - Betasoloin (HIV4W2E0),141384,qualified,2026-03-29,,Betasoloin,Kary Hendrixson
GTX Basic - Ron-tech (TFQEGZ1X),70950,lost,2026-03-29,2026-03-31,Ron-tech,Lajuana Vencill
GTX Basic - Konex (5COSD90U),70950,lost,2026-03-29,2026-04-05,Konex,Markita Hansen
GTX Plus Basic - Funholding (6TBAKLMX),149253,won,2026-03-29,2026-06-20,Funholding,Niesha Huffines
MG Advanced - Fasehatice (B50V1XGA),437697,lost,2026-03-29,2026-05-28,Fasehatice,Vicki Laflamme
MG Advanced - Lexiqvolax (SOW7H1RP),437697,lost,2026-03-29,2026-03-30,Lexiqvolax,Vicki Laflamme
MG Special - Yearin (OHJGW03I),7095,won,2026-03-29,2026-04-09,Yearin,Violet Mclelland
MG Advanced - Sunnamplex (R6KPUAH7),437697,lost,2026-03-29,2026-04-02,Sunnamplex,Zane Levy
GTX Pro - Doncon (AJQC76NI),600495,won,2026-03-29,2026-05-23,Doncon,Zane Levy
GTX Pro - Massive Dynamic (PH5GSB37),752457,won,2026-03-30,2026-05-23,Massive Dynamic,Boris Faz
MG Special - Condax (9OLZU3WB),6063,won,2026-03-30,2026-06-20,Condax,Cecily Lampkin
MG Special - Warephase (JDXET5H9),6579,won,2026-03-30,2026-05-28,Warephase,Cecily Lampkin
GTX Pro - Inity (8RE1600O),621909,lost,2026-03-30,2026-03-31,Inity,Darcel Schlecht
MG Advanced - Gogozoom (NGMC9NSG),437697,lost,2026-03-30,2026-04-08,Gogozoom,Darcel Schlecht
GTX Basic - Initech (G6FKELQV),70950,lost,2026-03-30,2026-06-22,Initech,Donn Cantrell
GTX Plus Pro - Plussunin (IKNMU8HM),707178,lost,2026-03-30,2026-06-07,Plussunin,Donn Cantrell
GTX Basic - Kan-code (AHIDE6VS),69660,won,2026-03-30,2026-04-08,Kan-code,Donn Cantrell
GTX Plus Pro - Konex (YZJLPVJG),634035,won,2026-03-30,2026-03-31,Konex,Donn Cantrell
GTX Plus Pro - Rantouch (GOSCKNUX),707178,lost,2026-03-30,2026-03-31,Rantouch,James Ascencio
GTX Plus Pro - Singletechno (GC3IVG7S),707178,lost,2026-03-30,2026-04-01,Singletechno,James Ascencio
GTX Plus Pro - Sunnamplex (S81YI4QH),707178,lost,2026-03-30,2026-04-06,Sunnamplex,James Ascencio
GTX Plus Pro - Lexiqvolax (M3MJY0CK),863397,won,2026-03-30,2026-06-24,Lexiqvolax,James Ascencio
MG Advanced - Hottechi (H2HNTSIP),400029,won,2026-03-30,2026-04-01,Hottechi,Jonathan Berthelot
GTX Plus Basic - Y-corporation (8APZZ20T),141384,lost,2026-03-30,2026-05-12,Y-corporation,Kami Bicknell
MG Special - Hatfan (RABLXW5E),7224,won,2026-03-30,2026-05-30,Hatfan,Kami Bicknell
GTX Basic - New prospect (35LLMROC),70950,qualified,2026-03-30,,,Kary Hendrixson
GTX Plus Basic - Cheers (TJTOVN5K),120615,won,2026-03-30,2026-04-08,Cheers,Kary Hendrixson
GTX Plus Basic - Singletechno (1IG94UUQ),146157,won,2026-03-30,2026-04-09,Singletechno,Kary Hendrixson
GTX Pro - Y-corporation (MN8UHP5B),632616,won,2026-03-30,2026-05-09,Y-corporation,Kary Hendrixson
MG Advanced - Bioholding (D7JDQB12),368553,won,2026-03-30,2026-06-20,Bioholding,Lajuana Vencill
MG Advanced - Dontechi (GWI45VGH),402222,won,2026-03-30,2026-05-30,Dontechi,Lajuana Vencill
GTX Plus Basic - Funholding (G3TZD0CB),155316,won,2026-03-30,2026-04-07,Funholding,Marty Freudenburg
MG Advanced - Y-corporation (1PAPS9QO),437697,lost,2026-03-30,2026-04-05,Y-corporation,Maureen Marcano
GTX Basic - Conecom (WXCEZ7JY),48504,won,2026-03-30,2026-06-03,Conecom,Moses Frase
GTX Basic - Toughzap (WR45SVGN),65919,won,2026-03-30,2026-07-30,Toughzap,Versie Hillebrand
GTX Basic - Lexiqvolax (WAFSPTW6),63339,won,2026-03-30,2026-04-10,Lexiqvolax,Vicki Laflamme
MG Special - Donware (5FYPINRL),7095,lost,2026-03-30,2026-04-12,Donware,Violet Mclelland
MG Advanced - Betasoloin (VLPSQ076),437697,lost,2026-03-30,2026-04-08,Betasoloin,Wilburn Farren
MG Advanced - Donquadtech (3AX6QBR3),400029,won,2026-03-30,2026-06-04,Donquadtech,Wilburn Farren
MG Special - Y-corporation (ZY3AVAK0),7095,lost,2026-03-30,2026-05-19,Y-corporation,Zane Levy
GTX Plus Pro - Cancity (FVCL72VU),707178,lost,2026-03-31,2026-04-10,Cancity,Anna Snelling
MG Special - Dontechi (24OSGLGF),7224,won,2026-03-31,2026-04-02,Dontechi,Anna Snelling
GTX Plus Pro - Scottech (49T60OCI),707178,qualified,2026-03-31,,Scottech,Cassey Cress
GTX Basic - Opentech (31NQQEEO),70950,lost,2026-03-31,2026-06-08,Opentech,Cassey Cress
GTX Plus Basic - Inity (ADRU5BLP),141384,lost,2026-03-31,2026-04-08,Inity,Darcel Schlecht
GTX Plus Basic - Ron-tech (AUPXRV8O),167700,won,2026-03-31,2026-06-02,Ron-tech,Darcel Schlecht
GTX Pro - Rundofase (CI00UV0Y),586176,won,2026-03-31,2026-04-01,Rundofase,Darcel Schlecht
GTX Basic - Mathtouch (VH3C0A8F),70950,lost,2026-03-31,2026-04-01,Mathtouch,Donn Cantrell
GTX Basic - Plussunin (1E5MFGR7),70950,lost,2026-03-31,2026-06-23,Plussunin,Donn Cantrell
GTX Basic - Betasoloin (TS2JEK3E),68499,won,2026-03-31,2026-06-20,Betasoloin,Donn Cantrell
GTX Pro - Bubba Gump (4R0TB2CL),602301,won,2026-03-31,2026-04-09,Bubba Gump,Donn Cantrell
MG Special - Inity (5OJ3QR1W),7095,lost,2026-03-31,2026-07-31,Inity,Gladys Colclough
GTX Pro - Goodsilron (R162LSFR),621909,lost,2026-03-31,2026-04-02,Goodsilron,Kami Bicknell
MG Advanced - New prospect (W07RZO17),437697,qualified,2026-03-31,,,Kary Hendrixson
GTX Basic - Dalttechnology (X7J3O7TC),70950,lost,2026-03-31,2026-04-07,Dalttechnology,Kary Hendrixson
GTX Plus Basic - Green-Plus (Q7RV0YW6),141384,lost,2026-03-31,2026-04-06,Green-Plus,Kary Hendrixson
GTX Basic - Plexzap (S5E8MBO3),70950,lost,2026-03-31,2026-06-16,Plexzap,Markita Hansen
MG Special - New prospect (UGB3A3CE),7095,qualified,2026-03-31,,,Maureen Marcano
MG Special - Hottechi (QE6A49LE),7095,lost,2026-03-31,2026-04-07,Hottechi,Moses Frase
GTX Basic - Domzoom (XGMMHWZC),61275,won,2026-03-31,2026-06-22,Domzoom,Moses Frase
GTX Plus Basic - Ron-tech (7MK55ULJ),142158,won,2026-03-31,2026-04-01,Ron-tech,Moses Frase
MG Special - Zumgoity (0VZIDVCC),7095,won,2026-03-31,2026-04-05,Zumgoity,Moses Frase
GTX Basic - Treequote (D1XYQH35),70950,lost,2026-03-31,2026-04-11,Treequote,Niesha Huffines
MG Special - Scottech (XAR2VX09),7095,lost,2026-03-31,2026-04-02,Scottech,Versie Hillebrand
MG Special - Cancity (YTQH4YM9),8127,won,2026-03-31,2026-04-01,Cancity,Versie Hillebrand
MG Advanced - Kan-code (KMLW6GXY),437697,lost,2026-03-31,2026-04-08,Kan-code,Vicki Laflamme
GTX Plus Pro - Plusstrip (IG734VZK),770259,won,2026-03-31,2026-04-10,Plusstrip,Vicki Laflamme
GTX Plus Pro - Ganjaflex (W3C2KLXD),736590,won,2026-03-31,2026-05-24,Ganjaflex,Wilburn Farren
GTX Pro - Rantouch (8Z1SIQSI),621909,lost,2026-03-31,2026-04-05,Rantouch,Zane Levy
MG Special - Plexzap (IZJR1WDM),6708,won,2026-03-31,2026-06-18,Plexzap,Zane Levy
GTX Basic - Domzoom (5MRPZ44K),67338,won,2026-04-01,2026-05-25,Domzoom,Anna Snelling
GTX Basic - New prospect (AWORM94L),70950,qualified,2026-04-01,,,Cassey Cress
GTX Plus Basic - Iselectrics (W0LFL18P),141384,lost,2026-04-01,2026-04-08,Iselectrics,Cassey Cress
GTX Plus Pro - Zathunicon (5H9ELV2H),707178,lost,2026-04-01,2026-04-09,Zathunicon,Cassey Cress
GTX Plus Basic - Betasoloin (KDDN1E4O),143061,won,2026-04-01,2026-04-10,Betasoloin,Cassey Cress
MG Advanced - The New York Inquirer (S8JALB62),452532,won,2026-04-01,2026-04-02,The New York Inquirer,Cassey Cress
GTX Plus Pro - Bluth Company (2HPCHBIL),707178,lost,2026-04-01,2026-04-10,Bluth Company,Corliss Cosme
GTX Plus Basic - Plussunin (Q9JV7YXX),141384,lost,2026-04-01,2026-04-12,Plussunin,Daniell Hammack
GTX Pro - Hottechi (J3N73B00),560634,won,2026-04-01,2026-05-26,Hottechi,Darcel Schlecht
GTX Basic - Kinnamplus (STG85Q0N),70950,lost,2026-04-01,2026-04-02,Kinnamplus,Donn Cantrell
GTX Pro - Xx-zobam (VMI5QYS3),621909,lost,2026-04-01,2026-04-05,Xx-zobam,Donn Cantrell
GTX Pro - Umbrella Corporation (09W047QT),588885,won,2026-04-01,2026-05-07,Umbrella Corporation,Donn Cantrell
GTX Plus Basic - Vehement Capital Partners (VXOZC2CN),170151,won,2026-04-01,2026-06-26,Vehement Capital Partners,Garret Kinder
GTX Pro - Hottechi (JAMW5SWB),665253,won,2026-04-01,2026-04-02,Hottechi,James Ascencio
MG Advanced - Dontechi (WCKKFSVL),437697,lost,2026-04-01,2026-04-02,Dontechi,Jonathan Berthelot
GTX Pro - Globex Corporation (GVCWDG9Y),543477,won,2026-04-01,2026-04-13,Globex Corporation,Jonathan Berthelot
GTX Basic - New prospect (SXYJU7LC),70950,qualified,2026-04-01,,,Kami Bicknell
GTX Plus Basic - Konex (UEXJN3Y6),158670,won,2026-04-01,2026-04-08,Konex,Kami Bicknell
GTX Plus Pro - Dalttechnology (QP0QCP8Y),707178,qualified,2026-04-01,,Dalttechnology,Kary Hendrixson
GTX Basic - Sunnamplex (MCQGU5EA),57147,won,2026-04-01,2026-04-11,Sunnamplex,Kary Hendrixson
GTX Plus Basic - Zoomit (M0IN22XH),134547,won,2026-04-01,2026-06-23,Zoomit,Kary Hendrixson
GTX Basic - dambase (8HWWW76K),70950,lost,2026-04-01,2026-04-03,dambase,Lajuana Vencill
MG Special - Groovestreet (707CQDQK),7095,lost,2026-04-01,2026-05-20,Groovestreet,Markita Hansen
MG Advanced - Globex Corporation (4PTCB3CS),437697,lost,2026-04-01,2026-04-09,Globex Corporation,Marty Freudenburg
MG Advanced - Codehow (IEB855X8),446082,won,2026-04-01,2026-05-05,Codehow,Marty Freudenburg
GTX Plus Pro - Zoomit (IDA8D96H),707178,lost,2026-04-01,2026-04-09,Zoomit,Maureen Marcano
MG Special - Plusstrip (DLQNAOWB),7095,lost,2026-04-01,2026-04-03,Plusstrip,Rosalina Dieter
MG Advanced - Kinnamplus (K7056XS7),437697,qualified,2026-04-01,,Kinnamplus,Rosie Papadopoulos
MG Special - Kan-code (R9V8QAPK),7482,won,2026-04-01,2026-04-10,Kan-code,Rosie Papadopoulos
MG Special - Codehow (P6KXSJPD),7095,lost,2026-04-01,2026-04-06,Codehow,Versie Hillebrand
GTX Basic - Hottechi (KM0RKC4Q),70950,lost,2026-04-01,2026-04-02,Hottechi,Vicki Laflamme
GTX Pro - Cheers (58TUIJ6D),621909,lost,2026-04-01,2026-04-13,Cheers,Zane Levy
GTX Basic - Y-corporation (BXOIQHTS),84882,won,2026-04-01,2026-06-17,Y-corporation,Zane Levy
GTX Plus Pro - Treequote (CC3B5DSU),707178,lost,2026-04-02,2026-04-12,Treequote,Anna Snelling
GTX Plus Pro - Donware (GLM4XZLI),707178,lost,2026-04-02,2026-04-03,Donware,Cassey Cress
GTX Plus Pro - Plussunin (K8VBNOW9),618039,won,2026-04-02,2026-05-29,Plussunin,Cassey Cress
GTX Basic - Inity (3GEDSDVN),76110,won,2026-04-02,2026-04-04,Inity,Cecily Lampkin
GTX Plus Pro - Isdom (R0ZYAJFM),726141,won,2026-04-02,2026-04-10,Isdom,Cecily Lampkin
GTX Plus Basic - New prospect (BRFZCNMP),141384,qualified,2026-04-02,,,Corliss Cosme
GTX Pro - Vehement Capital Partners (R8X2RVQ2),621909,lost,2026-04-02,2026-04-11,Vehement Capital Partners,Corliss Cosme
MG Advanced - New prospect (E2KGQVEO),437697,qualified,2026-04-02,,,Daniell Hammack
GTX Plus Pro - Massive Dynamic (DFG6OP8T),707178,lost,2026-04-02,2026-04-14,Massive Dynamic,Daniell Hammack
GTX Pro - Xx-zobam (JB4MECWM),621909,lost,2026-04-02,2026-04-03,Xx-zobam,Daniell Hammack
GTX Pro - Streethex (CDGA1SD7),557667,won,2026-04-02,2026-06-09,Streethex,Darcel Schlecht
GTX Pro - Treequote (SBILEY2W),655965,won,2026-04-02,2026-04-08,Treequote,Darcel Schlecht
MG Advanced - Zotware (JMTKEPXF),386484,won,2026-04-02,2026-04-13,Zotware,Donn Cantrell
GTX Pro - Condax (937CNF5D),603978,won,2026-04-02,2026-04-10,Condax,Garret Kinder
MG Advanced - Sonron (EQ399D3M),419250,won,2026-04-02,2026-04-10,Sonron,Hayden Neloms
GTX Basic - Green-Plus (DOVNGYN4),70950,lost,2026-04-02,2026-04-08,Green-Plus,Kami Bicknell
GTX Pro - Kan-code (A0IS9TWV),621909,lost,2026-04-02,2026-04-12,Kan-code,Kary Hendrixson
GTX Pro - Kan-code (E7TDBIDS),686667,won,2026-04-02,2026-06-03,Kan-code,Kary Hendrixson
GTX Basic - Condax (TIFPUXSQ),70950,lost,2026-04-02,2026-04-03,Condax,Marty Freudenburg
GTX Plus Pro - Funholding (LXDCC260),769614,won,2026-04-02,2026-04-03,Funholding,Marty Freudenburg
GTX Pro - New prospect (81PWOUF0),621909,qualified,2026-04-02,,,Maureen Marcano
MG Advanced - Labdrill (1Z72JRDI),445308,won,2026-04-02,2026-04-12,Labdrill,Maureen Marcano
MG Special - Toughzap (XTBADYHW),7095,lost,2026-04-02,2026-04-13,Toughzap,Moses Frase
MG Advanced - Stanredtax (PPDU7OWD),437697,lost,2026-04-02,2026-04-09,Stanredtax,Moses Frase
GTX Basic - Labdrill (CJ05Q2G5),70950,lost,2026-04-02,2026-04-07,Labdrill,Rosalina Dieter
GTX Basic - Faxquote (MON3JWUF),75207,won,2026-04-02,2026-04-09,Faxquote,Vicki Laflamme
MG Special - Ontomedia (SFMKU2FV),7095,lost,2026-04-02,2026-04-12,Ontomedia,Violet Mclelland
GTX Plus Basic - Goodsilron (9FH2VYQQ),141384,lost,2026-04-02,2026-04-09,Goodsilron,Zane Levy
GTX Basic - J-Texon (PMVKMS6A),65403,won,2026-04-02,2026-06-24,J-Texon,Zane Levy
GTX Basic - Inity (E62A05BH),70950,lost,2026-04-03,2026-04-11,Inity,Anna Snelling
MG Special - Rangreen (U3GCADFV),7095,lost,2026-04-03,2026-04-09,Rangreen,Anna Snelling
GTX Pro - New prospect (CFI2GXN1),621909,qualified,2026-04-03,,,Boris Faz
GTX Basic - Betasoloin (611J0LEK),74046,won,2026-04-03,2026-04-05,Betasoloin,Boris Faz
GTX Plus Basic - Umbrella Corporation (5M5TW9RC),141384,qualified,2026-04-03,,Umbrella Corporation,Cassey Cress
MG Special - Opentech (ZWA2ES4F),6192,won,2026-04-03,2026-06-04,Opentech,Cassey Cress
MG Special - Statholdings (LNT5B9XY),7095,lost,2026-04-03,2026-04-13,Statholdings,Cecily Lampkin
GTX Basic - Isdom (CPQ348W9),59082,won,2026-04-03,2026-04-11,Isdom,Cecily Lampkin
GTX Plus Pro - Codehow (UZ0MRAFU),703695,won,2026-04-03,2026-06-15,Codehow,Cecily Lampkin
GTX Basic - Silis (VFO5EK6R),70950,lost,2026-04-03,2026-04-10,Silis,Corliss Cosme
GTX Plus Pro - Kan-code (GE5SORJX),730914,won,2026-04-03,2026-06-14,Kan-code,Corliss Cosme
GTX Plus Basic - Bluth Company (03O9FNTZ),142803,won,2026-04-03,2026-04-05,Bluth Company,Daniell Hammack
GTX Pro - Acme Corporation (FIQIRK37),527481,won,2026-04-03,2026-04-04,Acme Corporation,Daniell Hammack
GTX Basic - Ontomedia (M6J6VNVQ),64242,won,2026-04-03,2026-06-05,Ontomedia,Donn Cantrell
MG Advanced - Hatfan (S767XDO3),437697,lost,2026-04-03,2026-06-04,Hatfan,Elease Gluck
MG Special - Dontechi (ZPKCSV3R),8256,won,2026-04-03,2026-04-07,Dontechi,Jonathan Berthelot
MG Advanced - Xx-holding (CLA3RTMS),437697,lost,2026-04-03,2026-04-05,Xx-holding,Kami Bicknell
GTX Plus Pro - Conecom (K1K48OTP),707178,qualified,2026-04-03,,Conecom,Kary Hendrixson
GTX Basic - Konex (OJWV4RT2),70950,lost,2026-04-03,2026-04-05,Konex,Kary Hendrixson
GTX Basic - Finjob (PMQCN4PR),72885,won,2026-04-03,2026-04-05,Finjob,Kary Hendrixson
GTX Basic - Kan-code (CBIFB5BB),74691,won,2026-04-03,2026-04-13,Kan-code,Kary Hendrixson
MG Special - Hottechi (BSVZWUXR),7224,won,2026-04-03,2026-06-08,Hottechi,Lajuana Vencill
GTX Pro - Scotfind (PU2UJDTV),524127,won,2026-04-03,2026-06-02,Scotfind,Markita Hansen
GTX Plus Basic - Inity (LN9NU0A8),153897,won,2026-04-03,2026-04-13,Inity,Marty Freudenburg
GTX Basic - Scottech (KD27RNU9),70950,lost,2026-04-03,2026-04-11,Scottech,Moses Frase
GTX Plus Basic - Betatech (FN50OJHN),140352,won,2026-04-03,2026-04-07,Betatech,Niesha Huffines
GTX Plus Basic - Xx-zobam (YA68AAQK),141384,lost,2026-04-03,2026-06-14,Xx-zobam,Reed Clapper
MG Special - Xx-holding (90K2ZTKB),7482,won,2026-04-03,2026-06-08,Xx-holding,Rosalina Dieter
GTX Plus Pro - New prospect (YYTZSTL0),707178,qualified,2026-04-03,,,Rosie Papadopoulos
MG Advanced - Golddex (1M0THQSZ),437697,lost,2026-04-03,2026-04-05,Golddex,Vicki Laflamme
GTX Plus Pro - Green-Plus (Y1GEH2EG),576114,won,2026-04-03,2026-04-09,Green-Plus,Vicki Laflamme
MG Special - New prospect (ORM1IRQ2),7095,qualified,2026-04-03,,,Violet Mclelland
GTX Basic - Kinnamplus (593L4BNI),70950,lost,2026-04-03,2026-04-10,Kinnamplus,Violet Mclelland
MG Advanced - Xx-zobam (83EZC8YK),437697,lost,2026-04-03,2026-04-11,Xx-zobam,Violet Mclelland
MG Special - Gogozoom (4MTCQ31T),7095,won,2026-04-04,2026-08-03,Gogozoom,Anna Snelling
GTX Basic - Finhigh (QU220OFI),70950,qualified,2026-04-04,,Finhigh,Boris Faz
GTX Plus Basic - Donware (TJYNW3C7),141384,lost,2026-04-04,2026-04-11,Donware,Cassey Cress
GTX Plus Basic - Konex (COGZW25D),111069,won,2026-04-04,2026-04-12,Konex,Cassey Cress
GTX Basic - Acme Corporation (B3A6VXVQ),70950,qualified,2026-04-04,,Acme Corporation,Corliss Cosme
MG Advanced - Plussunin (O83AR1CC),437697,lost,2026-04-04,2026-04-05,Plussunin,Corliss Cosme
GTX Pro - Umbrella Corporation (BOG3D6D7),662673,won,2026-04-04,2026-04-15,Umbrella Corporation,Corliss Cosme
MG Special - Betatech (J03H7OQF),6966,won,2026-04-04,2026-04-12,Betatech,Darcel Schlecht
GTX Plus Basic - Kinnamplus (DJXM9LIW),131580,won,2026-04-04,2026-04-10,Kinnamplus,Donn Cantrell
GTX Plus Basic - Yearin (6XH71PH8),146544,won,2026-04-04,2026-06-25,Yearin,Donn Cantrell
MG Special - Konex (AW1U6QKR),7095,won,2026-04-04,2026-04-10,Konex,Donn Cantrell
GTX Pro - Groovestreet (MAVEITJH),657513,won,2026-04-04,2026-06-06,Groovestreet,Elease Gluck
GTX Basic - Kinnamplus (GUJNYTXN),62307,won,2026-04-04,2026-04-05,Kinnamplus,Garret Kinder
GTX Basic - New prospect (QKXCMJVB),70950,qualified,2026-04-04,,,James Ascencio
GTX Basic - Zoomit (ELLLRB7A),75723,won,2026-04-04,2026-05-26,Zoomit,James Ascencio
GTX Plus Pro - Kan-code (F4EHCQIC),681636,won,2026-04-04,2026-04-12,Kan-code,James Ascencio
GTX Basic - Scottech (EHC9KQDN),70950,lost,2026-04-04,2026-04-05,Scottech,Jonathan Berthelot
GTX Basic - Warephase (MBLFZPU2),70950,lost,2026-04-04,2026-06-09,Warephase,Jonathan Berthelot
MG Advanced - Y-corporation (L0SOZL9A),437697,lost,2026-04-04,2026-06-25,Y-corporation,Kary Hendrixson
GTX Plus Basic - Green-Plus (00XBYXIB),128097,won,2026-04-04,2026-04-05,Green-Plus,Kary Hendrixson
GTX Basic - Groovestreet (ASN7OCWQ),70950,lost,2026-04-04,2026-04-11,Groovestreet,Markita Hansen
GTX Pro - Finjob (SHS9HQX4),598818,won,2026-04-04,2026-06-16,Finjob,Maureen Marcano
GTX Pro - Umbrella Corporation (JYEQFGS5),621909,lost,2026-04-04,2026-04-13,Umbrella Corporation,Reed Clapper
GTX Pro - Kan-code (S9DVJGUO),584370,won,2026-04-04,2026-04-11,Kan-code,Reed Clapper
MG Special - Y-corporation (0YPN92QB),7095,lost,2026-04-04,2026-04-06,Y-corporation,Rosalina Dieter
MG Advanced - Xx-zobam (UIA0FO51),460401,won,2026-04-04,2026-04-05,Xx-zobam,Rosie Papadopoulos
MG Advanced - Hottechi (48J7F1A2),422604,won,2026-04-04,2026-05-28,Hottechi,Vicki Laflamme
GTX Plus Basic - New prospect (0D37PQA0),141384,qualified,2026-04-04,,,Violet Mclelland
MG Special - Plussunin (D193SPY4),7095,qualified,2026-04-04,,Plussunin,Violet Mclelland
MG Advanced - Mathtouch (SFIMNCPZ),437697,lost,2026-04-04,2026-04-06,Mathtouch,Violet Mclelland
GTX Basic - Finjob (57NT8T8S),70950,lost,2026-04-04,2026-04-12,Finjob,Zane Levy
GTX Plus Basic - Green-Plus (7GLF1GBJ),141384,lost,2026-04-04,2026-04-12,Green-Plus,Zane Levy
GTX Plus Pro - Doncon (YST07PM6),707178,lost,2026-04-04,2026-04-13,Doncon,Zane Levy
GTX Plus Pro - Rantouch (HPU7RQG6),707178,lost,2026-04-04,2026-04-11,Rantouch,Zane Levy
GTX Pro - Hatfan (6Z1XK6YR),621909,lost,2026-04-04,2026-08-06,Hatfan,Zane Levy
GTX Plus Pro - Kan-code (045D5MZO),719304,won,2026-04-04,2026-04-13,Kan-code,Zane Levy
GTX Basic - Genco Pura Olive Oil Company (K1UREXI5),59340,won,2026-04-05,2026-06-13,Genco Pura Olive Oil Company,Anna Snelling
GTX Basic - Zathunicon (M7Y1LHHA),58953,won,2026-04-05,2026-04-12,Zathunicon,Boris Faz
GTX Plus Pro - New prospect (NK1B8YME),707178,qualified,2026-04-05,,,Cassey Cress
MG Advanced - Silis (WP6SUIMC),437697,lost,2026-04-05,2026-04-11,Silis,Cassey Cress
GTX Basic - Gekko & Co (SGI5I4X1),85785,won,2026-04-05,2026-04-06,Gekko & Co,Corliss Cosme
GTX Plus Basic - Zathunicon (U07VUUGP),144738,won,2026-04-05,2026-04-11,Zathunicon,Corliss Cosme
GTX Plus Pro - Umbrella Corporation (SEC6K7X2),719562,won,2026-04-05,2026-04-14,Umbrella Corporation,Corliss Cosme
GTX Pro - Betatech (OT26ZUZ7),621909,qualified,2026-04-05,,Betatech,Daniell Hammack
GTX Basic - Rundofase (MXVBWIE5),59340,won,2026-04-05,2026-06-05,Rundofase,Darcel Schlecht
GTX Plus Basic - Donware (794F5VJB),146157,won,2026-04-05,2026-05-28,Donware,Donn Cantrell
GTX Plus Basic - Gekko & Co (TNEB1XNK),154026,won,2026-04-05,2026-06-15,Gekko & Co,Donn Cantrell
GTX Plus Pro - Yearin (P60PIE95),756069,won,2026-04-05,2026-06-13,Yearin,Donn Cantrell
GTX Plus Basic - New prospect (HI9S2MRZ),141384,qualified,2026-04-05,,,Elease Gluck
GTX Basic - Dontechi (QKOAWRXD),70950,lost,2026-04-05,2026-04-13,Dontechi,Gladys Colclough
GTX Plus Basic - Stanredtax (NC7V5K1T),154026,won,2026-04-05,2026-05-25,Stanredtax,Gladys Colclough
GTX Pro - Funholding (XTAPYDDI),572760,won,2026-04-05,2026-04-07,Funholding,Gladys Colclough
MG Special - Cancity (0CTHPQGT),6837,won,2026-04-05,2026-04-15,Cancity,Jonathan Berthelot
GTX Basic - Sonron (N9KFOKLS),70950,lost,2026-04-05,2026-04-10,Sonron,Kami Bicknell
GTX Plus Basic - Inity (02SSRMSA),153768,won,2026-04-05,2026-04-09,Inity,Lajuana Vencill
MG Special - Conecom (HBJPBF3P),6966,won,2026-04-05,2026-05-29,Conecom,Marty Freudenburg
MG Advanced - Ron-tech (E6D2DBXF),437697,lost,2026-04-05,2026-04-09,Ron-tech,Moses Frase
GTX Plus Pro - Warephase (OUMM04QV),599979,won,2026-04-05,2026-04-14,Warephase,Moses Frase
GTX Plus Pro - Rangreen (TZQWGMG7),707178,lost,2026-04-05,2026-04-15,Rangreen,Niesha Huffines
GTX Plus Pro - Betatech (66KFPHBT),766776,won,2026-04-05,2026-06-21,Betatech,Niesha Huffines
MG Advanced - Gekko & Co (WL4TLMUC),437697,lost,2026-04-05,2026-04-13,Gekko & Co,Reed Clapper
GTX Pro - Statholdings (6AO6E15O),621909,qualified,2026-04-05,,Statholdings,Rosalina Dieter
MG Advanced - New prospect (OW9OM3UO),437697,qualified,2026-04-05,,,Rosalina Dieter
MG Advanced - Green-Plus (HXMJ5048),437697,lost,2026-04-05,2026-04-13,Green-Plus,Vicki Laflamme
GTX Pro - New prospect (CQYAMIQ3),621909,qualified,2026-04-05,,,Zane Levy
GTX Plus Basic - Domzoom (6178B4JM),124098,won,2026-04-06,2026-04-13,Domzoom,Anna Snelling
GTX Plus Basic - Silis (WC7KCJ2N),137127,won,2026-04-06,2026-04-17,Silis,Boris Faz
MG Advanced - Zencorporation (5GBVA3ZZ),437697,lost,2026-04-06,2026-04-19,Zencorporation,Cassey Cress
GTX Basic - Gogozoom (B7WWPCO6),70950,lost,2026-04-06,2026-04-19,Gogozoom,Cecily Lampkin
GTX Plus Basic - Cancity (152DN1FE),141384,lost,2026-04-06,2026-04-08,Cancity,Darcel Schlecht
MG Special - Streethex (3NJHQZT6),7095,lost,2026-04-06,2026-04-13,Streethex,Darcel Schlecht
MG Advanced - Domzoom (9GOWJ93R),331788,won,2026-04-06,2026-05-31,Domzoom,Darcel Schlecht
GTX Pro - Globex Corporation (QAB3H9H5),621909,lost,2026-04-06,2026-04-07,Globex Corporation,Gladys Colclough
GTX Pro - Warephase (9B9VDAFU),597399,won,2026-04-06,2026-04-14,Warephase,Gladys Colclough
MG Advanced - Isdom (L9F6QP4P),416670,won,2026-04-06,2026-04-15,Isdom,Gladys Colclough
MG Special - Condax (1D5AYQO6),7611,won,2026-04-06,2026-04-15,Condax,Hayden Neloms
MG Advanced - Labdrill (6WR7JQ3C),467496,won,2026-04-06,2026-07-31,Labdrill,James Ascencio
GTX Plus Basic - Labdrill (Y2XXRYMX),141384,lost,2026-04-06,2026-08-08,Labdrill,Kami Bicknell
GTX Pro - Golddex (Z9DK5289),621909,lost,2026-04-06,2026-04-08,Golddex,Kami Bicknell
GTX Plus Pro - Hatfan (MN34I4DD),754392,won,2026-04-06,2026-06-19,Hatfan,Kami Bicknell
MG Special - Dalttechnology (9CQ6TMET),5418,won,2026-04-06,2026-04-07,Dalttechnology,Kami Bicknell
GTX Plus Pro - Sunnamplex (N54HHLC4),707178,lost,2026-04-06,2026-04-08,Sunnamplex,Kary Hendrixson
GTX Pro - Nam-zim (TPP1IGKV),621909,lost,2026-04-06,2026-04-13,Nam-zim,Kary Hendrixson
GTX Plus Pro - Hatfan (9USDNUBL),707178,lost,2026-04-06,2026-05-26,Hatfan,Markita Hansen
MG Advanced - Rangreen (Q82O5QTN),437697,lost,2026-04-06,2026-04-08,Rangreen,Marty Freudenburg
MG Special - Cancity (2HVDAY4L),7095,lost,2026-04-06,2026-04-17,Cancity,Moses Frase
GTX Basic - Isdom (0FGWN6O0),75852,won,2026-04-06,2026-04-15,Isdom,Moses Frase
GTX Plus Basic - Zencorporation (FQXZBTEG),141384,lost,2026-04-06,2026-04-14,Zencorporation,Reed Clapper
MG Special - Yearin (8IGYTN3H),6966,won,2026-04-06,2026-04-13,Yearin,Reed Clapper
GTX Pro - New prospect (QV3TAWDT),621909,qualified,2026-04-06,,,Rosie Papadopoulos
GTX Pro - Singletechno (OTNZ5ZCN),657771,won,2026-04-06,2026-06-03,Singletechno,Vicki Laflamme
GTX Basic - New prospect (USJWM3F3),70950,qualified,2026-04-06,,,Violet Mclelland
GTX Plus Pro - Plexzap (7O2ISWVB),707178,lost,2026-04-06,2026-04-11,Plexzap,Zane Levy
MG Advanced - Konex (QUAD5082),437697,lost,2026-04-07,2026-04-17,Konex,Boris Faz
GTX Plus Pro - New prospect (0T9KUEQ2),707178,qualified,2026-04-07,,,Cassey Cress
GTX Basic - Scottech (P6H45Y25),70950,lost,2026-04-07,2026-06-13,Scottech,Cecily Lampkin
GTX Plus Basic - Treequote (28EVFB8G),141384,lost,2026-04-07,2026-04-09,Treequote,Cecily Lampkin
MG Advanced - Silis (VV5LDD24),437697,lost,2026-04-07,2026-04-09,Silis,Corliss Cosme
GTX Pro - Silis (SF3KBDJF),621909,lost,2026-04-07,2026-05-15,Silis,Daniell Hammack
GTX Plus Pro - Initech (DKUVKTIT),629649,won,2026-04-07,2026-04-15,Initech,Daniell Hammack
GTX Basic - Bioholding (OYUUU6B9),70950,lost,2026-04-07,2026-08-06,Bioholding,Darcel Schlecht
GTX Pro - Codehow (IIVNXACR),621909,lost,2026-04-07,2026-04-08,Codehow,Darcel Schlecht
GTX Pro - Stanredtax (OWBGBQ4G),621909,lost,2026-04-07,2026-04-14,Stanredtax,Darcel Schlecht
MG Advanced - Genco Pura Olive Oil Company (X2EH33CU),371262,won,2026-04-07,2026-04-08,Genco Pura Olive Oil Company,Gladys Colclough
MG Special - Xx-holding (GNT6EM5M),7095,lost,2026-04-07,2026-04-08,Xx-holding,Hayden Neloms
MG Advanced - Finjob (U3ZMURXR),402609,won,2026-04-07,2026-06-05,Finjob,Hayden Neloms
GTX Plus Pro - Golddex (4UTOXXV4),707178,lost,2026-04-07,2026-04-08,Golddex,James Ascencio
MG Special - Goodsilron (KHWG1W75),7353,won,2026-04-07,2026-04-14,Goodsilron,James Ascencio
GTX Basic - Treequote (MWAW08I7),74304,won,2026-04-07,2026-04-08,Treequote,Jonathan Berthelot
GTX Plus Basic - Konmatfix (0QV1LRME),162282,won,2026-04-07,2026-04-14,Konmatfix,Jonathan Berthelot
GTX Plus Basic - Singletechno (63GAY8GB),141384,lost,2026-04-07,2026-05-19,Singletechno,Kami Bicknell
GTX Plus Pro - New prospect (JB3J080M),707178,qualified,2026-04-07,,,Kary Hendrixson
GTX Basic - Doncon (GXHAIS33),70950,lost,2026-04-07,2026-06-26,Doncon,Kary Hendrixson
GTX Basic - Hottechi (VBRZZAP8),63339,won,2026-04-07,2026-04-16,Hottechi,Kary Hendrixson
GTX Basic - Sunnamplex (JR76K5YA),63726,won,2026-04-07,2026-05-20,Sunnamplex,Markita Hansen
GTX Pro - Dalttechnology (Z3TX2K6F),621909,lost,2026-04-07,2026-04-16,Dalttechnology,Maureen Marcano
GTX Plus Basic - Zoomit (RGUC0V54),113778,won,2026-04-07,2026-06-16,Zoomit,Maureen Marcano
GTX Plus Basic - Konex (M93A8LTF),138804,won,2026-04-07,2026-04-16,Konex,Reed Clapper
GTK 500 - Cheers (CQW6TYOX),3453072,lost,2026-04-07,2026-04-14,Cheers,Rosalina Dieter
MG Special - Dalttechnology (P7H8UY1P),7095,lost,2026-04-07,2026-06-18,Dalttechnology,Rosalina Dieter
MG Special - Zoomit (6XLFG3VK),7353,won,2026-04-07,2026-04-15,Zoomit,Rosalina Dieter
GTX Basic - Nam-zim (9ZPY98PB),70950,lost,2026-04-07,2026-04-09,Nam-zim,Vicki Laflamme
MG Advanced - Cheers (YRXDI9E8),437697,lost,2026-04-07,2026-08-02,Cheers,Vicki Laflamme
MG Advanced - Sonron (1JB82QZ0),437697,lost,2026-04-07,2026-04-08,Sonron,Vicki Laflamme
GTX Plus Basic - Bioholding (G5GPTVMU),141384,lost,2026-04-08,2026-05-28,Bioholding,Anna Snelling
GTX Plus Basic - Plussunin (856VG3CS),141900,won,2026-04-08,2026-06-25,Plussunin,Boris Faz
MG Advanced - Donquadtech (J80ZEYYM),468270,won,2026-04-08,2026-06-15,Donquadtech,Cassey Cress
MG Special - New prospect (21OMR381),7095,qualified,2026-04-08,,,Corliss Cosme
GTX Basic - Dontechi (X9HFP474),70950,qualified,2026-04-08,,Dontechi,Daniell Hammack
GTX Pro - Bioholding (T51ULXCZ),621909,lost,2026-04-08,2026-04-19,Bioholding,Darcel Schlecht
MG Advanced - Betatech (3S73ZUQH),437697,lost,2026-04-08,2026-04-17,Betatech,Darcel Schlecht
GTX Plus Basic - Ontomedia (JUU6C7NO),141384,lost,2026-04-08,2026-06-24,Ontomedia,Donn Cantrell
GTX Plus Pro - Massive Dynamic (8SNDBWPP),707178,lost,2026-04-08,2026-06-25,Massive Dynamic,Donn Cantrell
GTX Pro - Condax (0PH153YF),621909,lost,2026-04-08,2026-04-09,Condax,Gladys Colclough
MG Advanced - Cheers (YNYZNOWR),437697,lost,2026-04-08,2026-04-21,Cheers,Hayden Neloms
MG Advanced - Sunnamplex (HUNM56HY),482589,won,2026-04-08,2026-04-19,Sunnamplex,Hayden Neloms
MG Advanced - Y-corporation (SIONXEMH),374745,won,2026-04-08,2026-04-10,Y-corporation,Hayden Neloms
GTX Plus Basic - Singletechno (JX08Z5L5),141384,lost,2026-04-08,2026-04-21,Singletechno,James Ascencio
GTX Plus Basic - Finjob (BUJ1TX7Y),131967,won,2026-04-08,2026-06-11,Finjob,Maureen Marcano
MG Advanced - Y-corporation (6C70OX62),420153,won,2026-04-08,2026-06-21,Y-corporation,Maureen Marcano
GTX Plus Pro - Codehow (V9WVYEE9),707178,lost,2026-04-08,2026-04-16,Codehow,Moses Frase
GTX Plus Basic - Streethex (3N6BHLN6),123840,won,2026-04-08,2026-05-17,Streethex,Niesha Huffines
GTX Pro - Silis (SQWCQRGY),621909,lost,2026-04-08,2026-04-10,Silis,Reed Clapper
GTX Plus Pro - Silis (32K5LEDV),714402,won,2026-04-08,2026-04-14,Silis,Reed Clapper
GTX Basic - New prospect (R0XNAFUB),70950,qualified,2026-04-08,,,Zane Levy
MG Advanced - Kan-code (XW1ONOVO),441180,won,2026-04-09,2026-04-19,Kan-code,Boris Faz
GTX Pro - Treequote (100W6J9A),621909,lost,2026-04-09,2026-04-15,Treequote,Darcel Schlecht
GTX Pro - Bioholding (YYRYSVOO),694278,won,2026-04-09,2026-04-12,Bioholding,Darcel Schlecht
MG Special - Sonron (P7AX4B3N),7095,lost,2026-04-09,2026-04-20,Sonron,Elease Gluck
GTX Pro - Faxquote (GC1TSADL),735687,won,2026-04-09,2026-04-14,Faxquote,Elease Gluck
MG Advanced - Mathtouch (QF1I965E),430860,won,2026-04-09,2026-06-27,Mathtouch,Garret Kinder
MG Advanced - Hottechi (P93UCMW8),437697,lost,2026-04-09,2026-04-11,Hottechi,Hayden Neloms
GTX Plus Basic - Nam-zim (YKBRF0NG),130806,won,2026-04-09,2026-05-06,Nam-zim,Kary Hendrixson
GTX Basic - Inity (OP2DIRC2),69144,won,2026-04-09,2026-04-15,Inity,Lajuana Vencill
GTX Plus Basic - Konex (VIHXI2JA),141384,lost,2026-04-09,2026-04-10,Konex,Markita Hansen
GTX Basic - Codehow (IC4J0BIZ),70950,won,2026-04-09,2026-04-20,Codehow,Niesha Huffines
GTX Basic - Gogozoom (BNMJAOF4),60501,won,2026-04-09,2026-06-25,Gogozoom,Niesha Huffines
GTX Basic - Ron-tech (VSWHUBD0),75465,won,2026-04-09,2026-04-10,Ron-tech,Niesha Huffines
GTX Plus Basic - Scottech (7ZWN0JO9),121647,won,2026-04-09,2026-05-26,Scottech,Niesha Huffines
GTX Basic - Bioplex (KLPVD6LR),70950,lost,2026-04-09,2026-04-17,Bioplex,Reed Clapper
GTX Plus Basic - Plussunin (U3M8XTMY),170151,won,2026-04-09,2026-04-28,Plussunin,Reed Clapper
GTX Pro - Bubba Gump (P89VI9EN),757617,won,2026-04-09,2026-04-18,Bubba Gump,Reed Clapper
MG Special - New prospect (4LOHS2AJ),7095,qualified,2026-04-09,,,Rosie Papadopoulos
MG Advanced - Kan-code (SPUXDRGN),437697,lost,2026-04-09,2026-05-25,Kan-code,Vicki Laflamme
GTX Plus Basic - Lexiqvolax (PDIYRBQJ),141384,lost,2026-04-09,2026-04-11,Lexiqvolax,Zane Levy
MG Special - Treequote (185PGG0J),5676,won,2026-04-10,2026-04-13,Treequote,Anna Snelling
MG Advanced - Plussunin (QQ5LW9HV),437697,lost,2026-04-10,2026-04-22,Plussunin,Boris Faz
GTX Pro - Mathtouch (8EF4D82U),494586,won,2026-04-10,2026-06-11,Mathtouch,Boris Faz
GTX Plus Basic - Zathunicon (GFMLCHB0),141384,lost,2026-04-10,2026-04-17,Zathunicon,Cassey Cress
GTX Plus Pro - Iselectrics (TFS537LA),707178,lost,2026-04-10,2026-04-11,Iselectrics,Cassey Cress
GTX Plus Pro - Inity (2X86737Q),714273,won,2026-04-10,2026-04-12,Inity,Cecily Lampkin
GTX Basic - Donware (HSZOPWWT),68370,won,2026-04-10,2026-06-12,Donware,Corliss Cosme
GTX Plus Pro - Konex (1KVGSF08),643581,won,2026-04-10,2026-06-20,Konex,Corliss Cosme
GTX Plus Pro - Streethex (UDFMSH1S),707178,lost,2026-04-10,2026-04-21,Streethex,Darcel Schlecht
GTX Plus Basic - Statholdings (516C0X9F),147576,won,2026-04-10,2026-04-22,Statholdings,Darcel Schlecht
GTX Basic - Konex (DPAEMTHC),70950,lost,2026-04-10,2026-04-11,Konex,Donn Cantrell
MG Advanced - Xx-holding (A6T69X6T),437697,lost,2026-04-10,2026-06-05,Xx-holding,Elease Gluck
MG Advanced - Xx-holding (DDD515FB),433698,won,2026-04-10,2026-04-11,Xx-holding,Hayden Neloms
GTX Pro - Green-Plus (6GKGGY0U),621909,lost,2026-04-10,2026-04-21,Green-Plus,James Ascencio
GTX Plus Pro - Goodsilron (8M6TB2ZX),646677,won,2026-04-10,2026-04-17,Goodsilron,James Ascencio
GTX Basic - New prospect (8JH8YA79),70950,qualified,2026-04-10,,,Kami Bicknell
GTX Basic - Hatfan (BABQISCH),70950,lost,2026-04-10,2026-04-11,Hatfan,Kami Bicknell
GTX Plus Basic - Blackzim (T46KPPNB),141384,lost,2026-04-10,2026-04-12,Blackzim,Kary Hendrixson
GTX Basic - Plusstrip (9CE6F4NZ),55599,won,2026-04-10,2026-05-24,Plusstrip,Kary Hendrixson
GTX Pro - Groovestreet (Z9KNL9A1),665769,won,2026-04-10,2026-04-20,Groovestreet,Kary Hendrixson
GTX Basic - Genco Pura Olive Oil Company (7JBR36G8),74691,won,2026-04-10,2026-04-12,Genco Pura Olive Oil Company,Lajuana Vencill
MG Advanced - Warephase (EYTBRK2B),440019,won,2026-04-10,2026-04-20,Warephase,Lajuana Vencill
MG Special - Xx-holding (KFXZNC4N),7095,lost,2026-04-10,2026-06-08,Xx-holding,Markita Hansen
MG Advanced - Plusstrip (SJ62BMK5),512517,won,2026-04-10,2026-04-11,Plusstrip,Markita Hansen
MG Advanced - Ron-tech (YDJV1DFE),437697,lost,2026-04-10,2026-08-06,Ron-tech,Niesha Huffines
GTX Plus Basic - Zathunicon (GHDAXC7T),132741,won,2026-04-10,2026-04-11,Zathunicon,Reed Clapper
MG Special - Gekko & Co (FQQ2JJZ1),7611,won,2026-04-10,2026-04-19,Gekko & Co,Rosie Papadopoulos
MG Special - Globex Corporation (NCJJBWU3),7095,lost,2026-04-10,2026-04-18,Globex Corporation,Versie Hillebrand
MG Special - New prospect (8BYEALF9),7095,qualified,2026-04-10,,,Vicki Laflamme
GTX Basic - Goodsilron (8SGMUWET),68886,won,2026-04-10,2026-06-26,Goodsilron,Vicki Laflamme
MG Special - Iselectrics (3KVS08NL),6192,won,2026-04-10,2026-04-11,Iselectrics,Violet Mclelland
MG Special - Finjob (CLIIR1T0),7353,won,2026-04-10,2026-04-21,Finjob,Zane Levy
GTX Plus Pro - Donware (PHXX81YF),707178,lost,2026-04-11,2026-04-13,Donware,Daniell Hammack
GTX Plus Pro - Stanredtax (6K7LDRKR),517161,won,2026-04-11,2026-08-08,Stanredtax,Darcel Schlecht
MG Advanced - dambase (J6UOUH6Y),419895,won,2026-04-11,2026-05-31,dambase,Darcel Schlecht
MG Advanced - Condax (2EYTB3PX),480396,won,2026-04-11,2026-04-21,Condax,Donn Cantrell
MG Advanced - Dalttechnology (1U945R0D),437697,lost,2026-04-11,2026-04-12,Dalttechnology,Elease Gluck
GTX Plus Basic - Fasehatice (FX4D649Y),141384,lost,2026-04-11,2026-04-20,Fasehatice,Hayden Neloms
GTX Plus Basic - Golddex (4QBSY3CB),141384,lost,2026-04-11,2026-05-23,Golddex,James Ascencio
MG Special - Rundofase (ZWVRS27V),7095,lost,2026-04-11,2026-08-01,Rundofase,Jonathan Berthelot
GTX Plus Pro - Labdrill (8BBXNESQ),707178,lost,2026-04-11,2026-04-18,Labdrill,Kary Hendrixson
MG Special - Gogozoom (3JJ7YI88),7095,lost,2026-04-11,2026-04-12,Gogozoom,Lajuana Vencill
MG Advanced - Faxquote (AKMDEG3I),437697,lost,2026-04-11,2026-04-13,Faxquote,Markita Hansen
MG Advanced - Cheers (568NS3GO),360039,won,2026-04-11,2026-05-24,Cheers,Markita Hansen
GTX Plus Basic - New prospect (YVDQ80A0),141384,qualified,2026-04-11,,,Maureen Marcano
MG Advanced - Cancity (TQLO6QP6),451629,won,2026-04-11,2026-05-30,Cancity,Niesha Huffines
GTX Plus Pro - Yearin (DLVEVD9O),707178,lost,2026-04-11,2026-04-23,Yearin,Reed Clapper
GTX Basic - Ganjaflex (C75RV9DY),71595,won,2026-04-11,2026-04-12,Ganjaflex,Reed Clapper
MG Special - New prospect (CI9S6CST),7095,qualified,2026-04-11,,,Rosalina Dieter
GTX Basic - Lexiqvolax (EUQCW0ZA),83850,won,2026-04-11,2026-04-19,Lexiqvolax,Rosalina Dieter
GTX Basic - Nam-zim (CEOMZE9H),70950,lost,2026-04-11,2026-04-22,Nam-zim,Vicki Laflamme
MG Special - Konex (TT5QRQTF),7869,won,2026-04-11,2026-04-17,Konex,Vicki Laflamme
MG Special - Newex (5NXD4U83),6966,won,2026-04-11,2026-04-13,Newex,Vicki Laflamme
MG Special - Condax (1IL51ZIW),7095,lost,2026-04-11,2026-04-18,Condax,Violet Mclelland
MG Advanced - Silis (CM33NN0P),437697,lost,2026-04-11,2026-04-19,Silis,Wilburn Farren
GTX Basic - Rundofase (P3QQIMTA),70950,lost,2026-04-12,2026-04-20,Rundofase,Anna Snelling
MG Advanced - Funholding (WB1CQNJU),437697,lost,2026-04-12,2026-04-13,Funholding,Anna Snelling
MG Special - Rangreen (OQYDQCTM),7611,won,2026-04-12,2026-04-21,Rangreen,Anna Snelling
GTX Basic - Sunnamplex (ISQJD695),70950,qualified,2026-04-12,,Sunnamplex,Boris Faz
GTX Pro - Acme Corporation (M1VNX1D7),686022,won,2026-04-12,2026-04-24,Acme Corporation,Cassey Cress
GTX Plus Pro - Conecom (TWO2Q99P),742137,won,2026-04-12,2026-06-27,Conecom,Cecily Lampkin
MG Special - Konmatfix (72UVDOKU),7998,won,2026-04-12,2026-04-20,Konmatfix,Cecily Lampkin
MG Advanced - Isdom (DMSQ0TSG),405834,won,2026-04-12,2026-05-09,Isdom,Cecily Lampkin
GTX Basic - Rundofase (FEWIDJGH),69402,won,2026-04-12,2026-04-14,Rundofase,Darcel Schlecht
GTX Plus Basic - Betatech (AUZM3MLU),138159,won,2026-04-12,2026-06-15,Betatech,Darcel Schlecht
GTX Pro - Betatech (GS2CLR52),578952,won,2026-04-12,2026-04-13,Betatech,Darcel Schlecht
MG Advanced - Isdom (HYP3SXPV),365973,won,2026-04-12,2026-04-29,Isdom,Darcel Schlecht
MG Advanced - Kan-code (9G93P7SV),463497,won,2026-04-12,2026-06-27,Kan-code,Donn Cantrell
GTX Basic - Hottechi (7XSAHM67),75207,won,2026-04-12,2026-06-25,Hottechi,Elease Gluck
GTX Plus Pro - New prospect (M2A8EY5Q),707178,qualified,2026-04-12,,,Hayden Neloms
GTX Basic - Isdom (N7MDRJ01),70950,lost,2026-04-12,2026-04-21,Isdom,Jonathan Berthelot
MG Advanced - Genco Pura Olive Oil Company (4ID56TXX),437697,lost,2026-04-12,2026-04-24,Genco Pura Olive Oil Company,Jonathan Berthelot
GTX Pro - Scotfind (ZOX0FW5W),621909,lost,2026-04-12,2026-04-19,Scotfind,Kami Bicknell
MG Advanced - Labdrill (4SFRUL8J),437697,lost,2026-04-12,2026-04-18,Labdrill,Kami Bicknell
GTX Plus Basic - Singletechno (UB2UAI38),143061,won,2026-04-12,2026-04-17,Singletechno,Kami Bicknell
GTX Plus Basic - Zoomit (B00OD1IF),142674,won,2026-04-12,2026-04-19,Zoomit,Kami Bicknell
GTX Plus Pro - Plusstrip (OGO6SNTQ),707178,lost,2026-04-12,2026-04-20,Plusstrip,Kary Hendrixson
GTX Plus Pro - Labdrill (I6ZC5V1K),646032,won,2026-04-12,2026-04-22,Labdrill,Kary Hendrixson
GTX Pro - Y-corporation (1N3G9WG2),725109,won,2026-04-12,2026-04-15,Y-corporation,Kary Hendrixson
GTX Basic - Rangreen (JHNXPUNX),70950,won,2026-04-12,2026-04-13,Rangreen,Lajuana Vencill
GTX Basic - Rangreen (NPHD3ZTC),74046,won,2026-04-12,2026-05-31,Rangreen,Moses Frase
MG Advanced - Hottechi (06KTPHYC),437697,lost,2026-04-12,2026-04-20,Hottechi,Rosalina Dieter
MG Special - Kinnamplus (YCA44Q4U),6708,won,2026-04-12,2026-04-21,Kinnamplus,Wilburn Farren
GTX Basic - Xx-holding (FR4GTSEQ),61533,won,2026-04-12,2026-06-12,Xx-holding,Zane Levy
GTX Basic - Betatech (S46ZLF3G),70950,lost,2026-04-13,2026-04-22,Betatech,Anna Snelling
MG Special - Streethex (WHZEK68G),7095,lost,2026-04-13,2026-04-18,Streethex,Anna Snelling
GTX Basic - Kinnamplus (3CB3WNBM),70950,qualified,2026-04-13,,Kinnamplus,Boris Faz
MG Special - New prospect (EJDRMHNC),7095,qualified,2026-04-13,,,Boris Faz
MG Advanced - New prospect (O8C2G4G2),437697,qualified,2026-04-13,,,Cassey Cress
MG Advanced - Silis (DAJBIHBZ),437697,lost,2026-04-13,2026-04-24,Silis,Cassey Cress
GTX Plus Basic - Plussunin (P6BJ24ZP),155058,won,2026-04-13,2026-04-16,Plussunin,Cassey Cress
MG Advanced - Funholding (XORHQFNJ),437697,lost,2026-04-13,2026-05-02,Funholding,Cecily Lampkin
MG Special - Funholding (ZFRPQV2M),6579,won,2026-04-13,2026-07-31,Funholding,Cecily Lampkin
GTX Plus Basic - Kan-code (RVRBCZAI),141384,lost,2026-04-13,2026-04-14,Kan-code,Daniell Hammack
GTX Plus Basic - Finhigh (2897DN4S),141384,lost,2026-04-13,2026-04-14,Finhigh,Darcel Schlecht
GTX Pro - Rundofase (1DIL2X16),621909,lost,2026-04-13,2026-04-24,Rundofase,Darcel Schlecht
GTX Plus Basic - Scottech (BMQEY089),155187,won,2026-04-13,2026-06-13,Scottech,Darcel Schlecht
GTX Pro - Isdom (CYOJ4G39),731817,won,2026-04-13,2026-04-15,Isdom,Darcel Schlecht
GTX Plus Pro - Gekko & Co (5IOG6X00),800445,won,2026-04-13,2026-06-05,Gekko & Co,Donn Cantrell
MG Advanced - New prospect (HBN3R2TJ),437697,qualified,2026-04-13,,,Elease Gluck
GTX Plus Pro - Sonron (QG6BCBXM),707178,lost,2026-04-13,2026-04-30,Sonron,Elease Gluck
MG Advanced - Cheers (CAXTE48L),433827,won,2026-04-13,2026-04-20,Cheers,Hayden Neloms
MG Advanced - Konex (OO3BM7A9),477300,won,2026-04-13,2026-07-31,Konex,Hayden Neloms
GTX Pro - Kan-code (NYPU55W4),621909,lost,2026-04-13,2026-07-29,Kan-code,James Ascencio
GTX Basic - Codehow (VE334W2U),70434,won,2026-04-13,2026-06-20,Codehow,Jonathan Berthelot
GTX Basic - Toughzap (AX7WS66G),79593,won,2026-04-13,2026-04-20,Toughzap,Jonathan Berthelot
GTX Basic - Warephase (OB8UCQ17),63210,won,2026-04-13,2026-04-22,Warephase,Jonathan Berthelot
GTX Basic - Konex (BV4JZ4G8),70950,lost,2026-04-13,2026-04-15,Konex,Kami Bicknell
GTX Basic - Nam-zim (8CV5MZWW),70950,lost,2026-04-13,2026-04-17,Nam-zim,Kami Bicknell
MG Advanced - Kan-code (3L965RUK),472785,won,2026-04-13,2026-04-22,Kan-code,Kary Hendrixson
GTX Plus Basic - Warephase (RZ8HI1Y5),141384,lost,2026-04-13,2026-04-20,Warephase,Lajuana Vencill
MG Advanced - Hatfan (IYKSBD0U),437697,lost,2026-04-13,2026-04-14,Hatfan,Markita Hansen
MG Special - Rangreen (YVGDC8L2),6837,won,2026-04-13,2026-04-22,Rangreen,Marty Freudenburg
GTX Plus Basic - Finjob (JZU0JH07),141384,lost,2026-04-13,2026-06-25,Finjob,Maureen Marcano
GTX Plus Basic - Singletechno (ZEWNPF3K),138675,won,2026-04-13,2026-08-10,Singletechno,Maureen Marcano
GTX Pro - Sonron (6T64JWH9),604107,won,2026-04-13,2026-04-21,Sonron,Maureen Marcano
GTX Plus Basic - Statholdings (E7RTG575),143706,won,2026-04-13,2026-04-23,Statholdings,Niesha Huffines
GTX Pro - Betasoloin (I9U5PCM3),703308,won,2026-04-13,2026-08-14,Betasoloin,Reed Clapper
GTX Pro - Groovestreet (H1Y2W48V),717369,won,2026-04-13,2026-06-04,Groovestreet,Rosalina Dieter
MG Special - Plussunin (YFNRXR7X),7353,won,2026-04-13,2026-04-21,Plussunin,Rosie Papadopoulos
MG Special - Streethex (9MZPL59I),7095,lost,2026-04-13,2026-04-30,Streethex,Versie Hillebrand
GTX Plus Pro - Sonron (7A3R2M9T),707178,qualified,2026-04-13,,Sonron,Vicki Laflamme
GTX Pro - Kan-code (1RL933VJ),621909,lost,2026-04-13,2026-06-19,Kan-code,Vicki Laflamme
MG Advanced - Cheers (GAE0E4RI),437697,lost,2026-04-13,2026-04-25,Cheers,Vicki Laflamme
GTX Basic - Goodsilron (VBN56JMP),63984,won,2026-04-13,2026-04-14,Goodsilron,Vicki Laflamme
GTX Pro - Lexiqvolax (7ITUU2YO),651966,won,2026-04-13,2026-06-14,Lexiqvolax,Vicki Laflamme
MG Special - Bluth Company (NDLX894H),7095,lost,2026-04-13,2026-04-14,Bluth Company,Violet Mclelland
MG Special - Gekko & Co (6ALH2N0I),7095,won,2026-04-13,2026-05-17,Gekko & Co,Violet Mclelland
GTX Plus Basic - Lexiqvolax (G8XGVIG2),141384,lost,2026-04-13,2026-04-22,Lexiqvolax,Zane Levy
GTX Pro - Xx-holding (HCR2GJ3O),621909,lost,2026-04-13,2026-04-23,Xx-holding,Zane Levy
GTX Plus Basic - Singletechno (QABD6SAS),137256,won,2026-04-13,2026-06-18,Singletechno,Zane Levy
GTX Pro - Goodsilron (GUJCRHYU),679572,won,2026-04-13,2026-04-24,Goodsilron,Zane Levy
MG Special - Condax (SHKTBB71),6966,won,2026-04-14,2026-04-23,Condax,Anna Snelling
MG Advanced - Opentech (G0L0B1QC),439503,won,2026-04-14,2026-04-24,Opentech,Cassey Cress
GTX Plus Basic - New prospect (O28I4VDY),141384,qualified,2026-04-14,,,Corliss Cosme
GTX Basic - Bubba Gump (3YC624RD),70950,lost,2026-04-14,2026-05-02,Bubba Gump,Daniell Hammack
GTX Pro - Rundofase (715TBGPE),621909,lost,2026-04-14,2026-05-27,Rundofase,Darcel Schlecht
MG Special - dambase (1Q3JQFAU),7095,lost,2026-04-14,2026-04-22,dambase,Darcel Schlecht
GTX Plus Basic - Treequote (O3K5RKMI),97008,won,2026-04-14,2026-04-15,Treequote,Darcel Schlecht
MG Advanced - Statholdings (75P6HFA0),480783,won,2026-04-14,2026-05-31,Statholdings,Darcel Schlecht
MG Special - Condax (NE0XCH5E),7095,lost,2026-04-14,2026-04-27,Condax,Elease Gluck
GTX Basic - Zoomit (W01768VM),68628,won,2026-04-14,2026-04-24,Zoomit,Elease Gluck
GTX Plus Pro - Xx-zobam (38CPLDAR),707178,lost,2026-04-14,2026-04-26,Xx-zobam,Garret Kinder
GTX Plus Pro - Hottechi (TZRNKT72),707178,lost,2026-04-14,2026-04-19,Hottechi,Gladys Colclough
GTX Plus Pro - Inity (4LXAW8CH),707178,lost,2026-04-14,2026-05-04,Inity,Gladys Colclough
MG Advanced - Condax (GOGIZWW6),404931,won,2026-04-14,2026-06-24,Condax,Gladys Colclough
MG Advanced - Finjob (DOPOI0R5),438987,won,2026-04-14,2026-04-24,Finjob,Hayden Neloms
MG Advanced - New prospect (XRWMLGOG),437697,qualified,2026-04-14,,,James Ascencio
GTX Plus Pro - Plusstrip (69V1WQLK),701760,won,2026-04-14,2026-04-23,Plusstrip,James Ascencio
GTX Plus Pro - Globex Corporation (FEDXQCKJ),735042,won,2026-04-14,2026-04-22,Globex Corporation,Marty Freudenburg
GTX Plus Basic - New prospect (MIXJ9F4F),141384,qualified,2026-04-14,,,Maureen Marcano
GTX Plus Pro - Streethex (RSP75BOI),707178,lost,2026-04-14,2026-04-15,Streethex,Moses Frase
GTX Basic - Genco Pura Olive Oil Company (CKDPWHTZ),72627,won,2026-04-14,2026-04-24,Genco Pura Olive Oil Company,Moses Frase
GTX Basic - Stanredtax (ECBFFQL0),70950,lost,2026-04-14,2026-04-24,Stanredtax,Niesha Huffines
GTX Basic - Kan-code (Z8HW4Z9W),70950,lost,2026-04-14,2026-04-22,Kan-code,Rosie Papadopoulos
MG Special - Konex (0KVZKA5T),7095,lost,2026-04-14,2026-04-21,Konex,Vicki Laflamme
GTX Plus Pro - Sonron (944H7LRC),602817,won,2026-04-14,2026-04-23,Sonron,Vicki Laflamme
MG Advanced - Konex (F0OWRRLN),439245,won,2026-04-14,2026-04-24,Konex,Vicki Laflamme
GTX Basic - New prospect (39EYEBMK),70950,qualified,2026-04-14,,,Violet Mclelland
GTX Basic - Umbrella Corporation (P4RLJHR3),73014,won,2026-04-14,2026-08-12,Umbrella Corporation,Violet Mclelland
GTX Plus Pro - Konex (M10S36W3),717111,won,2026-04-14,2026-08-03,Konex,Wilburn Farren
GTX Pro - Scotfind (HT8UEA0H),621909,lost,2026-04-14,2026-04-21,Scotfind,Zane Levy
GTX Pro - Goodsilron (GR6C7GQ9),618813,won,2026-04-14,2026-06-13,Goodsilron,Zane Levy
GTX Basic - New prospect (LAYVBSH4),70950,qualified,2026-04-15,,,Anna Snelling
MG Special - Dontechi (055Z2OAS),7095,qualified,2026-04-15,,Dontechi,Anna Snelling
MG Special - Konmatfix (Q9VC6GV0),7095,qualified,2026-04-15,,Konmatfix,Anna Snelling
MG Special - Dontechi (G11DEJSL),7095,lost,2026-04-15,2026-04-26,Dontechi,Anna Snelling
MG Special - Betatech (BP45IP77),6837,won,2026-04-15,2026-04-21,Betatech,Anna Snelling
MG Advanced - Zotware (3XJI7AD8),437697,lost,2026-04-15,2026-06-24,Zotware,Cassey Cress
MG Special - New prospect (8D8JOXP6),7095,qualified,2026-04-15,,,Cecily Lampkin
MG Special - New prospect (IPHP2GVT),7095,qualified,2026-04-15,,,Cecily Lampkin
GTX Plus Basic - Donquadtech (XP7YG96H),123195,won,2026-04-15,2026-04-26,Donquadtech,Corliss Cosme
GTX Plus Pro - Yearin (GP4JNSJY),707178,lost,2026-04-15,2026-04-26,Yearin,Daniell Hammack
GTX Basic - New prospect (X8M3SCVF),70950,qualified,2026-04-15,,,Darcel Schlecht
GTX Plus Pro - Isdom (I3KQNE9V),707178,qualified,2026-04-15,,Isdom,Darcel Schlecht
GTX Pro - New prospect (NU4ACGMY),621909,qualified,2026-04-15,,,Darcel Schlecht
GTX Pro - Betatech (EBVL81O5),621909,lost,2026-04-15,2026-04-18,Betatech,Darcel Schlecht
GTX Plus Basic - Globex Corporation (NDHQMBA0),136740,won,2026-04-15,2026-04-30,Globex Corporation,Darcel Schlecht
GTX Pro - Gogozoom (XV03TJV1),696729,won,2026-04-15,2026-04-22,Gogozoom,Darcel Schlecht
GTX Pro - New prospect (CCLIVXMG),621909,qualified,2026-04-15,,,Elease Gluck
GTX Plus Pro - Kan-code (FQ5A489H),631455,won,2026-04-15,2026-04-22,Kan-code,Garret Kinder
GTX Plus Pro - Treequote (3PZ6Y6AJ),633003,won,2026-04-15,2026-04-17,Treequote,Gladys Colclough
MG Special - Xx-zobam (LDK61ORQ),7095,qualified,2026-04-15,,Xx-zobam,Hayden Neloms
MG Advanced - Y-corporation (564Y2IOV),437697,lost,2026-04-15,2026-04-25,Y-corporation,Hayden Neloms
GTX Plus Basic - Sunnamplex (W7VULS00),150930,won,2026-04-15,2026-06-27,Sunnamplex,Hayden Neloms
MG Advanced - Faxquote (PLW3NMLJ),350622,won,2026-04-15,2026-04-24,Faxquote,Hayden Neloms
MG Special - Plusstrip (MMVGTXDB),7095,lost,2026-04-15,2026-05-27,Plusstrip,James Ascencio
GTX Pro - Inity (PQOHTS9I),621909,qualified,2026-04-15,,Inity,Jonathan Berthelot
GTX Basic - Kan-code (6UCZ36IC),70950,lost,2026-04-15,2026-08-01,Kan-code,Kami Bicknell
GTX Basic - Green-Plus (4IC989F8),70950,lost,2026-04-15,2026-04-26,Green-Plus,Kary Hendrixson
MG Special - Plexzap (Y5FM7TJT),7095,lost,2026-04-15,2026-04-17,Plexzap,Kary Hendrixson
GTX Basic - Goodsilron (OB3K0SVW),80496,won,2026-04-15,2026-05-05,Goodsilron,Kary Hendrixson
GTX Plus Basic - Konmatfix (LORMJLTE),141384,qualified,2026-04-15,,Konmatfix,Lajuana Vencill
MG Special - New prospect (HIVUC1C4),7095,qualified,2026-04-15,,,Lajuana Vencill
GTX Plus Pro - Isdom (WWOCI25Z),707178,lost,2026-04-15,2026-04-26,Isdom,Lajuana Vencill
MG Advanced - Cancity (1UFFP5T3),437697,lost,2026-04-15,2026-04-29,Cancity,Lajuana Vencill
GTX Basic - Genco Pura Olive Oil Company (ALMZ6ZUI),69273,won,2026-04-15,2026-04-25,Genco Pura Olive Oil Company,Lajuana Vencill
GTX Plus Basic - Dontechi (B4UIGJRX),140481,won,2026-04-15,2026-04-26,Dontechi,Lajuana Vencill
MG Advanced - Codehow (ZCAEQT06),432408,won,2026-04-15,2026-04-23,Codehow,Lajuana Vencill
GTX Pro - Rantouch (XBO6IN0E),621909,lost,2026-04-15,2026-07-29,Rantouch,Markita Hansen
GTX Basic - Singletechno (U1SBKB0U),69015,won,2026-04-15,2026-04-19,Singletechno,Markita Hansen
GTX Plus Pro - Ontomedia (E3XLWCWX),707178,qualified,2026-04-15,,Ontomedia,Marty Freudenburg
MG Advanced - New prospect (7LD79NYD),437697,qualified,2026-04-15,,,Marty Freudenburg
GTX Basic - Rangreen (8S7IAR2D),73659,won,2026-04-15,2026-06-22,Rangreen,Marty Freudenburg
MG Advanced - Cheers (RWQKOD1W),456015,won,2026-04-15,2026-06-26,Cheers,Maureen Marcano
GTX Basic - New prospect (BKOWQMMV),70950,qualified,2026-04-15,,,Moses Frase
MG Advanced - Bioholding (6TOOTFQV),514065,won,2026-04-15,2026-04-23,Bioholding,Moses Frase
GTX Basic - Hatfan (2WDSO6PG),70950,qualified,2026-04-15,,Hatfan,Niesha Huffines
MG Advanced - Massive Dynamic (I776MNA8),460272,won,2026-04-15,2026-04-17,Massive Dynamic,Rosie Papadopoulos
GTX Basic - New prospect (IQFDPIND),70950,qualified,2026-04-15,,,Versie Hillebrand
MG Special - Bioholding (VG17J29L),7095,lost,2026-04-15,2026-04-25,Bioholding,Versie Hillebrand
MG Special - Funholding (F7R8ICT8),8385,won,2026-04-15,2026-04-23,Funholding,Versie Hillebrand
MG Special - Funholding (KULR6FMD),6063,won,2026-04-15,2026-04-21,Funholding,Versie Hillebrand
GTX Pro - Green-Plus (JHCA115A),621909,qualified,2026-04-15,,Green-Plus,Vicki Laflamme
MG Advanced - Lexiqvolax (DMG5EOFC),437697,qualified,2026-04-15,,Lexiqvolax,Violet Mclelland
GTX Plus Basic - New prospect (ZGFB0IF1),141384,qualified,2026-04-16,,,Anna Snelling
GTX Plus Pro - Groovestreet (LD4F6QTP),707178,qualified,2026-04-16,,Groovestreet,Anna Snelling
GTX Plus Pro - Labdrill (1FEHFRKX),707178,qualified,2026-04-16,,Labdrill,Anna Snelling
MG Special - Silis (DNBR1VHP),7095,qualified,2026-04-16,,Silis,Anna Snelling
MG Special - New prospect (1R2CLEGQ),7095,qualified,2026-04-16,,,Anna Snelling
GTX Plus Basic - Ron-tech (KOG75BRP),141384,lost,2026-04-16,2026-08-08,Ron-tech,Anna Snelling
GTX Plus Basic - Ron-tech (SV3T5L5N),149640,won,2026-04-16,2026-04-17,Ron-tech,Anna Snelling
GTX Plus Pro - Stanredtax (THRXY3SV),754263,won,2026-04-16,2026-05-20,Stanredtax,Anna Snelling
MG Advanced - Kan-code (9BFHDZOK),437697,lost,2026-04-16,2026-04-26,Kan-code,Boris Faz
GTX Plus Basic - Yearin (IHOU09D6),132741,won,2026-04-16,2026-06-17,Yearin,Boris Faz
GTX Plus Pro - Ontomedia (BJWS06GX),707178,lost,2026-04-16,2026-04-17,Ontomedia,Corliss Cosme
GTX Pro - Donquadtech (4IVW7F68),621909,lost,2026-04-16,2026-04-27,Donquadtech,Corliss Cosme
GTX Plus Basic - New prospect (NSO0UHK1),141384,qualified,2026-04-16,,,Daniell Hammack
MG Advanced - Konex (ROSYV895),437697,lost,2026-04-16,2026-08-06,Konex,Daniell Hammack
GTX Plus Basic - New prospect (LHBWJAD3),141384,qualified,2026-04-16,,,Darcel Schlecht
GTX Plus Basic - New prospect (KRWKDPWW),141384,qualified,2026-04-16,,,Darcel Schlecht
GTX Pro - New prospect (6V7FT2YU),621909,qualified,2026-04-16,,,Darcel Schlecht
GTX Pro - Funholding (3V7Q3G52),621909,lost,2026-04-16,2026-04-24,Funholding,Darcel Schlecht
GTX Pro - Gogozoom (4U3OSLNM),621909,lost,2026-04-16,2026-04-24,Gogozoom,Darcel Schlecht
GTX Pro - Rangreen (LX4D50OF),621909,lost,2026-04-16,2026-05-01,Rangreen,Darcel Schlecht
GTX Pro - Stanredtax (CWBHL1S7),621909,lost,2026-04-16,2026-04-24,Stanredtax,Darcel Schlecht
MG Advanced - Bioholding (FCBBJJIJ),437697,lost,2026-04-16,2026-04-19,Bioholding,Darcel Schlecht
GTX Pro - Treequote (1D1L6FJX),652482,won,2026-04-16,2026-05-14,Treequote,Darcel Schlecht
GTX Plus Basic - Gekko & Co (L2P99XIG),141384,lost,2026-04-16,2026-06-18,Gekko & Co,Donn Cantrell
GTX Pro - Silis (DEN2BPRR),621909,lost,2026-04-16,2026-06-24,Silis,Donn Cantrell
GTX Pro - Zathunicon (1QGOH13Z),621909,lost,2026-04-16,2026-04-24,Zathunicon,Donn Cantrell
MG Advanced - Rangreen (PCTOIQZA),458208,won,2026-04-16,2026-08-11,Rangreen,Gladys Colclough
GTX Plus Basic - Konmatfix (OI3UIKVF),141384,qualified,2026-04-16,,Konmatfix,Hayden Neloms
GTX Plus Pro - Kan-code (8AK1G9IT),712854,won,2026-04-16,2026-08-05,Kan-code,Hayden Neloms
GTX Basic - Cheers (GY10EROJ),70950,qualified,2026-04-16,,Cheers,Jonathan Berthelot
GTX Basic - New prospect (90G292UY),70950,qualified,2026-04-16,,,Jonathan Berthelot
GTX Basic - New prospect (JDHHDOX8),70950,qualified,2026-04-16,,,Jonathan Berthelot
GTX Basic - New prospect (KTWP0SMT),70950,qualified,2026-04-16,,,Jonathan Berthelot
GTX Plus Basic - Gekko & Co (29W6WPLA),141384,qualified,2026-04-16,,Gekko & Co,Jonathan Berthelot
GTX Plus Basic - New prospect (CDVDL9I5),141384,qualified,2026-04-16,,,Jonathan Berthelot
GTX Pro - New prospect (PJ75Q8VM),621909,qualified,2026-04-16,,,Jonathan Berthelot
MG Special - New prospect (0NSRB3EO),7095,qualified,2026-04-16,,,Jonathan Berthelot
MG Advanced - Kinnamplus (TDJ3N8EJ),437697,qualified,2026-04-16,,Kinnamplus,Kami Bicknell
GTX Pro - Plexzap (AEMGFUYH),571212,won,2026-04-16,2026-04-22,Plexzap,Kary Hendrixson
GTX Pro - Sumace (7439NGIG),621909,qualified,2026-04-16,,Sumace,Marty Freudenburg
GTX Basic - Singletechno (6GLF0PU0),67467,won,2026-04-16,2026-04-23,Singletechno,Maureen Marcano
GTX Basic - New prospect (3JW6CZ7K),70950,qualified,2026-04-16,,,Moses Frase
GTX Plus Pro - Genco Pura Olive Oil Company (F3EOBN5A),707178,qualified,2026-04-16,,Genco Pura Olive Oil Company,Moses Frase
GTX Plus Basic - New prospect (AERVH1AC),141384,qualified,2026-04-16,,,Niesha Huffines
GTX Plus Pro - Blackzim (BBOWBQA6),707178,qualified,2026-04-16,,Blackzim,Niesha Huffines
GTX Plus Basic - Mathtouch (908W84Y6),141384,lost,2026-04-16,2026-04-18,Mathtouch,Reed Clapper
GTX Plus Pro - Plussunin (48CVYAIE),707178,lost,2026-04-16,2026-04-26,Plussunin,Reed Clapper
GTX Pro - Mathtouch (ULY6LFT1),695568,won,2026-04-16,2026-04-27,Mathtouch,Rosie Papadopoulos
GTX Basic - Finjob (IYDR200I),70950,lost,2026-04-16,2026-04-23,Finjob,Vicki Laflamme
MG Special - Zencorporation (2QHB4SYK),7095,won,2026-04-16,2026-04-24,Zencorporation,Violet Mclelland
GTX Plus Basic - Plussunin (GEQ7KT9J),141384,qualified,2026-04-16,,Plussunin,Wilburn Farren
GTX Plus Basic - New prospect (S50ETCN7),141384,qualified,2026-04-17,,,Anna Snelling
MG Advanced - Hatfan (0KRVN3V5),437697,qualified,2026-04-17,,Hatfan,Anna Snelling
GTX Basic - Treequote (JNDSA5B4),70950,lost,2026-04-17,2026-08-03,Treequote,Anna Snelling
GTX Pro - Gekko & Co (L3DT2WVO),541413,won,2026-04-17,2026-08-17,Gekko & Co,Boris Faz
MG Advanced - Mathtouch (OCMCRBJR),494070,won,2026-04-17,2026-06-15,Mathtouch,Boris Faz
GTX Basic - Donware (II0SKLFO),63726,won,2026-04-17,2026-04-26,Donware,Cassey Cress
GTX Plus Basic - New prospect (UJ58VMZT),141384,qualified,2026-04-17,,,Cecily Lampkin
GTX Plus Basic - New prospect (E8GD44YC),141384,qualified,2026-04-17,,,Cecily Lampkin
MG Special - New prospect (A3T91VUM),7095,qualified,2026-04-17,,,Cecily Lampkin
GTX Plus Pro - Konex (LIYJSU0E),660222,won,2026-04-17,2026-04-18,Konex,Daniell Hammack
GTX Pro - New prospect (S6YZO6UQ),621909,qualified,2026-04-17,,,Darcel Schlecht
GTX Pro - New prospect (PI45UJKA),621909,qualified,2026-04-17,,,Darcel Schlecht
MG Special - Betasoloin (T9QD8U1Y),7095,qualified,2026-04-17,,Betasoloin,Darcel Schlecht
MG Advanced - Bubba Gump (WLDFQR7Z),437697,qualified,2026-04-17,,Bubba Gump,Darcel Schlecht
MG Advanced - Scotfind (PNISVWNN),437697,qualified,2026-04-17,,Scotfind,Darcel Schlecht
GTX Plus Basic - Toughzap (SEDTNUD7),129000,won,2026-04-17,2026-04-24,Toughzap,Darcel Schlecht
GTX Pro - Conecom (9UO306XU),689763,won,2026-04-17,2026-04-22,Conecom,Darcel Schlecht
GTX Basic - Ganjaflex (GN16L9RW),70950,lost,2026-04-17,2026-04-18,Ganjaflex,Donn Cantrell
GTX Basic - Sumace (GVRA1VJJ),70950,lost,2026-04-17,2026-04-25,Sumace,Donn Cantrell
GTX Plus Pro - Plussunin (TBXMDI2Q),688860,won,2026-04-17,2026-05-20,Plussunin,Donn Cantrell
GTX Basic - New prospect (0HVUV9OY),70950,qualified,2026-04-17,,,Gladys Colclough
MG Special - Silis (GVJFKHNL),7095,qualified,2026-04-17,,Silis,Gladys Colclough
MG Advanced - New prospect (COSC7XVA),437697,qualified,2026-04-17,,,Gladys Colclough
GTX Basic - Streethex (L6CE1E4L),70950,lost,2026-04-17,2026-08-14,Streethex,Gladys Colclough
MG Advanced - Stanredtax (RNCYPVJO),383130,won,2026-04-17,2026-04-27,Stanredtax,Gladys Colclough
GTX Pro - Rantouch (9UTOQBAH),621909,lost,2026-04-17,2026-04-24,Rantouch,James Ascencio
GTX Basic - Stanredtax (WARBRUXU),70950,qualified,2026-04-17,,Stanredtax,Jonathan Berthelot
GTX Plus Basic - New prospect (02K37JAK),141384,qualified,2026-04-17,,,Jonathan Berthelot
GTX Plus Basic - New prospect (6F5TIV66),141384,qualified,2026-04-17,,,Jonathan Berthelot
GTX Basic - New prospect (HTEAOHFO),70950,qualified,2026-04-17,,,Kami Bicknell
GTX Plus Basic - Sonron (PAUXUGK3),128613,won,2026-04-17,2026-04-26,Sonron,Kary Hendrixson
MG Special - New prospect (VJ9K12PY),7095,qualified,2026-04-17,,,Lajuana Vencill
GTX Plus Basic - Funholding (HWY9HTK2),141384,lost,2026-04-17,2026-04-25,Funholding,Lajuana Vencill
MG Advanced - Stanredtax (983QHALZ),437697,lost,2026-04-17,2026-04-26,Stanredtax,Lajuana Vencill
GTX Plus Basic - Treequote (MV7I9RKH),141384,qualified,2026-04-17,,Treequote,Marty Freudenburg
GTX Plus Pro - Silis (CBQRKYZP),707178,qualified,2026-04-17,,Silis,Marty Freudenburg
GTX Plus Basic - New prospect (ETLF2H4K),141384,qualified,2026-04-17,,,Maureen Marcano
GTX Pro - New prospect (XVB2CGL6),621909,qualified,2026-04-17,,,Maureen Marcano
MG Special - New prospect (GE4QGOCI),7095,qualified,2026-04-17,,,Moses Frase
GTX Basic - Finhigh (P5B6BZWO),67854,won,2026-04-17,2026-04-26,Finhigh,Moses Frase
GTX Plus Pro - Codehow (F7ZPP0C4),707178,lost,2026-04-17,2026-04-24,Codehow,Niesha Huffines
GTX Basic - Dontechi (N0UCNVKJ),53922,won,2026-04-17,2026-04-26,Dontechi,Niesha Huffines
MG Special - Streethex (5OAWTEIU),6966,won,2026-04-17,2026-04-24,Streethex,Niesha Huffines
GTX Basic - Groovestreet (55NG8O95),80238,won,2026-04-17,2026-06-04,Groovestreet,Rosalina Dieter
GTX Plus Pro - Umbrella Corporation (DL3Q5HAD),635970,won,2026-04-17,2026-05-20,Umbrella Corporation,Rosie Papadopoulos
GTX Plus Pro - New prospect (3YDXZ4FA),707178,qualified,2026-04-17,,,Versie Hillebrand
MG Special - Hottechi (EUBMHJGQ),7095,qualified,2026-04-17,,Hottechi,Versie Hillebrand
MG Special - Scottech (0T9EBKZL),6579,won,2026-04-17,2026-04-24,Scottech,Versie Hillebrand
MG Advanced - Betatech (6KOHYTT4),408543,won,2026-04-17,2026-04-26,Betatech,Versie Hillebrand
MG Advanced - Globex Corporation (3L8ECZK8),391902,won,2026-04-17,2026-06-24,Globex Corporation,Versie Hillebrand
GTX Pro - Umbrella Corporation (R69OYH4Z),621909,qualified,2026-04-17,,Umbrella Corporation,Vicki Laflamme
GTX Pro - New prospect (S0Z4QVL2),621909,qualified,2026-04-17,,,Vicki Laflamme
MG Advanced - Xx-holding (JAH8NGC2),367779,won,2026-04-17,2026-06-21,Xx-holding,Vicki Laflamme
GTX Plus Basic - Cheers (I9SPENCQ),141384,qualified,2026-04-17,,Cheers,Violet Mclelland
GTX Basic - New prospect (REAFB3C3),70950,qualified,2026-04-17,,,Zane Levy
GTX Basic - New prospect (0Z8ZAS2M),70950,qualified,2026-04-17,,,Zane Levy
GTX Basic - New prospect (VRCYXSP1),70950,qualified,2026-04-17,,,Zane Levy
GTX Basic - Dalttechnology (93818DZF),70950,lost,2026-04-17,2026-08-15,Dalttechnology,Zane Levy
GTX Pro - Doncon (7B3DXNZL),681507,won,2026-04-17,2026-04-18,Doncon,Zane Levy
MG Special - Doncon (DZAFN4I1),6321,won,2026-04-17,2026-04-19,Doncon,Zane Levy
GTX Basic - New prospect (QRR70537),70950,qualified,2026-04-18,,,Anna Snelling
GTX Plus Pro - New prospect (T4AW06MM),707178,qualified,2026-04-18,,,Anna Snelling
MG Special - Singletechno (FEFNNXH1),7095,qualified,2026-04-18,,Singletechno,Anna Snelling
MG Special - New prospect (3DATPTEH),7095,qualified,2026-04-18,,,Anna Snelling
MG Special - New prospect (FT5U6NIG),7095,qualified,2026-04-18,,,Anna Snelling
MG Special - New prospect (RQF6II3D),7095,qualified,2026-04-18,,,Anna Snelling
MG Advanced - New prospect (E9J482PX),437697,qualified,2026-04-18,,,Anna Snelling
GTX Plus Basic - Condax (RZYCBSQN),141384,lost,2026-04-18,2026-04-25,Condax,Anna Snelling
MG Advanced - Statholdings (84BIAFGY),437697,lost,2026-04-18,2026-07-31,Statholdings,Anna Snelling
GTX Plus Basic - Xx-zobam (YQACOZV4),141384,lost,2026-04-18,2026-06-09,Xx-zobam,Cassey Cress
MG Special - Gekko & Co (DNIX6FCG),7095,lost,2026-04-18,2026-04-23,Gekko & Co,Cassey Cress
MG Advanced - Initech (6U7RD3TG),475236,won,2026-04-18,2026-04-19,Initech,Cassey Cress
MG Advanced - Silis (610D6711),385194,won,2026-04-18,2026-08-20,Silis,Cassey Cress
GTX Basic - New prospect (8QDSXHQ8),70950,qualified,2026-04-18,,,Cecily Lampkin
GTX Plus Basic - New prospect (5DQZSOBE),141384,qualified,2026-04-18,,,Cecily Lampkin
MG Advanced - Treequote (OT5G3M9A),437697,qualified,2026-04-18,,Treequote,Cecily Lampkin
MG Special - Stanredtax (3Z5NBGAT),6450,won,2026-04-18,2026-04-19,Stanredtax,Cecily Lampkin
GTX Pro - Donware (WNRDPS5I),621909,lost,2026-04-18,2026-04-29,Donware,Corliss Cosme
GTX Pro - Ganjaflex (ZUSDWKSM),621909,lost,2026-04-18,2026-04-25,Ganjaflex,Corliss Cosme
GTX Basic - New prospect (TQQDICC6),70950,qualified,2026-04-18,,,Darcel Schlecht
GTX Plus Basic - New prospect (P66UXGPS),141384,qualified,2026-04-18,,,Darcel Schlecht
GTX Pro - New prospect (FY5MBCWQ),621909,qualified,2026-04-18,,,Darcel Schlecht
MG Special - New prospect (UAX2OR58),7095,qualified,2026-04-18,,,Darcel Schlecht
GTX Pro - Streethex (NK1TQTYO),621909,lost,2026-04-18,2026-04-20,Streethex,Darcel Schlecht
GTX Plus Basic - Gogozoom (676KO0LG),119583,won,2026-04-18,2026-04-25,Gogozoom,Darcel Schlecht
GTX Pro - dambase (D6PFP040),659577,won,2026-04-18,2026-06-02,dambase,Darcel Schlecht
MG Special - Blackzim (MHMD41XY),6579,won,2026-04-18,2026-04-19,Blackzim,Elease Gluck
GTX Basic - New prospect (YBY3PA1S),70950,qualified,2026-04-18,,,Gladys Colclough
GTX Plus Basic - Funholding (751V8OFM),141384,qualified,2026-04-18,,Funholding,Gladys Colclough
MG Special - Opentech (33BMGHPN),7095,qualified,2026-04-18,,Opentech,Gladys Colclough
MG Special - New prospect (XNHTLVT1),7095,qualified,2026-04-18,,,Gladys Colclough
MG Advanced - Mathtouch (8TFYRWZ6),437697,qualified,2026-04-18,,Mathtouch,Gladys Colclough
MG Special - Finjob (LRLER1XS),8256,won,2026-04-18,2026-06-11,Finjob,Hayden Neloms
MG Special - New prospect (E26Z10W7),7095,qualified,2026-04-18,,,James Ascencio
GTX Plus Basic - New prospect (ZTQD4PLQ),141384,qualified,2026-04-18,,,Jonathan Berthelot
GTX Basic - Rundofase (4RWE00T8),70950,lost,2026-04-18,2026-08-02,Rundofase,Jonathan Berthelot
GTX Plus Basic - Domzoom (P3XN6SXX),141384,lost,2026-04-18,2026-04-20,Domzoom,Jonathan Berthelot
GTX Pro - Hottechi (L65X2CDL),621909,lost,2026-04-18,2026-08-09,Hottechi,Jonathan Berthelot
GTX Basic - Konex (12HRYJQH),57018,won,2026-04-18,2026-04-19,Konex,Kary Hendrixson
GTX Basic - New prospect (2CZUU9E0),70950,qualified,2026-04-18,,,Lajuana Vencill
GTX Plus Basic - New prospect (I2ESAAIK),141384,qualified,2026-04-18,,,Lajuana Vencill
GTX Plus Pro - New prospect (IMLG35AP),707178,qualified,2026-04-18,,,Lajuana Vencill
MG Advanced - New prospect (0T2CY70E),437697,qualified,2026-04-18,,,Lajuana Vencill
GTX Pro - Fasehatice (5ZA8MURX),621909,lost,2026-04-18,2026-04-26,Fasehatice,Markita Hansen
MG Advanced - Blackzim (Y7AC2LSL),388935,won,2026-04-18,2026-06-27,Blackzim,Markita Hansen
MG Advanced - Cancity (ME2X1TEG),437697,lost,2026-04-18,2026-04-20,Cancity,Marty Freudenburg
GTX Plus Pro - Xx-holding (30KP0JMN),707178,lost,2026-04-18,2026-04-19,Xx-holding,Maureen Marcano
MG Special - Kinnamplus (AWCGYWTE),7095,qualified,2026-04-18,,Kinnamplus,Moses Frase
MG Special - New prospect (UJTU7DUB),7095,qualified,2026-04-18,,,Moses Frase
MG Advanced - New prospect (JOLNKYNH),437697,qualified,2026-04-18,,,Moses Frase
MG Advanced - New prospect (TV2M081C),437697,qualified,2026-04-18,,,Moses Frase
MG Advanced - New prospect (SJGOQMLT),437697,qualified,2026-04-18,,,Moses Frase
MG Advanced - Condax (BG156UAV),437697,lost,2026-04-18,2026-04-19,Condax,Moses Frase
GTX Plus Basic - Stanredtax (S7T5AHQH),151446,won,2026-04-18,2026-04-19,Stanredtax,Moses Frase
MG Advanced - Rangreen (48UPZJ45),476784,won,2026-04-18,2026-06-25,Rangreen,Niesha Huffines
GTX Basic - Mathtouch (T0SO96YG),70950,lost,2026-04-18,2026-04-26,Mathtouch,Reed Clapper
MG Advanced - Betasoloin (YCQABCDI),419508,won,2026-04-18,2026-07-31,Betasoloin,Reed Clapper
MG Special - New prospect (MM79TSUR),7095,qualified,2026-04-18,,,Versie Hillebrand
MG Special - New prospect (INLVV78V),7095,qualified,2026-04-18,,,Versie Hillebrand
MG Special - New prospect (4JTH72JR),7095,qualified,2026-04-18,,,Versie Hillebrand
MG Advanced - New prospect (TTKPNDTP),437697,qualified,2026-04-18,,,Versie Hillebrand
MG Special - Genco Pura Olive Oil Company (8JZ4R9BW),7095,lost,2026-04-18,2026-08-01,Genco Pura Olive Oil Company,Versie Hillebrand
MG Special - Globex Corporation (PTFOEUO4),7095,lost,2026-04-18,2026-04-19,Globex Corporation,Versie Hillebrand
GTX Pro - Doncon (ZCCBTBIQ),621909,lost,2026-04-18,2026-04-19,Doncon,Vicki Laflamme
MG Special - Hottechi (1TJ6WP5R),8385,won,2026-04-18,2026-06-20,Hottechi,Vicki Laflamme
GTX Plus Basic - Statholdings (QELHQ898),141384,qualified,2026-04-18,,Statholdings,Zane Levy
MG Special - New prospect (J732416R),7095,qualified,2026-04-19,,,Anna Snelling
MG Special - New prospect (IAUXJ05J),7095,qualified,2026-04-19,,,Anna Snelling
MG Advanced - New prospect (G7H64S20),437697,qualified,2026-04-19,,,Anna Snelling
GTX Plus Pro - New prospect (9Q7NSPTF),707178,qualified,2026-04-19,,,Cassey Cress
GTX Plus Basic - Yearin (WHF75273),116616,won,2026-04-19,2026-06-02,Yearin,Cassey Cress
GTX Basic - Toughzap (AH58AQ3B),69789,won,2026-04-19,2026-04-20,Toughzap,Cecily Lampkin
GTX Basic - Kinnamplus (292W4P09),81270,won,2026-04-19,2026-04-21,Kinnamplus,Corliss Cosme
GTX Plus Basic - Xx-zobam (MG0LTCCE),158799,won,2026-04-19,2026-04-26,Xx-zobam,Daniell Hammack
GTX Basic - New prospect (ZRCQXB38),70950,qualified,2026-04-19,,,Darcel Schlecht
GTX Plus Basic - New prospect (EJJCUJ3P),141384,qualified,2026-04-19,,,Darcel Schlecht
GTX Plus Basic - New prospect (ODFL6HOF),141384,qualified,2026-04-19,,,Darcel Schlecht
GTX Pro - New prospect (Q1HNDPKW),621909,qualified,2026-04-19,,,Darcel Schlecht
GTX Basic - Domzoom (ANNUH4KM),71724,won,2026-04-19,2026-08-17,Domzoom,Darcel Schlecht
GTX Plus Basic - Stanredtax (L3V8UK9H),138030,won,2026-04-19,2026-04-27,Stanredtax,Darcel Schlecht
MG Special - Newex (2CRE26AC),7353,won,2026-04-19,2026-04-21,Newex,Elease Gluck
MG Special - New prospect (6GG9CSTV),7095,qualified,2026-04-19,,,Gladys Colclough
MG Special - New prospect (5WSQ6D2E),7095,qualified,2026-04-19,,,Gladys Colclough
GTX Plus Basic - Hatfan (3J1LNCA4),141384,lost,2026-04-19,2026-04-27,Hatfan,Hayden Neloms
GTX Plus Pro - J-Texon (4PDYHVX1),622296,won,2026-04-19,2026-04-21,J-Texon,James Ascencio
GTX Plus Pro - Streethex (BICJY3FZ),780321,won,2026-04-19,2026-08-16,Streethex,Jonathan Berthelot
MG Special - Doncon (4P12PLQA),7482,won,2026-04-19,2026-04-24,Doncon,Kami Bicknell
MG Advanced - Konex (4942W0E7),430215,won,2026-04-19,2026-05-17,Konex,Kami Bicknell
GTX Plus Basic - Doncon (TGTJ0NBT),141384,lost,2026-04-19,2026-04-26,Doncon,Kary Hendrixson
GTX Basic - New prospect (K6MTPSB5),70950,qualified,2026-04-19,,,Lajuana Vencill
GTX Basic - New prospect (D2QPN9LN),70950,qualified,2026-04-19,,,Lajuana Vencill
GTK 500 - Rundofase (021Z2J9L),3453072,qualified,2026-04-19,,Rundofase,Markita Hansen
GTX Pro - Kan-code (W8W6N0LL),621909,lost,2026-04-19,2026-08-04,Kan-code,Markita Hansen
GTX Plus Basic - Dontechi (SEF4LOIS),141384,lost,2026-04-19,2026-04-21,Dontechi,Marty Freudenburg
GTX Plus Basic - Toughzap (BNIU5YZ2),129774,won,2026-04-19,2026-05-04,Toughzap,Marty Freudenburg
MG Advanced - Streethex (CPK36NED),434343,won,2026-04-19,2026-04-29,Streethex,Marty Freudenburg
GTX Basic - Finjob (VYWQ3U5S),70950,lost,2026-04-19,2026-08-07,Finjob,Maureen Marcano
GTX Plus Basic - Sonron (HDWQM6JT),141384,lost,2026-04-19,2026-04-24,Sonron,Maureen Marcano
GTX Basic - New prospect (EYBMEX1Z),70950,qualified,2026-04-19,,,Moses Frase
MG Special - Statholdings (T0MUE2H7),7095,lost,2026-04-19,2026-05-03,Statholdings,Moses Frase
GTX Plus Basic - Xx-zobam (G1M1KVHU),141384,qualified,2026-04-19,,Xx-zobam,Niesha Huffines
MG Advanced - New prospect (LXS3Z82E),437697,qualified,2026-04-19,,,Niesha Huffines
GTX Plus Basic - Cancity (ZDRRL61D),141384,lost,2026-04-19,2026-04-21,Cancity,Niesha Huffines
GTX Pro - Ontomedia (YRWX35AS),621909,lost,2026-04-19,2026-04-27,Ontomedia,Reed Clapper
GTX Basic - Xx-zobam (YT5I3AUS),63726,won,2026-04-19,2026-04-27,Xx-zobam,Reed Clapper
GTX Pro - Ontomedia (IS8Z2CQA),571986,won,2026-04-19,2026-04-26,Ontomedia,Reed Clapper
GTX Plus Basic - Kinnamplus (S3LATQVJ),141384,qualified,2026-04-19,,Kinnamplus,Versie Hillebrand
MG Special - New prospect (P3Z2LYCL),7095,qualified,2026-04-19,,,Versie Hillebrand
MG Special - Treequote (LPR6G7AE),7095,lost,2026-04-19,2026-04-24,Treequote,Versie Hillebrand
MG Advanced - Zumgoity (CJAQVPDP),437697,lost,2026-04-19,2026-06-02,Zumgoity,Versie Hillebrand
MG Special - Initech (757V8R2Z),6966,won,2026-04-19,2026-05-29,Initech,Violet Mclelland
MG Special - Kan-code (7KUYF1U3),6192,won,2026-04-19,2026-05-03,Kan-code,Violet Mclelland
MG Advanced - Donware (7QE84GCH),368295,won,2026-04-19,2026-06-09,Donware,Violet Mclelland
GTX Basic - Kinnamplus (1WA46LC9),69402,won,2026-04-19,2026-04-26,Kinnamplus,Wilburn Farren
GTX Basic - New prospect (MIGDLH14),70950,qualified,2026-04-19,,,Zane Levy
GTX Plus Pro - J-Texon (L9CJZZ59),707178,lost,2026-04-19,2026-06-26,J-Texon,Zane Levy
GTX Plus Pro - Scotfind (7FZ9CBZ3),707178,qualified,2026-04-20,,Scotfind,Anna Snelling
GTX Plus Pro - New prospect (513PSPBN),707178,qualified,2026-04-20,,,Anna Snelling
GTX Plus Pro - Funholding (JWUWBI4D),707178,lost,2026-04-20,2026-05-31,Funholding,Anna Snelling
MG Advanced - New prospect (11LIZUQE),437697,qualified,2026-04-20,,,Cassey Cress
GTX Basic - Zotware (GHB3UIDV),59082,won,2026-04-20,2026-04-22,Zotware,Corliss Cosme
GTX Pro - Dontechi (0TC6I9SJ),621909,qualified,2026-04-20,,Dontechi,Darcel Schlecht
GTX Pro - New prospect (WGFTBY3W),621909,qualified,2026-04-20,,,Darcel Schlecht
GTX Pro - New prospect (NCCB118E),621909,qualified,2026-04-20,,,Darcel Schlecht
MG Special - New prospect (WSQHC199),7095,qualified,2026-04-20,,,Darcel Schlecht
MG Advanced - New prospect (VV6T07G4),437697,qualified,2026-04-20,,,Darcel Schlecht
GTX Plus Basic - Warephase (23R03LTJ),128484,won,2026-04-20,2026-05-04,Warephase,Darcel Schlecht
GTX Pro - Genco Pura Olive Oil Company (AHUTOSMS),615588,won,2026-04-20,2026-04-27,Genco Pura Olive Oil Company,Darcel Schlecht
GTX Pro - Initech (2T3QDLXY),579210,won,2026-04-20,2026-04-22,Initech,Donn Cantrell
MG Advanced - Gekko & Co (J5DVK5F3),420540,won,2026-04-20,2026-07-30,Gekko & Co,Donn Cantrell
GTX Basic - Doncon (M3PCMYJ0),75336,won,2026-04-20,2026-05-03,Doncon,Elease Gluck
MG Advanced - Kan-code (H5RRJOD9),434859,won,2026-04-20,2026-04-26,Kan-code,Elease Gluck
GTX Basic - New prospect (7OZ7L8BB),70950,qualified,2026-04-20,,,Gladys Colclough
GTX Plus Pro - Y-corporation (RTWAUR7C),707178,qualified,2026-04-20,,Y-corporation,Gladys Colclough
GTX Pro - Condax (BUQ655AB),627972,won,2026-04-20,2026-06-24,Condax,Gladys Colclough
MG Advanced - Rangreen (QDNA6HW3),421959,won,2026-04-20,2026-05-04,Rangreen,Gladys Colclough
GTX Basic - New prospect (QGXJLNK1),70950,qualified,2026-04-20,,,Jonathan Berthelot
GTX Pro - Treequote (T0VHKKCN),621909,lost,2026-04-20,2026-04-21,Treequote,Jonathan Berthelot
GTX Basic - New prospect (E3Z74U5K),70950,qualified,2026-04-20,,,Lajuana Vencill
MG Special - Condax (7R0TEEHW),7095,lost,2026-04-20,2026-05-25,Condax,Lajuana Vencill
GTX Basic - New prospect (Q3HHDSDS),70950,qualified,2026-04-20,,,Marty Freudenburg
GTX Plus Basic - New prospect (0S6OQ9AO),141384,qualified,2026-04-20,,,Marty Freudenburg
GTX Plus Basic - Konmatfix (CA3BRUJO),151059,won,2026-04-20,2026-04-21,Konmatfix,Marty Freudenburg
MG Special - New prospect (7AFBJFP5),7095,qualified,2026-04-20,,,Maureen Marcano
GTX Basic - Goodsilron (7MP6KLZO),70950,qualified,2026-04-20,,Goodsilron,Moses Frase
MG Special - Massive Dynamic (2TYZRE2R),7095,qualified,2026-04-20,,Massive Dynamic,Moses Frase
MG Special - Inity (U5K1Y35J),7482,won,2026-04-20,2026-04-21,Inity,Moses Frase
GTX Pro - New prospect (H2FCUPHJ),621909,qualified,2026-04-20,,,Niesha Huffines
GTX Basic - Streethex (Y7TVU9AY),70950,lost,2026-04-20,2026-08-03,Streethex,Niesha Huffines
GTX Pro - Yearin (ZNZCBGN7),621909,lost,2026-04-20,2026-04-22,Yearin,Rosie Papadopoulos
MG Special - Zotware (IT2UBEW4),7611,won,2026-04-20,2026-04-21,Zotware,Rosie Papadopoulos
GTX Basic - Zathunicon (806KPNNN),70950,qualified,2026-04-20,,Zathunicon,Versie Hillebrand
GTX Plus Basic - New prospect (8Y4LJOJ0),141384,qualified,2026-04-20,,,Versie Hillebrand
MG Special - New prospect (Z7EBMMAE),7095,qualified,2026-04-20,,,Versie Hillebrand
MG Special - New prospect (KT4OEP4X),7095,qualified,2026-04-20,,,Versie Hillebrand
MG Special - New prospect (ODHVHXKS),7095,qualified,2026-04-20,,,Versie Hillebrand
MG Advanced - Doncon (SZS2IPM3),437697,qualified,2026-04-20,,Doncon,Versie Hillebrand
MG Advanced - Ron-tech (YY2DWBG5),437697,qualified,2026-04-20,,Ron-tech,Versie Hillebrand
MG Special - Hottechi (X19CKKZ1),6450,won,2026-04-20,2026-04-27,Hottechi,Versie Hillebrand
GTX Plus Pro - Hatfan (DZOLKFK6),707178,lost,2026-04-20,2026-08-18,Hatfan,Vicki Laflamme
MG Special - Kinnamplus (H5E0GSHQ),7095,lost,2026-04-20,2026-04-26,Kinnamplus,Violet Mclelland
MG Special - Dalttechnology (P91SQBST),7095,qualified,2026-04-21,,Dalttechnology,Anna Snelling
MG Advanced - Dalttechnology (4DLY9ZDH),437697,qualified,2026-04-21,,Dalttechnology,Anna Snelling
MG Advanced - Donquadtech (ZNEQXZZK),437697,qualified,2026-04-21,,Donquadtech,Anna Snelling
GTX Basic - Opentech (CBPVAIQ7),70950,lost,2026-04-21,2026-04-30,Opentech,Boris Faz
MG Special - Iselectrics (JND57DH5),6192,won,2026-04-21,2026-04-28,Iselectrics,Boris Faz
GTX Basic - Bubba Gump (8PUH80YZ),65919,won,2026-04-21,2026-05-18,Bubba Gump,Cassey Cress
GTX Plus Basic - Massive Dynamic (22WVAXR2),169119,won,2026-04-21,2026-04-25,Massive Dynamic,Cassey Cress
GTX Basic - New prospect (VVO21D4Z),70950,qualified,2026-04-21,,,Cecily Lampkin
MG Advanced - Gogozoom (SXFE42KG),437697,qualified,2026-04-21,,Gogozoom,Cecily Lampkin
MG Special - Dontechi (MA9SBSLE),7095,lost,2026-04-21,2026-04-23,Dontechi,Cecily Lampkin
GTX Basic - Kan-code (PKRDEUWE),70950,lost,2026-04-21,2026-04-29,Kan-code,Corliss Cosme
GTX Plus Pro - Plussunin (LJ5FQGLZ),786900,won,2026-04-21,2026-04-23,Plussunin,Daniell Hammack
MG Special - Silis (KMJMLQ4P),7869,won,2026-04-21,2026-04-28,Silis,Daniell Hammack
GTX Basic - New prospect (APIB681L),70950,qualified,2026-04-21,,,Darcel Schlecht
GTX Basic - New prospect (TFSKOBH7),70950,qualified,2026-04-21,,,Darcel Schlecht
GTX Pro - Isdom (LUTZ8UQM),621909,qualified,2026-04-21,,Isdom,Darcel Schlecht
GTX Pro - Isdom (1QKDD1OI),621909,qualified,2026-04-21,,Isdom,Darcel Schlecht
GTX Pro - New prospect (2GFL3TAF),621909,qualified,2026-04-21,,,Darcel Schlecht
GTX Pro - New prospect (CUSWE9PB),621909,qualified,2026-04-21,,,Darcel Schlecht
MG Advanced - New prospect (XFCKQ7RI),437697,qualified,2026-04-21,,,Darcel Schlecht
GTX Plus Basic - Isdom (94E71JAP),141384,lost,2026-04-21,2026-08-10,Isdom,Darcel Schlecht
GTX Pro - dambase (VBVO5X8W),621909,lost,2026-04-21,2026-05-05,dambase,Darcel Schlecht
GTX Basic - Ron-tech (6UUZ4IJ5),68112,won,2026-04-21,2026-04-30,Ron-tech,Darcel Schlecht
GTX Basic - Stanredtax (6EXXL6M4),74949,won,2026-04-21,2026-04-27,Stanredtax,Darcel Schlecht
GTX Plus Pro - Toughzap (L9BTE2RA),767163,won,2026-04-21,2026-06-26,Toughzap,Darcel Schlecht
MG Advanced - Gekko & Co (EVU2E5ZZ),437697,lost,2026-04-21,2026-04-29,Gekko & Co,Donn Cantrell
GTX Basic - New prospect (PQL5GITI),70950,qualified,2026-04-21,,,Gladys Colclough
MG Advanced - New prospect (8AK3KGFA),437697,qualified,2026-04-21,,,Gladys Colclough
GTX Pro - Isdom (PBTSZ2Q2),621909,lost,2026-04-21,2026-08-02,Isdom,Gladys Colclough
MG Advanced - New prospect (7F2DDW3C),437697,qualified,2026-04-21,,,Hayden Neloms
GTX Basic - New prospect (BEDNZXVE),70950,qualified,2026-04-21,,,Jonathan Berthelot
GTX Basic - Green-Plus (D28ANNYX),65532,won,2026-04-21,2026-08-29,Green-Plus,Kami Bicknell
MG Special - New prospect (CGFLLZZI),7095,qualified,2026-04-21,,,Kary Hendrixson
MG Special - Hottechi (GZ6SFRAT),7095,qualified,2026-04-21,,Hottechi,Lajuana Vencill
MG Advanced - Umbrella Corporation (JH643YRI),437697,qualified,2026-04-21,,Umbrella Corporation,Lajuana Vencill
MG Advanced - New prospect (YCQTM2BQ),437697,qualified,2026-04-21,,,Lajuana Vencill
GTX Basic - Dontechi (30OFYJUN),70950,lost,2026-04-21,2026-04-27,Dontechi,Lajuana Vencill
GTX Basic - Konmatfix (10ICDVM2),69273,won,2026-04-21,2026-04-26,Konmatfix,Lajuana Vencill
GTX Plus Basic - Blackzim (KUAZF4E7),141384,lost,2026-04-21,2026-08-24,Blackzim,Markita Hansen
GTX Basic - Zotware (Y3TOQUQI),70950,qualified,2026-04-21,,Zotware,Marty Freudenburg
GTX Plus Pro - New prospect (RV5Y8DRY),707178,qualified,2026-04-21,,,Marty Freudenburg
MG Special - Treequote (HJRM13DI),7095,qualified,2026-04-21,,Treequote,Marty Freudenburg
GTX Plus Basic - Cancity (IVANA47K),132999,won,2026-04-21,2026-04-23,Cancity,Marty Freudenburg
GTX Basic - New prospect (G2XP6IGJ),70950,qualified,2026-04-21,,,Moses Frase
MG Advanced - Xx-holding (MLD3WEJC),437697,qualified,2026-04-21,,Xx-holding,Moses Frase
GTX Plus Basic - Konex (DZP0MNRM),141384,qualified,2026-04-21,,Konex,Niesha Huffines
GTX Plus Basic - New prospect (OBC504T8),141384,qualified,2026-04-21,,,Niesha Huffines
MG Advanced - Faxquote (CMW6IQJI),437697,qualified,2026-04-21,,Faxquote,Niesha Huffines
GTX Plus Basic - dambase (4KP2GEFF),138933,won,2026-04-21,2026-07-31,dambase,Niesha Huffines
MG Special - New prospect (8ODHXBNE),7095,qualified,2026-04-21,,,Rosalina Dieter
GTX Basic - New prospect (VO1YR5CY),70950,qualified,2026-04-21,,,Versie Hillebrand
MG Special - Sonron (FHPRER2D),7095,qualified,2026-04-21,,Sonron,Versie Hillebrand
MG Advanced - Dontechi (WOB1ULFR),426474,won,2026-04-21,2026-08-01,Dontechi,Versie Hillebrand
GTX Basic - Bioplex (7IKDD9UG),63339,won,2026-04-21,2026-04-22,Bioplex,Violet Mclelland
MG Special - Konmatfix (UVCHXUIG),7095,qualified,2026-04-22,,Konmatfix,Anna Snelling
MG Special - New prospect (V02WMIWK),7095,qualified,2026-04-22,,,Anna Snelling
MG Special - Streethex (59SUBXGP),6837,won,2026-04-22,2026-08-29,Streethex,Anna Snelling
GTX Plus Basic - Bluth Company (37UCYEDY),141384,qualified,2026-04-22,,Bluth Company,Cassey Cress
GTX Plus Pro - Initech (TFL3C3JS),674412,won,2026-04-22,2026-06-24,Initech,Cassey Cress
GTX Plus Pro - Domzoom (EM3NYEYC),707178,lost,2026-04-22,2026-04-27,Domzoom,Cecily Lampkin
GTX Plus Basic - Kinnamplus (1976N63N),141384,qualified,2026-04-22,,Kinnamplus,Darcel Schlecht
GTX Plus Pro - Inity (7TFHGN6O),707178,qualified,2026-04-22,,Inity,Darcel Schlecht
GTX Pro - Sumace (L6223VHA),621909,qualified,2026-04-22,,Sumace,Darcel Schlecht
GTX Pro - New prospect (TJ7PNIXL),621909,qualified,2026-04-22,,,Darcel Schlecht
GTX Pro - New prospect (VMBM5EKL),621909,qualified,2026-04-22,,,Darcel Schlecht
MG Advanced - New prospect (8TD2LLOF),437697,qualified,2026-04-22,,,Darcel Schlecht
GTX Pro - Streethex (KPFV2AAL),621909,lost,2026-04-22,2026-08-14,Streethex,Darcel Schlecht
GTX Pro - Domzoom (V2JOV5MF),603333,won,2026-04-22,2026-04-23,Domzoom,Darcel Schlecht
GTX Plus Basic - Acme Corporation (DEVXF86R),141384,lost,2026-04-22,2026-06-26,Acme Corporation,Donn Cantrell
GTX Pro - Kan-code (VA9AGU75),621909,lost,2026-04-22,2026-06-23,Kan-code,Donn Cantrell
GTX Basic - Xx-zobam (0MKW8IPC),71466,won,2026-04-22,2026-04-24,Xx-zobam,Donn Cantrell
MG Special - New prospect (7RLLNAYC),7095,qualified,2026-04-22,,,Gladys Colclough
MG Special - New prospect (BRDB1I76),7095,qualified,2026-04-22,,,Gladys Colclough
MG Advanced - Xx-holding (EFKPYBI9),437697,qualified,2026-04-22,,Xx-holding,Gladys Colclough
GTX Plus Pro - dambase (P8P9MKJL),715692,won,2026-04-22,2026-06-20,dambase,Gladys Colclough
MG Advanced - Funholding (S7PY8R2V),491361,won,2026-04-22,2026-04-24,Funholding,Gladys Colclough
GTX Pro - Donquadtech (PW9DTZON),621909,qualified,2026-04-22,,Donquadtech,James Ascencio
GTX Basic - New prospect (G0DTQHIC),70950,qualified,2026-04-22,,,Jonathan Berthelot
GTX Basic - Globex Corporation (75WYC9TY),70950,lost,2026-04-22,2026-04-26,Globex Corporation,Jonathan Berthelot
GTX Plus Pro - New prospect (FPLXC8Z3),707178,qualified,2026-04-22,,,Kary Hendrixson
MG Special - Scotfind (CEWDZ3ZD),6837,won,2026-04-22,2026-05-07,Scotfind,Kary Hendrixson
GTX Plus Pro - New prospect (OD895EQM),707178,qualified,2026-04-22,,,Lajuana Vencill
MG Advanced - The New York Inquirer (KPH05GU8),437697,qualified,2026-04-22,,The New York Inquirer,Lajuana Vencill
MG Advanced - New prospect (VBB0LCEN),437697,qualified,2026-04-22,,,Lajuana Vencill
MG Advanced - Betatech (F56MSU4B),437697,lost,2026-04-22,2026-04-26,Betatech,Lajuana Vencill
GTX Plus Basic - Ron-tech (BR18O9U1),134676,won,2026-04-22,2026-04-24,Ron-tech,Marty Freudenburg
GTX Pro - Kan-code (88CM27UB),621909,lost,2026-04-22,2026-04-26,Kan-code,Maureen Marcano
MG Special - New prospect (IK7LMFER),7095,qualified,2026-04-22,,,Moses Frase
MG Advanced - New prospect (P3K1DVYB),437697,qualified,2026-04-22,,,Moses Frase
MG Advanced - New prospect (BB1PRS3T),437697,qualified,2026-04-22,,,Moses Frase
GTX Plus Basic - Umbrella Corporation (WQ5U8PPM),141384,qualified,2026-04-22,,Umbrella Corporation,Niesha Huffines
GTX Pro - New prospect (Q5GNQ823),621909,qualified,2026-04-22,,,Vicki Laflamme
GTX Pro - Faxquote (BE0RAJF5),621909,lost,2026-04-22,2026-05-03,Faxquote,Vicki Laflamme
MG Advanced - Xx-zobam (KO7UWLAU),463884,won,2026-04-22,2026-04-24,Xx-zobam,Wilburn Farren
GTX Basic - New prospect (T50TV9SO),70950,qualified,2026-04-22,,,Zane Levy
GTX Plus Basic - Hottechi (4SJGBWQL),141384,lost,2026-04-22,2026-04-23,Hottechi,Zane Levy
GTX Plus Basic - Singletechno (AWFSNZ2U),140739,won,2026-04-22,2026-08-28,Singletechno,Zane Levy
GTX Pro - Plexzap (S3E48VE0),774000,won,2026-04-22,2026-06-23,Plexzap,Zane Levy
GTX Plus Pro - New prospect (N9GIC5PC),707178,qualified,2026-04-23,,,Anna Snelling
GTX Plus Pro - New prospect (1T5WFCEJ),707178,qualified,2026-04-23,,,Anna Snelling
MG Special - Golddex (1XJFMYCW),7095,qualified,2026-04-23,,Golddex,Anna Snelling
MG Special - New prospect (YYU1J6E1),7095,qualified,2026-04-23,,,Anna Snelling
GTX Plus Pro - Bioholding (SCR1IKLQ),653772,won,2026-04-23,2026-04-25,Bioholding,Anna Snelling
MG Special - Globex Corporation (IF8PILJR),5934,won,2026-04-23,2026-04-25,Globex Corporation,Anna Snelling
MG Advanced - Vehement Capital Partners (2K52EH11),437697,lost,2026-04-23,2026-09-08,Vehement Capital Partners,Cassey Cress
GTX Plus Basic - New prospect (KPYCCBQA),141384,qualified,2026-04-23,,,Cecily Lampkin
MG Advanced - Scottech (HTY5G7DI),390225,won,2026-04-23,2026-04-29,Scottech,Cecily Lampkin
GTX Plus Basic - Donware (TX88GTDE),141384,lost,2026-04-23,2026-04-25,Donware,Corliss Cosme
GTX Plus Basic - New prospect (SSK95WLX),141384,qualified,2026-04-23,,,Darcel Schlecht
GTX Pro - Finjob (PQ104BT2),621909,qualified,2026-04-23,,Finjob,Darcel Schlecht
GTX Pro - Funholding (GQ7H31ZJ),621909,qualified,2026-04-23,,Funholding,Darcel Schlecht
GTX Pro - Konex (9B7FS6YL),621909,qualified,2026-04-23,,Konex,Darcel Schlecht
GTX Pro - New prospect (M6JT5RL8),621909,qualified,2026-04-23,,,Darcel Schlecht
GTX Pro - New prospect (45H84LNT),621909,qualified,2026-04-23,,,Darcel Schlecht
GTX Pro - New prospect (E8MIFXOH),621909,qualified,2026-04-23,,,Darcel Schlecht
GTX Pro - New prospect (UO8DLVVQ),621909,qualified,2026-04-23,,,Darcel Schlecht
MG Advanced - New prospect (R7H0M07R),437697,qualified,2026-04-23,,,Darcel Schlecht
MG Advanced - New prospect (JQ5AOYQ8),437697,qualified,2026-04-23,,,Darcel Schlecht
GTX Pro - dambase (2GQH9FKJ),617910,won,2026-04-23,2026-05-06,dambase,Darcel Schlecht
GTX Pro - Zumgoity (MW3K8553),627069,won,2026-04-23,2026-05-20,Zumgoity,Darcel Schlecht
GTX Plus Pro - New prospect (G7RZTAMV),707178,qualified,2026-04-23,,,Gladys Colclough
MG Advanced - New prospect (82K9NWKO),437697,qualified,2026-04-23,,,Gladys Colclough
GTX Basic - Cancity (E41SDK40),70950,lost,2026-04-23,2026-06-12,Cancity,Gladys Colclough
GTX Plus Basic - New prospect (RFXH6VDX),141384,qualified,2026-04-23,,,Hayden Neloms
GTX Basic - Hottechi (RDFUGEA2),75594,won,2026-04-23,2026-06-12,Hottechi,James Ascencio
GTX Basic - New prospect (64KHY8MT),70950,qualified,2026-04-23,,,Jonathan Berthelot
GTX Basic - New prospect (5PWO4RPC),70950,qualified,2026-04-23,,,Jonathan Berthelot
GTX Plus Basic - Singletechno (PU62ZGX4),141384,qualified,2026-04-23,,Singletechno,Jonathan Berthelot
GTX Plus Basic - New prospect (EVDKJDY3),141384,qualified,2026-04-23,,,Jonathan Berthelot
GTX Basic - Scotfind (I8TEUO2C),66306,won,2026-04-23,2026-05-07,Scotfind,Kami Bicknell
GTX Pro - Konex (BY1TB6D2),542961,won,2026-04-23,2026-04-24,Konex,Markita Hansen
GTX Basic - New prospect (WX546S1D),70950,qualified,2026-04-23,,,Marty Freudenburg
GTX Plus Basic - Singletechno (S2Y2Q1D2),141384,qualified,2026-04-23,,Singletechno,Marty Freudenburg
GTX Plus Basic - Y-corporation (PYRLUYIQ),141384,qualified,2026-04-23,,Y-corporation,Marty Freudenburg
MG Special - Genco Pura Olive Oil Company (2AMVTZLM),7095,lost,2026-04-23,2026-04-28,Genco Pura Olive Oil Company,Marty Freudenburg
GTX Plus Basic - Domzoom (8IOAX81S),124485,won,2026-04-23,2026-05-04,Domzoom,Marty Freudenburg
GTX Basic - New prospect (EN8JHUXA),70950,qualified,2026-04-23,,,Moses Frase
GTX Basic - New prospect (I3IRJZRL),70950,qualified,2026-04-23,,,Niesha Huffines
MG Special - New prospect (51H02FX1),7095,qualified,2026-04-23,,,Niesha Huffines
GTK 500 - New prospect (9SRD5NCR),3453072,qualified,2026-04-23,,,Rosalina Dieter
GTX Plus Pro - Newex (EYWL3H5G),707178,lost,2026-04-23,2026-04-24,Newex,Rosalina Dieter
GTX Plus Pro - Xx-zobam (18YA4UUP),707178,qualified,2026-04-23,,Xx-zobam,Versie Hillebrand
MG Special - New prospect (WVT3X6IC),7095,qualified,2026-04-23,,,Versie Hillebrand
GTX Basic - Groovestreet (YUGFGRUT),83979,won,2026-04-23,2026-05-03,Groovestreet,Vicki Laflamme
GTX Pro - Toughzap (VD2KHXRY),621909,qualified,2026-04-23,,Toughzap,Zane Levy
GTX Basic - Yearin (P7MSQO38),70950,qualified,2026-04-24,,Yearin,Anna Snelling
MG Special - New prospect (10QE4JCA),7095,qualified,2026-04-24,,,Anna Snelling
MG Advanced - Conecom (O6B0YK1X),437697,lost,2026-04-24,2026-04-30,Conecom,Anna Snelling
GTX Basic - New prospect (DXRG254A),70950,qualified,2026-04-24,,,Boris Faz
GTX Plus Basic - Umbrella Corporation (NLWICKPS),141384,lost,2026-04-24,2026-08-04,Umbrella Corporation,Cassey Cress
GTX Basic - Ganjaflex (Z6FPHRV7),70950,won,2026-04-24,2026-08-08,Ganjaflex,Corliss Cosme
GTX Plus Basic - New prospect (X33HL9WS),141384,qualified,2026-04-24,,,Daniell Hammack
GTX Plus Basic - Statholdings (9Z2WTTNY),141384,qualified,2026-04-24,,Statholdings,Darcel Schlecht
GTX Pro - Xx-zobam (ZJLW1OPF),621909,qualified,2026-04-24,,Xx-zobam,Darcel Schlecht
GTX Pro - New prospect (Q62JFLLD),621909,qualified,2026-04-24,,,Darcel Schlecht
MG Special - New prospect (3PPHOXTT),7095,qualified,2026-04-24,,,Darcel Schlecht
GTX Pro - Ron-tech (LJ59Y2TK),621909,lost,2026-04-24,2026-04-25,Ron-tech,Darcel Schlecht
GTX Basic - Conecom (80S3ED8B),75981,won,2026-04-24,2026-05-20,Conecom,Darcel Schlecht
GTX Pro - Inity (2IKGOPW1),565923,won,2026-04-24,2026-04-26,Inity,Darcel Schlecht
GTX Pro - Streethex (7Y10BR02),587595,won,2026-04-24,2026-04-26,Streethex,Darcel Schlecht
GTX Pro - Massive Dynamic (4L8RQVL9),621909,lost,2026-04-24,2026-05-03,Massive Dynamic,Donn Cantrell
GTX Basic - Green-Plus (9T954T67),66306,won,2026-04-24,2026-04-25,Green-Plus,Elease Gluck
GTX Pro - Newex (N07XYH50),621909,qualified,2026-04-24,,Newex,Gladys Colclough
GTX Plus Basic - Nam-zim (CEOEM2MY),141384,lost,2026-04-24,2026-04-25,Nam-zim,Hayden Neloms
GTX Basic - New prospect (VIFA2I18),70950,qualified,2026-04-24,,,Jonathan Berthelot
GTX Pro - New prospect (7K31BXX3),621909,qualified,2026-04-24,,,Jonathan Berthelot
GTX Pro - Cancity (I5FVCO24),602559,won,2026-04-24,2026-04-25,Cancity,Jonathan Berthelot
MG Special - Labdrill (WTG4IAG0),7095,lost,2026-04-24,2026-04-25,Labdrill,Kami Bicknell
GTX Basic - Singletechno (NFKUICVA),66822,won,2026-04-24,2026-08-12,Singletechno,Kami Bicknell
GTX Basic - Nam-zim (V3G1HBTZ),70950,qualified,2026-04-24,,Nam-zim,Lajuana Vencill
GTX Basic - New prospect (XV41LZYE),70950,qualified,2026-04-24,,,Lajuana Vencill
GTX Basic - New prospect (0RI2I8ZL),70950,qualified,2026-04-24,,,Lajuana Vencill
MG Special - Dalttechnology (7W9S4DCZ),7095,qualified,2026-04-24,,Dalttechnology,Lajuana Vencill
GTX Basic - New prospect (3L3W9W8I),70950,qualified,2026-04-24,,,Marty Freudenburg
GTX Plus Basic - New prospect (WL6CZ7N4),141384,qualified,2026-04-24,,,Marty Freudenburg
GTX Pro - Cancity (8UCQBI6J),538188,won,2026-04-24,2026-04-25,Cancity,Marty Freudenburg
MG Special - New prospect (M5FP7HGQ),7095,qualified,2026-04-24,,,Moses Frase
GTX Plus Pro - dambase (Q8Q4R3SW),707178,lost,2026-04-24,2026-05-07,dambase,Moses Frase
MG Advanced - Treequote (SJ3QA8KP),437697,qualified,2026-04-24,,Treequote,Niesha Huffines
MG Special - Massive Dynamic (BZNGP0DN),6837,won,2026-04-24,2026-05-07,Massive Dynamic,Reed Clapper
GTX Basic - New prospect (M2ZRU2UH),70950,qualified,2026-04-24,,,Rosalina Dieter
MG Advanced - Gekko & Co (Z31RDLIF),437697,lost,2026-04-24,2026-08-24,Gekko & Co,Rosie Papadopoulos
GTX Basic - Kan-code (NX2EICNQ),70950,qualified,2026-04-24,,Kan-code,Versie Hillebrand
MG Special - Bioholding (E4KNZB95),6837,won,2026-04-24,2026-05-16,Bioholding,Versie Hillebrand
MG Special - Condax (PJDA3RWU),7740,won,2026-04-24,2026-04-30,Condax,Versie Hillebrand
MG Special - Inity (YUORNX7C),6837,won,2026-04-24,2026-07-29,Inity,Versie Hillebrand
GTX Pro - Acme Corporation (0WJLKMUA),621909,lost,2026-04-24,2026-04-25,Acme Corporation,Violet Mclelland
MG Special - Zathunicon (7XP06LUZ),7095,lost,2026-04-24,2026-08-29,Zathunicon,Wilburn Farren
GTX Basic - Green-Plus (5BT0Y4MB),70950,lost,2026-04-24,2026-04-26,Green-Plus,Zane Levy
GTX Plus Pro - New prospect (T0TDA2O1),707178,qualified,2026-04-25,,,Anna Snelling
MG Advanced - New prospect (B1ZN2CFP),437697,qualified,2026-04-25,,,Anna Snelling
GTX Plus Pro - Isdom (WCCEBK6E),593787,won,2026-04-25,2026-05-02,Isdom,Anna Snelling
MG Special - New prospect (3A2CCWEG),7095,qualified,2026-04-25,,,Cecily Lampkin
GTX Basic - Finhigh (5SCMRQ9N),78690,won,2026-04-25,2026-06-02,Finhigh,Cecily Lampkin
MG Advanced - New prospect (4QQOSYGL),437697,qualified,2026-04-25,,,Corliss Cosme
GTX Plus Basic - Konex (A3I4JHP0),153381,won,2026-04-25,2026-05-03,Konex,Daniell Hammack
GTX Basic - Codehow (NJNY07JZ),70950,qualified,2026-04-25,,Codehow,Darcel Schlecht
GTX Plus Basic - New prospect (UWI771ZX),141384,qualified,2026-04-25,,,Darcel Schlecht
GTX Pro - The New York Inquirer (YI1V6SOX),621909,qualified,2026-04-25,,The New York Inquirer,Darcel Schlecht
GTX Pro - New prospect (PNTHPFHY),621909,qualified,2026-04-25,,,Darcel Schlecht
GTX Pro - New prospect (2I7IFY8D),621909,qualified,2026-04-25,,,Darcel Schlecht
MG Special - Singletechno (T1SITEI0),7095,qualified,2026-04-25,,Singletechno,Darcel Schlecht
GTX Pro - Massive Dynamic (DOVFYIIO),621909,lost,2026-04-25,2026-04-26,Massive Dynamic,Donn Cantrell
GTX Plus Pro - Sumace (BC53PQMQ),706920,won,2026-04-25,2026-04-27,Sumace,Donn Cantrell
MG Special - Sonron (AU1OZUN8),7224,won,2026-04-25,2026-07-30,Sonron,Elease Gluck
GTX Plus Basic - Ontomedia (09GK47AY),141384,lost,2026-04-25,2026-04-29,Ontomedia,Garret Kinder
GTX Plus Basic - Zotware (D6CRJSEP),126807,won,2026-04-25,2026-06-13,Zotware,Garret Kinder
GTX Pro - Massive Dynamic (5G9WEZTP),686151,won,2026-04-25,2026-05-13,Massive Dynamic,Garret Kinder
MG Special - New prospect (3FI1J4VO),7095,qualified,2026-04-25,,,Gladys Colclough
GTX Pro - Konex (KRK5YFGW),637389,won,2026-04-25,2026-05-05,Konex,James Ascencio
MG Advanced - Sunnamplex (GJQFUUWI),420540,won,2026-04-25,2026-04-29,Sunnamplex,James Ascencio
GTX Plus Basic - New prospect (7BKYKVF2),141384,qualified,2026-04-25,,,Jonathan Berthelot
MG Special - New prospect (6US3WW0M),7095,qualified,2026-04-25,,,Jonathan Berthelot
GTX Plus Basic - Bluth Company (9M72KPA3),141384,qualified,2026-04-25,,Bluth Company,Kami Bicknell
MG Advanced - New prospect (4OYGRQGO),437697,qualified,2026-04-25,,,Kami Bicknell
GTX Plus Basic - Hottechi (7SO4NKFP),141384,lost,2026-04-25,2026-04-30,Hottechi,Kami Bicknell
GTX Plus Pro - Goodsilron (VZ1ETER5),624618,won,2026-04-25,2026-04-27,Goodsilron,Kami Bicknell
MG Advanced - Blackzim (YOFRJU68),446727,won,2026-04-25,2026-06-26,Blackzim,Kami Bicknell
GTX Basic - New prospect (SPMQ0BHA),70950,qualified,2026-04-25,,,Lajuana Vencill
MG Special - Zumgoity (ERTQ4SN3),7095,qualified,2026-04-25,,Zumgoity,Lajuana Vencill
GTX Basic - Konmatfix (F9V6EWDG),70950,lost,2026-04-25,2026-04-28,Konmatfix,Lajuana Vencill
GTX Basic - New prospect (FQI66XXN),70950,qualified,2026-04-25,,,Marty Freudenburg
GTX Basic - Newex (5EFR0VAZ),70950,lost,2026-04-25,2026-04-26,Newex,Maureen Marcano
GTX Pro - Mathtouch (4MTIOMFQ),548508,won,2026-04-25,2026-05-05,Mathtouch,Reed Clapper
GTX Pro - Zotware (J096XFZG),632874,won,2026-04-25,2026-06-01,Zotware,Rosie Papadopoulos
GTX Plus Pro - New prospect (1RXGKOUE),707178,qualified,2026-04-25,,,Versie Hillebrand
MG Special - Yearin (G40058T1),7095,qualified,2026-04-25,,Yearin,Versie Hillebrand
MG Special - New prospect (TQZLDFIJ),7095,qualified,2026-04-25,,,Versie Hillebrand
MG Special - Inity (4U2Z53VS),7095,lost,2026-04-25,2026-05-07,Inity,Versie Hillebrand
MG Advanced - New prospect (3SD04QJ4),437697,qualified,2026-04-25,,,Wilburn Farren
GTX Basic - New prospect (ERD6D5K3),70950,qualified,2026-04-26,,,Anna Snelling
GTX Basic - New prospect (VVM42VWQ),70950,qualified,2026-04-26,,,Anna Snelling
MG Special - New prospect (MK380H70),7095,qualified,2026-04-26,,,Anna Snelling
MG Special - New prospect (5SNCUQ8Z),7095,qualified,2026-04-26,,,Anna Snelling
GTX Plus Pro - Finhigh (6YMJLH2F),707178,lost,2026-04-26,2026-05-04,Finhigh,Anna Snelling
MG Special - Acme Corporation (SP9W5IND),7095,qualified,2026-04-26,,Acme Corporation,Boris Faz
GTX Plus Basic - New prospect (P9EJ68SM),141384,qualified,2026-04-26,,,Cassey Cress
MG Advanced - New prospect (IG540SIB),437697,qualified,2026-04-26,,,Cecily Lampkin
MG Advanced - Umbrella Corporation (D6U1NYBU),401577,won,2026-04-26,2026-08-15,Umbrella Corporation,Corliss Cosme
GTX Plus Basic - Bluth Company (9Q2SYGPP),141513,won,2026-04-26,2026-05-07,Bluth Company,Daniell Hammack
GTX Basic - New prospect (CUZDYOOO),70950,qualified,2026-04-26,,,Darcel Schlecht
GTX Plus Basic - New prospect (EY7OI10Z),141384,qualified,2026-04-26,,,Darcel Schlecht
GTX Plus Pro - Scottech (R55U5QI4),707178,qualified,2026-04-26,,Scottech,Darcel Schlecht
GTX Pro - J-Texon (TJ95PY76),621909,qualified,2026-04-26,,J-Texon,Darcel Schlecht
MG Advanced - New prospect (R6OZIG5J),437697,qualified,2026-04-26,,,Darcel Schlecht
MG Advanced - New prospect (DVT7NPEH),437697,qualified,2026-04-26,,,Darcel Schlecht
MG Advanced - Hottechi (EY73E4ZB),437697,lost,2026-04-26,2026-05-02,Hottechi,Darcel Schlecht
GTX Plus Basic - Condax (KQLS98VW),160605,won,2026-04-26,2026-08-31,Condax,Darcel Schlecht
GTX Plus Basic - Scottech (LKQL4GRO),149640,won,2026-04-26,2026-05-01,Scottech,Darcel Schlecht
MG Special - Bioholding (4DKUZ8JE),6837,won,2026-04-26,2026-04-27,Bioholding,Darcel Schlecht
GTX Pro - Initech (V3QM4V7G),621909,lost,2026-04-26,2026-05-08,Initech,Donn Cantrell
GTX Plus Basic - New prospect (S9JXWIBD),141384,qualified,2026-04-26,,,Gladys Colclough
GTX Pro - New prospect (0XBGT413),621909,qualified,2026-04-26,,,Gladys Colclough
MG Special - New prospect (RTOIXNPC),7095,qualified,2026-04-26,,,Gladys Colclough
MG Advanced - Funholding (LZWH2OGW),437697,lost,2026-04-26,2026-05-03,Funholding,Gladys Colclough
MG Advanced - Newex (R7JSQI5U),437697,lost,2026-04-26,2026-04-27,Newex,Hayden Neloms
GTX Pro - Cheers (S5NZI5UN),648999,won,2026-04-26,2026-06-07,Cheers,James Ascencio
GTX Pro - Rangreen (XQQ3JS90),740589,won,2026-04-26,2026-04-27,Rangreen,Jonathan Berthelot
MG Special - New prospect (7COYG1Z2),7095,qualified,2026-04-26,,,Kami Bicknell
GTX Plus Basic - Plusstrip (5SED9K1C),133902,won,2026-04-26,2026-05-06,Plusstrip,Kami Bicknell
GTX Basic - New prospect (OVLGWURN),70950,qualified,2026-04-26,,,Kary Hendrixson
GTX Basic - Condax (810GB47D),70950,lost,2026-04-26,2026-05-02,Condax,Kary Hendrixson
GTX Basic - J-Texon (GZCWRMIR),70950,lost,2026-04-26,2026-08-17,J-Texon,Kary Hendrixson
GTX Basic - New prospect (UHIIYU2J),70950,qualified,2026-04-26,,,Lajuana Vencill
MG Special - Bioholding (5W29OCB8),7095,qualified,2026-04-26,,Bioholding,Lajuana Vencill
GTX Basic - Funholding (PST4NDK4),64758,won,2026-04-26,2026-05-06,Funholding,Lajuana Vencill
GTX Plus Basic - New prospect (R7I947IZ),141384,qualified,2026-04-26,,,Marty Freudenburg
MG Special - New prospect (754UOV5F),7095,qualified,2026-04-26,,,Marty Freudenburg
GTX Plus Basic - New prospect (MTN3BOMC),141384,qualified,2026-04-26,,,Maureen Marcano
GTX Pro - Nam-zim (8U9DLK26),633777,won,2026-04-26,2026-04-27,Nam-zim,Maureen Marcano
GTX Basic - New prospect (ABT1TDH1),70950,qualified,2026-04-26,,,Moses Frase
MG Special - Plusstrip (DJFMG9QI),7095,qualified,2026-04-26,,Plusstrip,Moses Frase
MG Advanced - Rundofase (DDWSCXZA),445953,won,2026-04-26,2026-06-16,Rundofase,Moses Frase
GTX Basic - Donquadtech (GWQX8BSZ),70950,qualified,2026-04-26,,Donquadtech,Niesha Huffines
GTX Basic - New prospect (D9NLFAEG),70950,qualified,2026-04-26,,,Niesha Huffines
GTX Plus Basic - Dontechi (TX5SADEI),141384,qualified,2026-04-26,,Dontechi,Niesha Huffines
MG Special - New prospect (I5AKI9KC),7095,qualified,2026-04-26,,,Niesha Huffines
GTX Plus Pro - Opentech (T2UA7F7Z),671316,won,2026-04-26,2026-05-05,Opentech,Reed Clapper
MG Advanced - Plussunin (FOGOYZ75),389451,won,2026-04-26,2026-05-04,Plussunin,Rosie Papadopoulos
MG Advanced - Sumace (I9IJS5BM),445437,won,2026-04-26,2026-05-15,Sumace,Rosie Papadopoulos
MG Special - New prospect (0M3NCPQX),7095,qualified,2026-04-26,,,Versie Hillebrand
MG Advanced - New prospect (RN7M3757),437697,qualified,2026-04-26,,,Versie Hillebrand
MG Advanced - Labdrill (2HU8CPJ3),446856,won,2026-04-26,2026-08-10,Labdrill,Vicki Laflamme
MG Special - New prospect (OJ42ZCHR),7095,qualified,2026-04-26,,,Violet Mclelland
MG Advanced - Zathunicon (M2UI5MKB),378873,won,2026-04-26,2026-05-16,Zathunicon,Violet Mclelland
GTX Basic - Kan-code (HWVR6IJ7),59727,won,2026-04-26,2026-05-12,Kan-code,Wilburn Farren
MG Special - Rangreen (QD4ONE04),7095,qualified,2026-04-27,,Rangreen,Anna Snelling
GTX Pro - Bluth Company (V0XFS245),528384,won,2026-04-27,2026-06-08,Bluth Company,Boris Faz
MG Advanced - New prospect (0PT4RY4P),437697,qualified,2026-04-27,,,Cecily Lampkin
GTX Pro - New prospect (FSEV7ZJC),621909,qualified,2026-04-27,,,Darcel Schlecht
GTX Pro - New prospect (OEP0IJ6S),621909,qualified,2026-04-27,,,Darcel Schlecht
MG Special - New prospect (YWGU40CP),7095,qualified,2026-04-27,,,Darcel Schlecht
GTX Basic - Sumace (ICG3THQK),70950,qualified,2026-04-27,,Sumace,Gladys Colclough
MG Advanced - Sumace (WOO9JXOQ),437697,qualified,2026-04-27,,Sumace,Gladys Colclough
MG Advanced - New prospect (OBDEDIXA),437697,qualified,2026-04-27,,,Hayden Neloms
GTX Plus Pro - New prospect (1O72EKFY),707178,qualified,2026-04-27,,,James Ascencio
GTX Basic - New prospect (4XXAK1QL),70950,qualified,2026-04-27,,,Jonathan Berthelot
GTX Basic - New prospect (WU81R3XH),70950,qualified,2026-04-27,,,Lajuana Vencill
GTX Plus Basic - New prospect (HHWZEWDV),141384,qualified,2026-04-27,,,Lajuana Vencill
MG Advanced - Acme Corporation (EMH2I8XE),437697,qualified,2026-04-27,,Acme Corporation,Lajuana Vencill
MG Advanced - New prospect (UBO7V799),437697,qualified,2026-04-27,,,Lajuana Vencill
GTX Plus Pro - New prospect (DZQW0KQ4),707178,qualified,2026-04-27,,,Markita Hansen
GTX Plus Basic - Plexzap (BBGCBEUY),141384,lost,2026-04-27,2026-05-01,Plexzap,Markita Hansen
GTX Pro - Y-corporation (6PHF576T),621909,lost,2026-04-27,2026-08-20,Y-corporation,Markita Hansen
MG Advanced - Sunnamplex (XN43RX9C),411123,won,2026-04-27,2026-05-07,Sunnamplex,Markita Hansen
GTX Plus Basic - New prospect (OAUUCC2N),141384,qualified,2026-04-27,,,Marty Freudenburg
GTX Plus Basic - New prospect (283MDYKM),141384,qualified,2026-04-27,,,Moses Frase
MG Advanced - New prospect (56LUBQTV),437697,qualified,2026-04-27,,,Moses Frase
MG Special - Cancity (DOU4T9EI),7095,lost,2026-04-27,2026-07-30,Cancity,Moses Frase
GTX Plus Pro - Rangreen (XUU1PPTJ),675186,won,2026-04-27,2026-08-07,Rangreen,Moses Frase
GTX Basic - Kan-code (Q65B52C5),70950,qualified,2026-04-27,,Kan-code,Niesha Huffines
GTX Plus Basic - New prospect (STI8KYWL),141384,qualified,2026-04-27,,,Niesha Huffines
GTX Plus Pro - Zotware (KZMZH8L6),797220,won,2026-04-27,2026-06-25,Zotware,Reed Clapper
MG Special - New prospect (K63TD0WD),7095,qualified,2026-04-27,,,Versie Hillebrand
MG Special - Inity (7WU2BQ2P),6837,won,2026-04-27,2026-05-07,Inity,Versie Hillebrand
MG Special - Konex (5B4H3E7V),7095,lost,2026-04-27,2026-05-02,Konex,Vicki Laflamme
MG Advanced - Cheers (6YCDG16T),475623,won,2026-04-27,2026-05-09,Cheers,Vicki Laflamme
MG Special - New prospect (EP9JNNF1),7095,qualified,2026-04-27,,,Violet Mclelland
GTX Pro - Konex (BVKAXY66),782901,won,2026-04-27,2026-05-17,Konex,Zane Levy
GTX Plus Basic - New prospect (I1R23P5F),141384,qualified,2026-04-28,,,Anna Snelling
GTX Plus Basic - New prospect (CFKXEPFN),141384,qualified,2026-04-28,,,Anna Snelling
MG Special - Plusstrip (4ZB2W6O7),7095,qualified,2026-04-28,,Plusstrip,Anna Snelling
MG Special - New prospect (H85L45JM),7095,qualified,2026-04-28,,,Anna Snelling
GTX Plus Basic - Genco Pura Olive Oil Company (D9VTKEEH),141384,lost,2026-04-28,2026-05-08,Genco Pura Olive Oil Company,Anna Snelling
MG Advanced - Konmatfix (7CYRCTXI),445308,won,2026-04-28,2026-05-13,Konmatfix,Anna Snelling
MG Advanced - New prospect (A2YIYWNW),437697,qualified,2026-04-28,,,Cassey Cress
MG Advanced - Kinnamplus (IH4M0XTK),407124,won,2026-04-28,2026-05-06,Kinnamplus,Cassey Cress
GTX Basic - Gekko & Co (L9AZZGNK),70950,lost,2026-04-28,2026-05-11,Gekko & Co,Daniell Hammack
GTX Pro - New prospect (HISWL7B0),621909,qualified,2026-04-28,,,Darcel Schlecht
GTX Pro - New prospect (BSKNQJOJ),621909,qualified,2026-04-28,,,Darcel Schlecht
MG Special - Rundofase (1FLN8BTI),7095,qualified,2026-04-28,,Rundofase,Darcel Schlecht
MG Special - New prospect (VAL8O4PH),7095,qualified,2026-04-28,,,Darcel Schlecht
MG Advanced - Statholdings (MLPVWTC2),437697,lost,2026-04-28,2026-08-20,Statholdings,Darcel Schlecht
GTX Basic - New prospect (RZXMIHGO),70950,qualified,2026-04-28,,,Gladys Colclough
GTX Plus Basic - New prospect (IW6S2BN0),141384,qualified,2026-04-28,,,Gladys Colclough
MG Special - New prospect (G78ZK6XI),7095,qualified,2026-04-28,,,Gladys Colclough
MG Advanced - New prospect (9C3YHNBY),437697,qualified,2026-04-28,,,Gladys Colclough
GTX Plus Basic - New prospect (U4L1277G),141384,qualified,2026-04-28,,,Hayden Neloms
GTX Plus Basic - Rantouch (6BBYA0L3),149253,won,2026-04-28,2026-05-03,Rantouch,Hayden Neloms
GTX Plus Basic - Plexzap (S3J60BK0),134160,won,2026-04-28,2026-08-19,Plexzap,James Ascencio
MG Special - Streethex (IKIJHQPN),6321,won,2026-04-28,2026-09-12,Streethex,Jonathan Berthelot
GTX Basic - New prospect (YE7F777U),70950,qualified,2026-04-28,,,Lajuana Vencill
GTX Basic - Inity (OJ9KBQML),58566,won,2026-04-28,2026-06-16,Inity,Lajuana Vencill
GTX Plus Basic - Zoomit (W66UPKL4),142674,won,2026-04-28,2026-08-15,Zoomit,Markita Hansen
GTK 500 - New prospect (DO6VKC2G),3453072,qualified,2026-04-28,,,Marty Freudenburg
GTX Plus Pro - New prospect (MBYOJR5A),707178,qualified,2026-04-28,,,Marty Freudenburg
GTX Pro - New prospect (NBJR3GVR),621909,qualified,2026-04-28,,,Marty Freudenburg
GTX Plus Basic - Goodsilron (2S7CMLRJ),147447,won,2026-04-28,2026-05-05,Goodsilron,Maureen Marcano
GTX Plus Pro - J-Texon (18KMXL8N),571986,won,2026-04-28,2026-08-03,J-Texon,Maureen Marcano
MG Special - Plussunin (Y7244XW7),7095,qualified,2026-04-28,,Plussunin,Moses Frase
GTX Plus Basic - Rangreen (22HV3N2W),141384,qualified,2026-04-28,,Rangreen,Niesha Huffines
GTX Pro - Zotware (FKY3O5O1),621909,qualified,2026-04-28,,Zotware,Niesha Huffines
GTX Plus Pro - Hatfan (WRKPDK7O),707178,qualified,2026-04-28,,Hatfan,Versie Hillebrand
MG Special - Cancity (3FWZBSW1),7095,qualified,2026-04-28,,Cancity,Versie Hillebrand
MG Special - Hatfan (VIY7P8J6),7095,qualified,2026-04-28,,Hatfan,Versie Hillebrand
MG Special - Mathtouch (PR1H7NHK),7095,qualified,2026-04-28,,Mathtouch,Versie Hillebrand
MG Special - New prospect (A9TEJW6U),7095,qualified,2026-04-28,,,Versie Hillebrand
MG Special - New prospect (1DC9PQ4S),7095,qualified,2026-04-28,,,Versie Hillebrand
GTX Plus Basic - Rantouch (K44PIQTN),153897,won,2026-04-28,2026-06-23,Rantouch,Vicki Laflamme
GTX Pro - Goodsilron (NWQHHVEM),651321,won,2026-04-28,2026-05-18,Goodsilron,Vicki Laflamme
GTX Pro - Konex (ZJ76J97A),683700,won,2026-04-28,2026-05-16,Konex,Vicki Laflamme
MG Advanced - Singletechno (4Q1A27SA),464013,won,2026-04-28,2026-08-17,Singletechno,Vicki Laflamme
GTX Pro - Xx-zobam (GVOKY9KD),621909,lost,2026-04-28,2026-08-08,Xx-zobam,Violet Mclelland
MG Advanced - New prospect (JGXK8P6T),437697,qualified,2026-04-28,,,Zane Levy
GTX Basic - Sonron (FOQK8G8Y),78174,won,2026-04-28,2026-05-03,Sonron,Zane Levy
GTX Plus Basic - Condax (OEUK1UW5),144867,won,2026-04-29,2026-08-06,Condax,Corliss Cosme
GTX Pro - Initech (LF45YLLR),671445,won,2026-04-29,2026-05-09,Initech,Corliss Cosme
GTX Basic - Yearin (RYYTO9Z5),76368,won,2026-04-29,2026-07-29,Yearin,Daniell Hammack
GTX Plus Pro - Umbrella Corporation (R9VR53F3),810636,won,2026-04-29,2026-05-11,Umbrella Corporation,Daniell Hammack
MG Special - Warephase (D5H30X5X),7095,lost,2026-04-29,2026-08-04,Warephase,Gladys Colclough
MG Advanced - Labdrill (FLXN0TBT),437697,lost,2026-04-29,2026-05-07,Labdrill,Hayden Neloms
GTX Pro - Lexiqvolax (U8H8VGI0),621909,lost,2026-04-29,2026-07-30,Lexiqvolax,James Ascencio
GTX Plus Pro - Kan-code (R1X6U9CU),545799,won,2026-04-29,2026-05-02,Kan-code,James Ascencio
GTX Basic - New prospect (URQYDGX8),70950,qualified,2026-04-29,,,Jonathan Berthelot
GTX Plus Pro - Warephase (IT1XRUTD),707178,lost,2026-04-29,2026-05-10,Warephase,Lajuana Vencill
MG Advanced - Zumgoity (VTSKKTQO),437697,lost,2026-04-29,2026-05-10,Zumgoity,Lajuana Vencill
MG Advanced - Domzoom (KIKG1BGV),437697,qualified,2026-04-29,,Domzoom,Moses Frase
GTX Pro - New prospect (2E2FDZHG),621909,qualified,2026-04-29,,,Niesha Huffines
MG Advanced - Kinnamplus (3Z2AMU5T),437697,lost,2026-04-29,2026-08-20,Kinnamplus,Reed Clapper
MG Special - New prospect (8LP076IV),7095,qualified,2026-04-29,,,Versie Hillebrand
MG Special - New prospect (CWXHKUV5),7095,qualified,2026-04-29,,,Versie Hillebrand
MG Advanced - New prospect (N909ADDC),437697,qualified,2026-04-29,,,Vicki Laflamme
MG Special - Bluth Company (R0O1UYNW),6837,won,2026-04-29,2026-05-07,Bluth Company,Violet Mclelland
MG Special - New prospect (ULJG457F),7095,qualified,2026-04-30,,,Anna Snelling
MG Advanced - Ganjaflex (AZN2K0V9),437697,qualified,2026-04-30,,Ganjaflex,Anna Snelling
MG Special - Cancity (G44S6CLC),6708,won,2026-04-30,2026-05-13,Cancity,Anna Snelling
GTX Plus Basic - Gekko & Co (IMLB4653),121002,won,2026-04-30,2026-05-19,Gekko & Co,Boris Faz
GTX Plus Pro - New prospect (6TGCOE5O),707178,qualified,2026-04-30,,,Cassey Cress
MG Advanced - New prospect (QIEAKLRU),437697,qualified,2026-04-30,,,Cecily Lampkin
MG Advanced - Inity (ZE6HA778),437697,lost,2026-04-30,2026-05-05,Inity,Darcel Schlecht
GTX Plus Basic - Bioplex (6KPKOR79),135450,won,2026-04-30,2026-06-10,Bioplex,Donn Cantrell
MG Advanced - Vehement Capital Partners (D42GA3LC),443760,won,2026-04-30,2026-05-08,Vehement Capital Partners,Donn Cantrell
GTK 500 - New prospect (A04V2WB3),3453072,qualified,2026-04-30,,,Elease Gluck
MG Special - Betatech (TIPXNDS2),7095,qualified,2026-04-30,,Betatech,Gladys Colclough
MG Special - New prospect (3G61D5KV),7095,qualified,2026-04-30,,,Gladys Colclough
GTX Pro - Rundofase (58J528HO),621909,lost,2026-04-30,2026-05-12,Rundofase,Gladys Colclough
GTX Basic - New prospect (6RZ5GSAB),70950,qualified,2026-04-30,,,Jonathan Berthelot
MG Special - Cancity (RD6Y5R4P),7095,qualified,2026-04-30,,Cancity,Kami Bicknell
GTX Basic - New prospect (7VSFD2MV),70950,qualified,2026-04-30,,,Kary Hendrixson
GTX Plus Basic - Konex (PBVC1VI7),141384,lost,2026-04-30,2026-08-06,Konex,Kary Hendrixson
MG Special - New prospect (3BA9OPGY),7095,qualified,2026-04-30,,,Lajuana Vencill
MG Advanced - Acme Corporation (LDQITW5C),437697,qualified,2026-04-30,,Acme Corporation,Lajuana Vencill
MG Advanced - New prospect (9V2SW5MV),437697,qualified,2026-04-30,,,Marty Freudenburg
MG Advanced - Umbrella Corporation (0R5KAHNB),437697,qualified,2026-04-30,,Umbrella Corporation,Moses Frase
GTX Plus Basic - Gogozoom (ATMWAQL5),141384,qualified,2026-04-30,,Gogozoom,Niesha Huffines
MG Special - New prospect (SUUVV6RP),7095,qualified,2026-04-30,,,Niesha Huffines
GTX Plus Basic - Inity (U4BPFJC5),145254,won,2026-04-30,2026-05-18,Inity,Niesha Huffines
GTX Pro - Donquadtech (MJ3XHBY0),511227,won,2026-04-30,2026-05-11,Donquadtech,Reed Clapper
GTX Pro - Kinnamplus (LT75S3LM),696729,won,2026-04-30,2026-05-08,Kinnamplus,Reed Clapper
MG Advanced - Silis (B28O6RVD),437697,lost,2026-04-30,2026-05-17,Silis,Rosie Papadopoulos
GTX Plus Basic - Silis (O9MGYBG4),124485,won,2026-04-30,2026-08-29,Silis,Rosie Papadopoulos
GTX Basic - New prospect (XB1ZV04H),70950,qualified,2026-04-30,,,Versie Hillebrand
MG Special - New prospect (Q1TS5ZKD),7095,qualified,2026-04-30,,,Versie Hillebrand
GTX Basic - Hottechi (FLH1KDV2),68886,won,2026-04-30,2026-07-29,Hottechi,Versie Hillebrand
MG Special - Mathtouch (NNH4EBG8),7095,qualified,2026-04-30,,Mathtouch,Vicki Laflamme
MG Special - Massive Dynamic (GVSAAKF4),6450,won,2026-04-30,2026-08-18,Massive Dynamic,Wilburn Farren
MG Special - Cancity (5UFU5IO4),7095,qualified,2026-05-01,,Cancity,Corliss Cosme
GTX Plus Basic - New prospect (VLYT262U),141384,qualified,2026-05-01,,,Daniell Hammack
GTX Pro - New prospect (UM1OU73X),621909,qualified,2026-05-01,,,Darcel Schlecht
GTX Pro - New prospect (69U39SXU),621909,qualified,2026-05-01,,,Darcel Schlecht
GTX Pro - Konex (R6F1053X),668994,won,2026-05-01,2026-05-08,Konex,Donn Cantrell
MG Advanced - J-Texon (OB2PHGFR),426732,won,2026-05-01,2026-08-01,J-Texon,Elease Gluck
MG Special - New prospect (ZCUMC0XC),7095,qualified,2026-05-01,,,Gladys Colclough
MG Advanced - Finhigh (Y2X0X0WQ),434343,won,2026-05-01,2026-09-03,Finhigh,Gladys Colclough
GTX Plus Basic - New prospect (V1KABF71),141384,qualified,2026-05-01,,,Jonathan Berthelot
GTX Plus Basic - Labdrill (DZ47F0UT),141384,lost,2026-05-01,2026-05-05,Labdrill,Kary Hendrixson
GTX Basic - Scotfind (7WYZ9HMC),66822,won,2026-05-01,2026-06-13,Scotfind,Kary Hendrixson
GTX Basic - New prospect (CPOA6FVA),70950,qualified,2026-05-01,,,Lajuana Vencill
GTX Basic - Condax (5VW9YVTU),70950,qualified,2026-05-01,,Condax,Moses Frase
MG Advanced - Funholding (FUI9BIS3),437697,qualified,2026-05-01,,Funholding,Moses Frase
GTX Plus Basic - Betasoloin (49SUORYW),141384,qualified,2026-05-01,,Betasoloin,Niesha Huffines
GTX Pro - Initech (RG8P75PG),621909,lost,2026-05-01,2026-05-07,Initech,Reed Clapper
GTX Plus Basic - Kan-code (P0YQ3HNN),145512,won,2026-05-01,2026-06-08,Kan-code,Reed Clapper
GTX Plus Pro - Bioplex (TGI9B9AD),815022,won,2026-05-01,2026-09-12,Bioplex,Reed Clapper
MG Special - New prospect (51VR0RD3),7095,qualified,2026-05-01,,,Violet Mclelland
GTX Basic - New prospect (4PNXMXXC),70950,qualified,2026-05-02,,,Anna Snelling
GTX Plus Pro - New prospect (OVA9HMN1),707178,qualified,2026-05-02,,,Anna Snelling
MG Special - New prospect (DAAHNY6T),7095,qualified,2026-05-02,,,Anna Snelling
MG Special - New prospect (80QJ0BQH),7095,qualified,2026-05-02,,,Anna Snelling
MG Advanced - Cancity (WA58C7SV),437697,lost,2026-05-02,2026-08-23,Cancity,Anna Snelling
GTX Pro - New prospect (MOAP4XN7),621909,qualified,2026-05-02,,,Boris Faz
GTX Pro - Bioholding (2N2MUDOA),621909,qualified,2026-05-02,,Bioholding,Daniell Hammack
GTX Pro - Ontomedia (EFUIZFRA),636615,won,2026-05-02,2026-06-16,Ontomedia,Daniell Hammack
GTX Plus Pro - New prospect (RCJRB8W8),707178,qualified,2026-05-02,,,Darcel Schlecht
GTX Plus Pro - New prospect (5NGPM4C3),707178,qualified,2026-05-02,,,Darcel Schlecht
GTX Plus Basic - Scottech (D4ZMTQLE),130677,won,2026-05-02,2026-09-16,Scottech,Darcel Schlecht
GTX Basic - Yearin (QFXZT1TV),73917,won,2026-05-02,2026-09-16,Yearin,Donn Cantrell
GTX Basic - Zathunicon (3Q8GSOKD),69015,won,2026-05-02,2026-08-31,Zathunicon,Donn Cantrell
MG Special - Bioplex (7DOGGIXI),7095,qualified,2026-05-02,,Bioplex,Elease Gluck
MG Advanced - Fasehatice (7CC4DUSQ),437697,lost,2026-05-02,2026-08-26,Fasehatice,Elease Gluck
GTX Plus Pro - Betasoloin (NY7Z4I06),707178,qualified,2026-05-02,,Betasoloin,Kary Hendrixson
GTX Plus Basic - Condax (G2KW3DWD),139320,won,2026-05-02,2026-07-30,Condax,Lajuana Vencill
GTX Basic - Finhigh (IK72767Q),78561,won,2026-05-02,2026-09-10,Finhigh,Marty Freudenburg
GTX Basic - Zencorporation (9P180HVQ),70950,qualified,2026-05-02,,Zencorporation,Moses Frase
GTX Plus Basic - Treequote (ACGLK2YE),141384,qualified,2026-05-02,,Treequote,Moses Frase
GTX Basic - Bioholding (0F9GSZRO),70950,lost,2026-05-02,2026-08-08,Bioholding,Moses Frase
MG Special - Scottech (BEELPVP0),7095,lost,2026-05-02,2026-05-12,Scottech,Moses Frase
MG Special - New prospect (3A54O8JT),7095,qualified,2026-05-02,,,Versie Hillebrand
MG Advanced - Gogozoom (2DOZJ7GT),437697,lost,2026-05-02,2026-08-05,Gogozoom,Versie Hillebrand
GTX Basic - Rundofase (1V1L46NV),72627,won,2026-05-02,2026-08-06,Rundofase,Versie Hillebrand
MG Advanced - Domzoom (R9GI5SJ5),437697,qualified,2026-05-02,,Domzoom,Vicki Laflamme
GTX Pro - Plexzap (SGYL0QMJ),621909,lost,2026-05-02,2026-08-04,Plexzap,Zane Levy
MG Special - Betatech (XNOQAL9G),7095,lost,2026-05-03,2026-08-26,Betatech,Anna Snelling
GTX Plus Pro - New prospect (WO1OYV0Z),707178,qualified,2026-05-03,,,Boris Faz
MG Special - Vehement Capital Partners (ZGK1AWBD),7095,qualified,2026-05-03,,Vehement Capital Partners,Boris Faz
MG Special - Streethex (AV72Y65Y),7095,qualified,2026-05-03,,Streethex,Cecily Lampkin
GTX Plus Basic - Konex (2PP30ME4),141384,lost,2026-05-03,2026-08-01,Konex,Corliss Cosme
MG Special - Bluth Company (UADVV91I),7611,won,2026-05-03,2026-08-28,Bluth Company,Corliss Cosme
MG Special - Donquadtech (E9PMCMA3),6966,won,2026-05-03,2026-08-11,Donquadtech,Corliss Cosme
MG Advanced - Donquadtech (EGW6AN01),437697,lost,2026-05-03,2026-08-05,Donquadtech,Daniell Hammack
GTX Pro - New prospect (A8NDGVJE),621909,qualified,2026-05-03,,,Darcel Schlecht
GTX Plus Basic - Cancity (NI5XQR33),141384,lost,2026-05-03,2026-05-11,Cancity,Darcel Schlecht
MG Advanced - Mathtouch (QYUZ3KVU),401706,won,2026-05-03,2026-05-08,Mathtouch,Donn Cantrell
MG Special - Rantouch (5TOZM59X),7740,won,2026-05-03,2026-05-14,Rantouch,Elease Gluck
GTX Basic - Donware (XWOG5DC0),70950,lost,2026-05-03,2026-08-05,Donware,Garret Kinder
GTX Basic - Kan-code (IQAFSIV4),54438,won,2026-05-03,2026-05-24,Kan-code,Garret Kinder
MG Advanced - Konex (EETBBG75),512259,won,2026-05-03,2026-06-17,Konex,Garret Kinder
GTX Pro - Plusstrip (7FFV8D9U),621909,qualified,2026-05-03,,Plusstrip,Gladys Colclough
GTX Basic - New prospect (04T6SOQW),70950,qualified,2026-05-03,,,Kami Bicknell
GTX Plus Basic - Faxquote (STYAF310),141384,lost,2026-05-03,2026-08-01,Faxquote,Kami Bicknell
GTX Basic - Konex (6W7QAH1B),65790,won,2026-05-03,2026-09-14,Konex,Kami Bicknell
MG Advanced - Scotfind (KXLD5YKX),520128,won,2026-05-03,2026-08-16,Scotfind,Kami Bicknell
GTX Pro - New prospect (SLMY2KDA),621909,qualified,2026-05-03,,,Kary Hendrixson
MG Advanced - Globex Corporation (PDMZ1I99),437697,qualified,2026-05-03,,Globex Corporation,Lajuana Vencill
GTX Basic - Dontechi (ESYGBBLP),70950,lost,2026-05-03,2026-09-06,Dontechi,Lajuana Vencill
GTX Plus Pro - New prospect (AD2YEH7W),707178,qualified,2026-05-03,,,Marty Freudenburg
GTX Plus Pro - New prospect (98K99UW9),707178,qualified,2026-05-03,,,Rosie Papadopoulos
MG Special - Plussunin (ZDSAVCDQ),6708,won,2026-05-03,2026-05-09,Plussunin,Rosie Papadopoulos
MG Advanced - New prospect (OMJHW2J1),437697,qualified,2026-05-03,,,Versie Hillebrand
MG Advanced - New prospect (G6CMP5I9),437697,qualified,2026-05-03,,,Versie Hillebrand
GTX Plus Basic - Kan-code (OSG9KZGB),141384,qualified,2026-05-04,,Kan-code,Anna Snelling
GTX Basic - Funholding (693K7IAT),70950,qualified,2026-05-04,,Funholding,Boris Faz
MG Advanced - Sumace (QRWC159J),437697,lost,2026-05-04,2026-09-04,Sumace,Boris Faz
MG Advanced - Globex Corporation (TXPUCPT8),475236,won,2026-05-04,2026-08-14,Globex Corporation,Cecily Lampkin
GTX Plus Basic - Sumace (2ZVWE5NE),141384,lost,2026-05-04,2026-09-15,Sumace,Corliss Cosme
GTX Plus Pro - Zotware (4335LVQT),599592,won,2026-05-04,2026-08-16,Zotware,Corliss Cosme
GTX Pro - Gekko & Co (MJ0RRDLN),598431,won,2026-05-04,2026-09-01,Gekko & Co,Corliss Cosme
GTX Pro - Betatech (QAJPUEN2),621909,lost,2026-05-04,2026-05-15,Betatech,Darcel Schlecht
GTX Plus Pro - Inity (4XLLUO6J),820440,won,2026-05-04,2026-06-14,Inity,Darcel Schlecht
GTX Plus Basic - Singletechno (5R408EB5),141384,lost,2026-05-04,2026-09-15,Singletechno,Elease Gluck
GTX Pro - Inity (FB0Q3FYP),609138,won,2026-05-04,2026-06-19,Inity,Gladys Colclough
GTX Plus Basic - Rantouch (JZ2VUXZQ),141384,lost,2026-05-04,2026-05-23,Rantouch,Hayden Neloms
MG Advanced - Sunnamplex (RB54V758),392031,won,2026-05-04,2026-05-14,Sunnamplex,James Ascencio
GTX Plus Basic - Rundofase (38C7HEG6),139320,won,2026-05-04,2026-07-29,Rundofase,Jonathan Berthelot
GTX Plus Basic - Blackzim (FNXCNUR1),141384,lost,2026-05-04,2026-08-21,Blackzim,Kami Bicknell
MG Advanced - Globex Corporation (DSPMSOTB),395127,won,2026-05-04,2026-09-09,Globex Corporation,Lajuana Vencill
GTX Plus Basic - New prospect (WD7Q5D3G),141384,qualified,2026-05-04,,,Markita Hansen
MG Advanced - New prospect (ZC987DAQ),437697,qualified,2026-05-04,,,Markita Hansen
GTX Basic - Konex (AOVU3VUJ),70950,lost,2026-05-04,2026-08-14,Konex,Markita Hansen
GTX Plus Basic - Betatech (I6M40320),141384,qualified,2026-05-04,,Betatech,Niesha Huffines
GTX Pro - New prospect (SYA1A4E5),621909,qualified,2026-05-04,,,Niesha Huffines
GTX Basic - New prospect (9AESK6QV),70950,qualified,2026-05-04,,,Vicki Laflamme
MG Special - J-Texon (6DUFMKIG),7095,lost,2026-05-04,2026-05-10,J-Texon,Vicki Laflamme
MG Special - Acme Corporation (R2DID6L7),6708,won,2026-05-04,2026-08-01,Acme Corporation,Violet Mclelland
MG Special - Bluth Company (WHS3UZHR),6579,won,2026-05-04,2026-08-06,Bluth Company,Violet Mclelland
GTX Pro - Condax (5UFQONQU),577920,won,2026-05-04,2026-08-24,Condax,Zane Levy
MG Special - dambase (RRQIGS7E),6837,won,2026-05-05,2026-05-15,dambase,Anna Snelling
GTX Basic - Xx-zobam (1VFRN1GB),75078,won,2026-05-05,2026-05-24,Xx-zobam,Cassey Cress
MG Advanced - New prospect (Q8QGD2OG),437697,qualified,2026-05-05,,,Cecily Lampkin
GTX Plus Pro - Cancity (AHXFADIU),707178,lost,2026-05-05,2026-07-29,Cancity,Cecily Lampkin
MG Advanced - Warephase (PWKFVQFA),432666,won,2026-05-05,2026-08-05,Warephase,Cecily Lampkin
MG Advanced - Donware (8CAXVCDF),437697,lost,2026-05-05,2026-05-06,Donware,Daniell Hammack
GTX Plus Basic - Konex (0SIWRBDT),146415,won,2026-05-05,2026-09-18,Konex,Daniell Hammack
GTX Pro - New prospect (FH3UXT3T),621909,qualified,2026-05-05,,,Darcel Schlecht
GTX Pro - Initech (VQB0ZCYJ),626811,won,2026-05-05,2026-05-08,Initech,Donn Cantrell
GTX Plus Basic - Toughzap (6IMKESNY),139965,won,2026-05-05,2026-05-14,Toughzap,Jonathan Berthelot
GTX Basic - Cancity (CLRPASVW),70950,qualified,2026-05-05,,Cancity,Kami Bicknell
MG Special - Singletechno (18N5WD04),7095,lost,2026-05-05,2026-06-21,Singletechno,Kary Hendrixson
GTX Basic - New prospect (FS60AX8A),70950,qualified,2026-05-05,,,Lajuana Vencill
GTX Basic - Finhigh (R26IBPEJ),70950,lost,2026-05-05,2026-08-10,Finhigh,Lajuana Vencill
GTX Plus Basic - Zumgoity (TCBW39GW),154284,won,2026-05-05,2026-08-04,Zumgoity,Marty Freudenburg
GTX Plus Pro - Warephase (F9QHNS68),718788,won,2026-05-05,2026-05-16,Warephase,Marty Freudenburg
MG Advanced - J-Texon (7DA7E2K7),440535,won,2026-05-05,2026-08-03,J-Texon,Maureen Marcano
MG Advanced - New prospect (O7LSETHG),437697,qualified,2026-05-05,,,Rosie Papadopoulos
MG Special - Scottech (GTH7MXLG),7095,lost,2026-05-05,2026-05-12,Scottech,Versie Hillebrand
GTX Plus Pro - New prospect (FCBSZ6FJ),707178,qualified,2026-05-06,,,Anna Snelling
GTX Basic - New prospect (S931EBRN),70950,qualified,2026-05-06,,,Cassey Cress
GTX Basic - Kinnamplus (2QISWUQ9),70950,lost,2026-05-06,2026-09-01,Kinnamplus,Cassey Cress
GTX Plus Basic - Vehement Capital Partners (8CJ0DC9P),141384,lost,2026-05-06,2026-08-09,Vehement Capital Partners,Daniell Hammack
GTX Plus Basic - Plussunin (S0WEFDP2),151704,won,2026-05-06,2026-06-21,Plussunin,Daniell Hammack
GTX Plus Basic - Goodsilron (MUSSD9WD),141384,qualified,2026-05-06,,Goodsilron,Darcel Schlecht
GTX Pro - New prospect (9B20R6A5),621909,qualified,2026-05-06,,,Darcel Schlecht
GTX Pro - Streethex (PXXIJWXD),556377,won,2026-05-06,2026-07-30,Streethex,Darcel Schlecht
GTX Pro - Konex (AQFXE1TA),601398,won,2026-05-06,2026-06-12,Konex,Donn Cantrell
GTX Basic - Singletechno (N4JDVO8F),70950,lost,2026-05-06,2026-05-09,Singletechno,Elease Gluck
MG Advanced - Cheers (GXJF1O6U),437697,lost,2026-05-06,2026-08-15,Cheers,Elease Gluck
GTX Pro - Xx-zobam (UZTMM5MG),621909,lost,2026-05-06,2026-08-17,Xx-zobam,Garret Kinder
MG Advanced - Plussunin (XMVJ5X59),350235,won,2026-05-06,2026-08-04,Plussunin,Garret Kinder
GTX Plus Basic - Hatfan (AJ3CFCFA),141384,lost,2026-05-06,2026-08-16,Hatfan,Hayden Neloms
GTX Basic - Hottechi (SX73M3HS),65919,won,2026-05-06,2026-09-15,Hottechi,James Ascencio
GTX Basic - New prospect (BJH89YWM),70950,qualified,2026-05-06,,,Jonathan Berthelot
GTX Basic - The New York Inquirer (EVXPG3V5),70950,qualified,2026-05-06,,The New York Inquirer,Lajuana Vencill
GTX Plus Basic - Goodsilron (YDUL6H8V),131193,won,2026-05-06,2026-09-04,Goodsilron,Markita Hansen
GTX Plus Pro - Hatfan (FSNL204U),707178,qualified,2026-05-06,,Hatfan,Marty Freudenburg
MG Advanced - New prospect (RC4LEDIA),437697,qualified,2026-05-06,,,Marty Freudenburg
GTX Plus Basic - Labdrill (DY5RYWTV),141384,lost,2026-05-06,2026-05-17,Labdrill,Maureen Marcano
GTX Plus Basic - Konex (3F9NDPA0),142158,won,2026-05-06,2026-05-07,Konex,Maureen Marcano
MG Special - Kan-code (UMKU4ZGE),8643,won,2026-05-06,2026-08-31,Kan-code,Maureen Marcano
MG Special - Genco Pura Olive Oil Company (56SRDF1B),7611,won,2026-05-06,2026-06-06,Genco Pura Olive Oil Company,Moses Frase
GTX Plus Pro - Domzoom (ID7F5VGK),707178,lost,2026-05-06,2026-08-22,Domzoom,Niesha Huffines
GTX Basic - Hottechi (6UQTAD4C),73401,won,2026-05-06,2026-09-05,Hottechi,Niesha Huffines
GTX Basic - Xx-zobam (HT17GEXI),66693,won,2026-05-06,2026-09-09,Xx-zobam,Reed Clapper
GTX Basic - New prospect (298J5EM0),70950,qualified,2026-05-06,,,Vicki Laflamme
GTX Basic - Iselectrics (5Q2BP80H),70950,lost,2026-05-06,2026-07-31,Iselectrics,Wilburn Farren
GTX Plus Basic - Donware (JVKP9OCT),151059,won,2026-05-07,2026-05-19,Donware,Boris Faz
GTX Basic - Kinnamplus (COJKCSVG),70950,lost,2026-05-07,2026-05-19,Kinnamplus,Corliss Cosme
GTX Plus Basic - Donquadtech (533RTCAL),147447,won,2026-05-07,2026-05-17,Donquadtech,Corliss Cosme
GTX Pro - Kan-code (NUBMO8S7),685635,won,2026-05-07,2026-09-03,Kan-code,Daniell Hammack
GTX Plus Pro - New prospect (Z4OOTJAJ),707178,qualified,2026-05-07,,,Darcel Schlecht
MG Advanced - Codehow (DNL2IICB),437697,lost,2026-05-07,2026-05-09,Codehow,Darcel Schlecht
MG Special - Scotfind (X7V78ZY0),6321,won,2026-05-07,2026-05-13,Scotfind,Elease Gluck
GTX Plus Pro - Bubba Gump (5GEBBVQQ),707178,lost,2026-05-07,2026-08-03,Bubba Gump,Garret Kinder
GTX Plus Basic - New prospect (988J5AUI),141384,qualified,2026-05-07,,,Hayden Neloms
MG Advanced - J-Texon (DMN53GAI),452919,won,2026-05-07,2026-05-10,J-Texon,Hayden Neloms
GTX Basic - Plexzap (MBPJUJ7F),70950,qualified,2026-05-07,,Plexzap,Jonathan Berthelot
GTX Pro - Codehow (B7VEJNPV),621909,lost,2026-05-07,2026-08-20,Codehow,Jonathan Berthelot
GTX Pro - Y-corporation (CR13KZ71),621909,lost,2026-05-07,2026-08-17,Y-corporation,Kary Hendrixson
GTX Plus Basic - New prospect (2KWJIZX6),141384,qualified,2026-05-07,,,Lajuana Vencill
GTX Basic - New prospect (99EA6HXJ),70950,qualified,2026-05-07,,,Markita Hansen
GTX Plus Pro - Sumace (J31SUXQJ),707178,qualified,2026-05-07,,Sumace,Marty Freudenburg
MG Special - New prospect (DYO98F6J),7095,qualified,2026-05-07,,,Marty Freudenburg
GTX Plus Basic - Codehow (C23N9DE9),142932,won,2026-05-07,2026-05-24,Codehow,Marty Freudenburg
MG Special - Golddex (FW7QS11M),7095,lost,2026-05-07,2026-08-04,Golddex,Maureen Marcano
MG Special - Groovestreet (ZRBHYBW9),7095,lost,2026-05-07,2026-07-31,Groovestreet,Maureen Marcano
GTX Plus Basic - New prospect (EEB0JYIQ),141384,qualified,2026-05-07,,,Niesha Huffines
GTX Basic - Stanredtax (JLK580ND),70950,lost,2026-05-07,2026-06-13,Stanredtax,Niesha Huffines
GTX Plus Pro - Inity (GN9SQ77J),731559,won,2026-05-07,2026-05-22,Inity,Niesha Huffines
GTX Pro - Faxquote (68EYCEV4),621909,qualified,2026-05-07,,Faxquote,Rosie Papadopoulos
GTX Basic - Bubba Gump (1S09GEOL),70950,lost,2026-05-07,2026-06-06,Bubba Gump,Rosie Papadopoulos
GTX Basic - Bioholding (W0TOD23Z),70434,won,2026-05-07,2026-06-21,Bioholding,Versie Hillebrand
MG Special - Golddex (2SI35CTV),7353,won,2026-05-07,2026-09-02,Golddex,Vicki Laflamme
MG Advanced - Doncon (58CZCKFN),412155,won,2026-05-07,2026-06-25,Doncon,Vicki Laflamme
GTX Basic - Zotware (3E6J4YRT),70950,lost,2026-05-07,2026-08-03,Zotware,Violet Mclelland
MG Special - Globex Corporation (L4QYOBFW),7095,lost,2026-05-08,2026-08-03,Globex Corporation,Anna Snelling
MG Special - Globex Corporation (DSC7UB3W),7095,lost,2026-05-08,2026-05-20,Globex Corporation,Anna Snelling
MG Special - Dontechi (ZHXBOIJ6),5934,won,2026-05-08,2026-05-15,Dontechi,Anna Snelling
MG Special - Streethex (FBVCN3BA),8385,won,2026-05-08,2026-08-04,Streethex,Anna Snelling
GTX Basic - New prospect (P4D1NK6D),70950,qualified,2026-05-08,,,Elease Gluck
GTX Plus Pro - The New York Inquirer (5MAXF8FK),707178,qualified,2026-05-08,,The New York Inquirer,Gladys Colclough
GTX Pro - Cheers (52FDATJV),621909,lost,2026-05-08,2026-05-21,Cheers,James Ascencio
GTX Basic - Rangreen (KJGZN9D4),67854,won,2026-05-08,2026-08-08,Rangreen,Jonathan Berthelot
GTX Pro - Genco Pura Olive Oil Company (MITXNS42),620361,won,2026-05-08,2026-08-07,Genco Pura Olive Oil Company,Jonathan Berthelot
MG Special - New prospect (Z7Q2USU1),7095,qualified,2026-05-08,,,Markita Hansen
GTX Plus Basic - Green-Plus (ORJRH2SQ),142545,won,2026-05-08,2026-05-11,Green-Plus,Markita Hansen
MG Advanced - Streethex (8CBTC1PX),437697,qualified,2026-05-08,,Streethex,Marty Freudenburg
GTX Basic - New prospect (UMF3KRCL),70950,qualified,2026-05-08,,,Maureen Marcano
MG Special - New prospect (VJSI29OF),7095,qualified,2026-05-08,,,Versie Hillebrand
MG Special - Bioholding (GFU8P2SC),7095,lost,2026-05-08,2026-05-14,Bioholding,Versie Hillebrand
MG Special - Sunnamplex (SBCNMFUN),7224,won,2026-05-08,2026-05-13,Sunnamplex,Vicki Laflamme
GTX Plus Basic - Iselectrics (JCIKEHD8),141384,lost,2026-05-08,2026-08-06,Iselectrics,Violet Mclelland
GTX Pro - Hatfan (GVZMMURY),621909,lost,2026-05-08,2026-08-26,Hatfan,Zane Levy
GTX Pro - New prospect (6KEWAQMX),621909,qualified,2026-05-09,,,Cassey Cress
GTX Basic - Zathunicon (0PUDG8KY),70950,lost,2026-05-09,2026-05-21,Zathunicon,Cassey Cress
GTX Pro - Ganjaflex (XTCCGBYM),536769,won,2026-05-09,2026-08-07,Ganjaflex,Cassey Cress
MG Special - New prospect (QFRZLXF3),7095,qualified,2026-05-09,,,Cecily Lampkin
MG Advanced - New prospect (8MUD1WS1),437697,qualified,2026-05-09,,,Cecily Lampkin
MG Special - Codehow (0UB5IQXA),8385,won,2026-05-09,2026-08-20,Codehow,Cecily Lampkin
GTX Pro - Umbrella Corporation (EIS1B0GM),621909,lost,2026-05-09,2026-05-10,Umbrella Corporation,Corliss Cosme
GTX Basic - Zathunicon (ASVOOKMY),67596,won,2026-05-09,2026-05-31,Zathunicon,Corliss Cosme
MG Special - Finjob (HMWIP0F2),7095,qualified,2026-05-09,,Finjob,Darcel Schlecht
GTX Pro - Ron-tech (WAPSW48Y),621909,lost,2026-05-09,2026-07-29,Ron-tech,Darcel Schlecht
GTX Basic - Inity (J6TNURHV),62049,won,2026-05-09,2026-08-17,Inity,Darcel Schlecht
GTX Basic - Treequote (9PG07FPP),67080,won,2026-05-09,2026-08-08,Treequote,Darcel Schlecht
GTX Pro - Codehow (U3HKMX4U),591078,won,2026-05-09,2026-08-01,Codehow,Darcel Schlecht
MG Special - Fasehatice (A7YPY8KI),6837,won,2026-05-09,2026-05-18,Fasehatice,Elease Gluck
GTX Basic - New prospect (27REMGYU),70950,qualified,2026-05-09,,,James Ascencio
GTX Plus Basic - Labdrill (IFTZ75Z9),141384,lost,2026-05-09,2026-08-30,Labdrill,Kary Hendrixson
GTX Basic - Stanredtax (E8QYYAGE),70950,lost,2026-05-09,2026-06-09,Stanredtax,Lajuana Vencill
GTX Basic - Bluth Company (O0L6JUYE),70950,qualified,2026-05-09,,Bluth Company,Marty Freudenburg
GTX Plus Basic - New prospect (ZR436XWW),141384,qualified,2026-05-09,,,Maureen Marcano
GTX Basic - Hottechi (XE0H6MOP),72111,won,2026-05-09,2026-06-19,Hottechi,Maureen Marcano
MG Special - Zoomit (44Q1W18Y),7095,qualified,2026-05-09,,Zoomit,Moses Frase
MG Special - New prospect (LT111IZL),7095,qualified,2026-05-09,,,Moses Frase
MG Special - New prospect (QHY85D44),7095,qualified,2026-05-09,,,Moses Frase
MG Advanced - Isdom (R0YCRJVQ),437697,lost,2026-05-09,2026-05-14,Isdom,Moses Frase
MG Special - Gekko & Co (7ZN8YCH8),7095,qualified,2026-05-09,,Gekko & Co,Versie Hillebrand
MG Advanced - Treequote (3OA6FZUD),408285,won,2026-05-09,2026-08-26,Treequote,Versie Hillebrand
GTX Basic - New prospect (B96E3BBD),70950,qualified,2026-05-09,,,Vicki Laflamme
GTX Basic - New prospect (MQEFGUOG),70950,qualified,2026-05-09,,,Vicki Laflamme
GTX Plus Pro - New prospect (3C6E0D28),707178,qualified,2026-05-09,,,Vicki Laflamme
GTX Pro - Cancity (58W7CZGD),621909,qualified,2026-05-09,,Cancity,Vicki Laflamme
MG Advanced - Blackzim (SUOT8GB6),487491,won,2026-05-09,2026-08-11,Blackzim,Vicki Laflamme
GTX Basic - New prospect (EEQV0YY4),70950,qualified,2026-05-09,,,Violet Mclelland
MG Special - Donquadtech (Q3TDGMAR),6192,won,2026-05-09,2026-08-09,Donquadtech,Violet Mclelland
MG Special - Streethex (HQ2QSZUP),6450,won,2026-05-10,2026-07-30,Streethex,Anna Snelling
MG Special - Umbrella Corporation (V01XCOAS),7095,lost,2026-05-10,2026-08-19,Umbrella Corporation,Boris Faz
MG Advanced - Xx-zobam (O35V5CTW),437697,lost,2026-05-10,2026-08-21,Xx-zobam,Cassey Cress
MG Advanced - New prospect (0OHEJOI5),437697,qualified,2026-05-10,,,Corliss Cosme
GTX Pro - Zotware (AIU1UWJZ),580242,won,2026-05-10,2026-05-19,Zotware,Corliss Cosme
MG Special - Zencorporation (C205FMDE),7611,won,2026-05-10,2026-05-29,Zencorporation,Corliss Cosme
GTX Pro - The New York Inquirer (KLIOLWPC),621909,lost,2026-05-10,2026-05-14,The New York Inquirer,Daniell Hammack
GTX Plus Basic - New prospect (QMFN71BT),141384,qualified,2026-05-10,,,Darcel Schlecht
GTX Pro - Dontechi (OF5AZQID),620490,won,2026-05-10,2026-08-02,Dontechi,Darcel Schlecht
GTX Basic - New prospect (7O1UQ19W),70950,qualified,2026-05-10,,,Gladys Colclough
GTX Plus Basic - New prospect (LFJVV393),141384,qualified,2026-05-10,,,Hayden Neloms
GTX Plus Pro - New prospect (QQPAK72N),707178,qualified,2026-05-10,,,Hayden Neloms
MG Advanced - Kan-code (8H0UQYXW),512388,won,2026-05-10,2026-08-04,Kan-code,James Ascencio
GTX Plus Pro - Kan-code (5CAP1055),707178,qualified,2026-05-10,,Kan-code,Kary Hendrixson
MG Special - J-Texon (ZW2GDFKC),7095,lost,2026-05-10,2026-05-21,J-Texon,Kary Hendrixson
GTX Basic - Konex (96MOALT0),73917,won,2026-05-10,2026-05-15,Konex,Kary Hendrixson
GTX Basic - New prospect (DFSFEADV),70950,qualified,2026-05-10,,,Lajuana Vencill
MG Special - Initech (PXNDLIL2),7095,qualified,2026-05-10,,Initech,Lajuana Vencill
MG Advanced - New prospect (7FVBMH48),437697,qualified,2026-05-10,,,Markita Hansen
GTX Plus Pro - Fasehatice (714B6OB2),707178,lost,2026-05-10,2026-08-15,Fasehatice,Markita Hansen
GTX Pro - Goodsilron (W6OX0S1Q),621909,lost,2026-05-10,2026-05-18,Goodsilron,Markita Hansen
GTX Pro - Zoomit (B5WZQP1F),714660,won,2026-05-10,2026-08-25,Zoomit,Markita Hansen
GTX Plus Basic - New prospect (V0G393Q6),141384,qualified,2026-05-10,,,Marty Freudenburg
GTX Pro - New prospect (9CPUX0D0),621909,qualified,2026-05-10,,,Marty Freudenburg
MG Special - Konmatfix (CYBWWANG),7095,lost,2026-05-10,2026-08-22,Konmatfix,Marty Freudenburg
MG Special - New prospect (USS2SNQI),7095,qualified,2026-05-10,,,Maureen Marcano
GTX Plus Basic - Cheers (4BUQW2T0),145770,won,2026-05-10,2026-05-21,Cheers,Maureen Marcano
MG Advanced - New prospect (HQKWQ004),437697,qualified,2026-05-10,,,Moses Frase
GTX Pro - Zotware (ZHOK77B4),611847,won,2026-05-10,2026-07-30,Zotware,Reed Clapper
MG Advanced - Plussunin (TP4SDOPW),481428,won,2026-05-10,2026-05-26,Plussunin,Reed Clapper
MG Special - Finjob (BUZMB3Q4),7611,won,2026-05-10,2026-08-23,Finjob,Vicki Laflamme
GTX Pro - Goodsilron (92VGMPKP),621909,lost,2026-05-10,2026-08-04,Goodsilron,Zane Levy
GTX Basic - Konex (JTXYATXL),65790,won,2026-05-10,2026-08-12,Konex,Zane Levy
GTX Plus Basic - New prospect (SAMPTSH0),141384,qualified,2026-05-11,,,Anna Snelling
GTX Plus Pro - Bioholding (NSX4NR40),707178,qualified,2026-05-11,,Bioholding,Anna Snelling
MG Special - New prospect (NPORW46K),7095,qualified,2026-05-11,,,Anna Snelling
MG Special - New prospect (0GS0L5VR),7095,qualified,2026-05-11,,,Anna Snelling
GTX Plus Pro - Inity (DCOMI70R),707178,lost,2026-05-11,2026-05-17,Inity,Anna Snelling
GTX Pro - New prospect (LBO52V0N),621909,qualified,2026-05-11,,,Cassey Cress
MG Advanced - Ganjaflex (5OOZTQK7),437697,lost,2026-05-11,2026-05-19,Ganjaflex,Cassey Cress
GTX Plus Basic - Kan-code (P2PVED7R),117003,won,2026-05-11,2026-05-27,Kan-code,Cassey Cress
GTX Plus Pro - Acme Corporation (LFMMI05H),758649,won,2026-05-11,2026-09-17,Acme Corporation,Cassey Cress
GTX Plus Pro - Betatech (99NDUEKO),707178,lost,2026-05-11,2026-08-06,Betatech,Cecily Lampkin
GTX Pro - New prospect (FJE58EP1),621909,qualified,2026-05-11,,,Darcel Schlecht
GTX Pro - New prospect (AILB4LIX),621909,qualified,2026-05-11,,,Darcel Schlecht
GTX Pro - Rundofase (2ICN8RJP),503358,won,2026-05-11,2026-08-01,Rundofase,Darcel Schlecht
MG Special - New prospect (8FGW6RSX),7095,qualified,2026-05-11,,,Elease Gluck
MG Advanced - New prospect (CYV6MJL9),437697,qualified,2026-05-11,,,Hayden Neloms
MG Advanced - Y-corporation (YKMHSGNU),437697,lost,2026-05-11,2026-08-26,Y-corporation,Hayden Neloms
GTX Basic - New prospect (Y8ZUSC9C),70950,qualified,2026-05-11,,,Jonathan Berthelot
GTX Plus Basic - New prospect (VHT6G2BS),141384,qualified,2026-05-11,,,Jonathan Berthelot
GTX Pro - New prospect (KBPKLB2X),621909,qualified,2026-05-11,,,Jonathan Berthelot
GTX Plus Pro - Goodsilron (N0XWYRBU),797994,won,2026-05-11,2026-08-07,Goodsilron,Kami Bicknell
GTX Plus Basic - Plexzap (HY9VGF58),141126,won,2026-05-11,2026-05-21,Plexzap,Kary Hendrixson
MG Advanced - Plussunin (EZDMNAK8),437697,qualified,2026-05-11,,Plussunin,Lajuana Vencill
MG Advanced - Singletechno (I6PXHXST),437697,qualified,2026-05-11,,Singletechno,Marty Freudenburg
GTX Pro - New prospect (AMP2GT6F),621909,qualified,2026-05-11,,,Maureen Marcano
GTX Plus Basic - Golddex (EPC4NBJ5),141384,lost,2026-05-11,2026-05-25,Golddex,Maureen Marcano
GTX Pro - New prospect (PQJZNRKK),621909,qualified,2026-05-11,,,Rosie Papadopoulos
MG Special - Rangreen (MVU1OZVS),6837,won,2026-05-11,2026-08-27,Rangreen,Versie Hillebrand
MG Advanced - Iselectrics (E617EXPD),437697,qualified,2026-05-11,,Iselectrics,Vicki Laflamme
GTX Basic - Plexzap (1BAF1ZYL),71079,won,2026-05-11,2026-05-16,Plexzap,Vicki Laflamme
MG Advanced - New prospect (JEWIBFH9),437697,qualified,2026-05-11,,,Wilburn Farren
MG Special - Blackzim (UV45XZWJ),7095,lost,2026-05-11,2026-05-15,Blackzim,Zane Levy
MG Special - New prospect (B08R55ET),7095,qualified,2026-05-12,,,Anna Snelling
GTX Plus Basic - Betatech (3HTSMIGI),141384,lost,2026-05-12,2026-06-24,Betatech,Anna Snelling
GTX Plus Pro - Inity (B5GG52AB),707178,lost,2026-05-12,2026-08-12,Inity,Anna Snelling
MG Special - Globex Corporation (MTBQF6FE),7353,won,2026-05-12,2026-08-02,Globex Corporation,Anna Snelling
MG Advanced - New prospect (ICR59VIJ),437697,qualified,2026-05-12,,,Cassey Cress
GTX Basic - Gekko & Co (3S3O03ZV),71208,won,2026-05-12,2026-05-22,Gekko & Co,Cassey Cress
MG Advanced - Condax (62TFLOG6),437697,lost,2026-05-12,2026-05-25,Condax,Corliss Cosme
GTX Plus Pro - The New York Inquirer (94JT388Y),583080,won,2026-05-12,2026-05-29,The New York Inquirer,Corliss Cosme
GTX Pro - Umbrella Corporation (AKC9GNVA),756972,won,2026-05-12,2026-08-06,Umbrella Corporation,Corliss Cosme
MG Advanced - Bioplex (0R1F3OIN),345978,won,2026-05-12,2026-05-19,Bioplex,Daniell Hammack
GTX Plus Basic - Dontechi (WDUOD19F),141384,lost,2026-05-12,2026-08-30,Dontechi,Darcel Schlecht
GTX Pro - Ron-tech (SFXFXRYV),621909,lost,2026-05-12,2026-08-17,Ron-tech,Darcel Schlecht
GTX Plus Basic - Rundofase (ANZJNT1Q),142416,won,2026-05-12,2026-05-22,Rundofase,Darcel Schlecht
GTX Pro - Globex Corporation (MX3QZ682),658803,won,2026-05-12,2026-08-06,Globex Corporation,Darcel Schlecht
GTX Basic - Ontomedia (WMJDLTEF),68757,won,2026-05-12,2026-08-22,Ontomedia,Donn Cantrell
GTX Plus Pro - Plussunin (3XUKEIQF),703566,won,2026-05-12,2026-09-07,Plussunin,Donn Cantrell
GTX Plus Pro - Warephase (GBQ8OLNP),707178,lost,2026-05-12,2026-06-02,Warephase,Gladys Colclough
GTX Pro - dambase (Y69M70YC),621909,lost,2026-05-12,2026-07-29,dambase,Gladys Colclough
MG Advanced - New prospect (TQJJDWWH),437697,qualified,2026-05-12,,,James Ascencio
GTX Plus Pro - Plusstrip (3UOIHNKR),713757,won,2026-05-12,2026-05-31,Plusstrip,James Ascencio
MG Special - Statholdings (5WVY52IX),7353,won,2026-05-12,2026-08-09,Statholdings,Jonathan Berthelot
GTX Basic - Scotfind (3K3LQ0H5),71853,won,2026-05-12,2026-05-20,Scotfind,Kami Bicknell
GTX Basic - New prospect (XGHMOHYQ),70950,qualified,2026-05-12,,,Lajuana Vencill
GTX Plus Pro - New prospect (5378T3K3),707178,qualified,2026-05-12,,,Markita Hansen
GTX Plus Basic - Scotfind (3THRXZLP),141384,lost,2026-05-12,2026-08-09,Scotfind,Markita Hansen
MG Advanced - Fasehatice (H45TYGRR),421959,won,2026-05-12,2026-05-23,Fasehatice,Markita Hansen
GTX Plus Pro - Isdom (E4A92U26),707178,lost,2026-05-12,2026-05-24,Isdom,Marty Freudenburg
MG Special - Codehow (JNYA5ZHI),7095,lost,2026-05-12,2026-08-07,Codehow,Moses Frase
GTX Basic - Scottech (DCNA3CA1),92364,won,2026-05-12,2026-09-14,Scottech,Moses Frase
GTX Plus Basic - New prospect (1MQ3015O),141384,qualified,2026-05-12,,,Niesha Huffines
GTX Pro - New prospect (PYQ3VX08),621909,qualified,2026-05-12,,,Niesha Huffines
GTX Plus Basic - Zencorporation (484WREJQ),132096,won,2026-05-12,2026-05-31,Zencorporation,Reed Clapper
GTX Pro - Mathtouch (6H1MBBVR),586305,won,2026-05-12,2026-05-20,Mathtouch,Reed Clapper
MG Special - Acme Corporation (2TI1UFAA),7095,lost,2026-05-12,2026-08-14,Acme Corporation,Rosie Papadopoulos
MG Special - Finhigh (W1XRTUT2),7095,qualified,2026-05-12,,Finhigh,Versie Hillebrand
GTX Pro - New prospect (6SMB6SDY),621909,qualified,2026-05-12,,,Vicki Laflamme
GTX Pro - Faxquote (BJWKG319),621909,lost,2026-05-12,2026-05-20,Faxquote,Vicki Laflamme
MG Special - Donquadtech (IDYA1X6O),7095,won,2026-05-12,2026-08-20,Donquadtech,Violet Mclelland
GTX Pro - Green-Plus (041Q1IZL),621909,qualified,2026-05-12,,Green-Plus,Zane Levy
MG Special - Treequote (U83R2K8I),6837,won,2026-05-13,2026-05-26,Treequote,Anna Snelling
GTX Plus Basic - Stanredtax (SU1NDYXR),141384,qualified,2026-05-13,,Stanredtax,Boris Faz
GTX Pro - Kan-code (PH1IKJ0W),610428,won,2026-05-13,2026-08-23,Kan-code,Boris Faz
GTX Basic - Zencorporation (8BP0QGNP),74562,won,2026-05-13,2026-08-13,Zencorporation,Cassey Cress
GTX Basic - Blackzim (BIH4D0JL),71853,won,2026-05-13,2026-05-20,Blackzim,Kami Bicknell
MG Special - Finjob (M49ZMLGL),7353,won,2026-05-13,2026-06-01,Finjob,Kami Bicknell
GTX Basic - Kan-code (OQAXHZXD),70950,lost,2026-05-13,2026-05-23,Kan-code,Markita Hansen
GTX Basic - Kan-code (FRRJMFIJ),64629,won,2026-05-13,2026-06-21,Kan-code,Rosie Papadopoulos
GTX Plus Basic - Rangreen (QROXE17S),139836,won,2026-05-13,2026-05-26,Rangreen,Versie Hillebrand
MG Special - Dontechi (H3ZR0CQW),7224,won,2026-05-13,2026-05-30,Dontechi,Versie Hillebrand
MG Special - New prospect (V7W8CA47),7095,qualified,2026-05-13,,,Vicki Laflamme
GTX Basic - Singletechno (9LY4MLGO),70950,lost,2026-05-13,2026-08-10,Singletechno,Zane Levy
GTX Plus Pro - Hottechi (X2GXIKND),705372,won,2026-05-14,2026-08-19,Hottechi,Anna Snelling
GTX Basic - New prospect (KR22DD8M),70950,qualified,2026-05-14,,,Cassey Cress
GTX Plus Basic - Rantouch (SY61BAXZ),141384,qualified,2026-05-14,,Rantouch,Cassey Cress
GTX Basic - Zencorporation (KP1L9SXH),73143,won,2026-05-14,2026-08-16,Zencorporation,Cassey Cress
GTX Plus Basic - Gekko & Co (84OTUTQX),141384,lost,2026-05-14,2026-08-02,Gekko & Co,Corliss Cosme
GTX Pro - New prospect (FKVC924F),621909,qualified,2026-05-14,,,Daniell Hammack
GTX Pro - New prospect (LXVCMY4C),621909,qualified,2026-05-14,,,Daniell Hammack
GTX Plus Basic - Dontechi (DVAOMCYK),132741,won,2026-05-14,2026-08-16,Dontechi,Darcel Schlecht
GTX Basic - Fasehatice (9LJAADWH),55470,won,2026-05-14,2026-08-05,Fasehatice,Kary Hendrixson
GTX Pro - Kan-code (8BGC94TT),685764,won,2026-05-14,2026-08-14,Kan-code,Maureen Marcano
MG Advanced - Ron-tech (P8GXMSXL),437697,lost,2026-05-14,2026-05-25,Ron-tech,Moses Frase
MG Special - Ganjaflex (QJ1DIUN7),7095,qualified,2026-05-14,,Ganjaflex,Rosalina Dieter
MG Advanced - Kan-code (HIOHPBO1),504777,won,2026-05-14,2026-06-01,Kan-code,Rosie Papadopoulos
GTX Basic - Zumgoity (ESU5NGML),70950,lost,2026-05-14,2026-05-21,Zumgoity,Versie Hillebrand
MG Special - Toughzap (7NDOEFEB),7095,lost,2026-05-14,2026-05-17,Toughzap,Versie Hillebrand
MG Advanced - Condax (H5SSSZ11),437697,lost,2026-05-14,2026-05-15,Condax,Vicki Laflamme
MG Advanced - Plexzap (IZ8DDEIO),437697,lost,2026-05-14,2026-08-08,Plexzap,Vicki Laflamme
MG Special - Hatfan (L4R7LDY1),7095,qualified,2026-05-14,,Hatfan,Violet Mclelland
GTX Basic - Hottechi (5A4Q7X1W),84495,won,2026-05-14,2026-05-31,Hottechi,Zane Levy
MG Special - Groovestreet (UGXAZ29V),5934,won,2026-05-14,2026-05-28,Groovestreet,Zane Levy
GTX Plus Pro - Acme Corporation (RMUIMYJU),707178,lost,2026-05-15,2026-05-23,Acme Corporation,Boris Faz
MG Advanced - dambase (CYIMFEWC),437697,lost,2026-05-15,2026-05-21,dambase,Cecily Lampkin
MG Advanced - New prospect (XNKIZY9J),437697,qualified,2026-05-15,,,Corliss Cosme
MG Advanced - Betasoloin (DHVOS14H),437697,lost,2026-05-15,2026-05-28,Betasoloin,Corliss Cosme
GTX Plus Pro - Silis (58CABL04),821988,won,2026-05-15,2026-08-01,Silis,Corliss Cosme
GTX Plus Basic - Warephase (0WERZ67T),127194,won,2026-05-15,2026-08-10,Warephase,Darcel Schlecht
GTX Pro - Betatech (ENGMZL6Y),621393,won,2026-05-15,2026-05-29,Betatech,Darcel Schlecht
GTX Pro - Stanredtax (15PJZKNT),621909,lost,2026-05-15,2026-05-28,Stanredtax,Gladys Colclough
GTX Plus Pro - Green-Plus (ZA2MIHIM),842241,won,2026-05-15,2026-05-17,Green-Plus,Hayden Neloms
GTX Pro - Scottech (0GYOOM2R),621909,lost,2026-05-15,2026-05-22,Scottech,Jonathan Berthelot
GTX Pro - New prospect (X9L0T199),621909,qualified,2026-05-15,,,Kami Bicknell
GTX Basic - New prospect (VYR4EWHR),70950,qualified,2026-05-15,,,Kary Hendrixson
GTX Basic - Hottechi (0SSUR0IY),70950,lost,2026-05-15,2026-08-11,Hottechi,Kary Hendrixson
GTX Plus Pro - Condax (1IY7Y42E),574566,won,2026-05-15,2026-08-11,Condax,Kary Hendrixson
GTX Plus Basic - Cheers (M0PGP5H2),129258,won,2026-05-15,2026-06-11,Cheers,Markita Hansen
MG Special - Green-Plus (PJ21R88K),8127,won,2026-05-15,2026-08-01,Green-Plus,Markita Hansen
GTX Basic - Ron-tech (E3L02XMN),74820,won,2026-05-15,2026-09-26,Ron-tech,Marty Freudenburg
GTX Basic - Donquadtech (PODXJ4SP),70950,qualified,2026-05-15,,Donquadtech,Maureen Marcano
MG Advanced - New prospect (MAH5U65E),437697,qualified,2026-05-15,,,Vicki Laflamme
MG Special - Vehement Capital Partners (S3HMUXS1),6321,won,2026-05-15,2026-09-03,Vehement Capital Partners,Violet Mclelland
GTX Plus Pro - Mathtouch (5HKITTHD),735687,won,2026-05-16,2026-08-30,Mathtouch,Boris Faz
MG Special - Opentech (AZ8ACKLD),7095,lost,2026-05-16,2026-05-23,Opentech,Cassey Cress
MG Special - New prospect (NZJXKD9H),7095,qualified,2026-05-16,,,Daniell Hammack
GTX Basic - Finhigh (ZN5CVY5V),70950,lost,2026-05-16,2026-05-19,Finhigh,Darcel Schlecht
MG Advanced - Dontechi (G62CPKZO),437697,lost,2026-05-16,2026-05-23,Dontechi,Darcel Schlecht
GTX Pro - Kan-code (ONN55X1O),621909,lost,2026-05-16,2026-08-08,Kan-code,Donn Cantrell
GTX Plus Basic - Funholding (8N3GXBI5),148092,won,2026-05-16,2026-08-28,Funholding,Jonathan Berthelot
GTX Basic - Singletechno (IUKIZFB7),70950,lost,2026-05-16,2026-05-22,Singletechno,Kami Bicknell
GTX Basic - J-Texon (TLJAFLON),70950,lost,2026-05-16,2026-05-25,J-Texon,Kary Hendrixson
GTX Plus Basic - Groovestreet (9J2JZGFJ),141384,lost,2026-05-16,2026-08-23,Groovestreet,Kary Hendrixson
GTX Pro - Hottechi (ON2ZRW1X),517161,won,2026-05-16,2026-09-20,Hottechi,Kary Hendrixson
MG Advanced - Rangreen (TXUDSYGY),390096,won,2026-05-16,2026-07-30,Rangreen,Lajuana Vencill
GTX Plus Basic - Kan-code (H7GXKD3O),141384,qualified,2026-05-16,,Kan-code,Maureen Marcano
MG Advanced - Funholding (H7P5O25G),437697,lost,2026-05-16,2026-08-17,Funholding,Moses Frase
MG Special - Xx-zobam (SKU6MLKY),7095,lost,2026-05-16,2026-08-08,Xx-zobam,Rosie Papadopoulos
GTX Pro - Doncon (SYSPNKUR),652482,won,2026-05-16,2026-08-24,Doncon,Vicki Laflamme
GTX Basic - Cheers (O8E9L7VK),70950,lost,2026-05-16,2026-08-22,Cheers,Zane Levy
GTX Pro - Ontomedia (IX65TNEI),621909,lost,2026-05-17,2026-05-30,Ontomedia,Boris Faz
GTX Basic - Bluth Company (2GVXOWDF),73014,won,2026-05-17,2026-06-08,Bluth Company,Cassey Cress
GTX Basic - Donquadtech (R2DKRFDD),74562,won,2026-05-17,2026-07-30,Donquadtech,Cassey Cress
GTX Basic - Toughzap (F3FJ3DYK),79980,won,2026-05-17,2026-05-27,Toughzap,Darcel Schlecht
GTX Pro - Finhigh (W3W3KPBH),555990,won,2026-05-17,2026-05-31,Finhigh,Darcel Schlecht
MG Advanced - Scotfind (PVYIL0X4),444792,won,2026-05-17,2026-05-18,Scotfind,Hayden Neloms
GTX Basic - Hatfan (KY42W3FG),70950,lost,2026-05-17,2026-08-25,Hatfan,James Ascencio
MG Advanced - Xx-holding (05915PPX),453693,won,2026-05-17,2026-08-16,Xx-holding,Kami Bicknell
GTX Basic - New prospect (QPUPBL50),70950,qualified,2026-05-17,,,Kary Hendrixson
GTX Plus Basic - Labdrill (7P069DNF),141384,qualified,2026-05-17,,Labdrill,Kary Hendrixson
GTX Pro - New prospect (TUKHDOGS),621909,qualified,2026-05-17,,,Maureen Marcano
GTX Pro - Kan-code (87TZLMU7),497166,won,2026-05-17,2026-09-21,Kan-code,Maureen Marcano
MG Advanced - Stanredtax (P858PP0L),502326,won,2026-05-17,2026-09-13,Stanredtax,Moses Frase
MG Special - Mathtouch (9D43V124),7095,qualified,2026-05-17,,Mathtouch,Vicki Laflamme
MG Advanced - Rantouch (O916VMU7),365457,won,2026-05-17,2026-09-18,Rantouch,Vicki Laflamme
MG Advanced - Vehement Capital Partners (0SPX7FIJ),437697,lost,2026-05-17,2026-06-03,Vehement Capital Partners,Violet Mclelland
MG Special - Domzoom (KEE51TPD),6966,won,2026-05-18,2026-07-31,Domzoom,Anna Snelling
GTX Plus Basic - Condax (1VFT3UCK),141384,qualified,2026-05-18,,Condax,Boris Faz
GTX Plus Basic - Codehow (8RR4WXXZ),141384,lost,2026-05-18,2026-08-24,Codehow,Darcel Schlecht
GTX Basic - Funholding (IYU5CGUM),65661,won,2026-05-18,2026-08-09,Funholding,Darcel Schlecht
MG Advanced - Treequote (669805IQ),443244,won,2026-05-18,2026-09-02,Treequote,Gladys Colclough
MG Advanced - Plusstrip (A3JRUDX3),453306,won,2026-05-18,2026-08-24,Plusstrip,Hayden Neloms
GTX Basic - Rangreen (NY197B1A),78819,won,2026-05-18,2026-09-26,Rangreen,Jonathan Berthelot
GTX Plus Basic - New prospect (R2V49PU5),141384,qualified,2026-05-18,,,Kami Bicknell
MG Special - Doncon (6AD8WNA2),7482,won,2026-05-18,2026-08-05,Doncon,Kary Hendrixson
MG Advanced - Finhigh (TKENIGRA),437697,lost,2026-05-18,2026-08-14,Finhigh,Lajuana Vencill
GTX Basic - Streethex (R9ZOFUBX),66177,won,2026-05-18,2026-09-09,Streethex,Lajuana Vencill
MG Special - New prospect (RFQFJLNJ),7095,qualified,2026-05-18,,,Markita Hansen
GTX Plus Basic - Newex (8BZLOF0K),141384,lost,2026-05-18,2026-05-26,Newex,Markita Hansen
GTX Plus Basic - Codehow (0VFBWUG5),141384,lost,2026-05-18,2026-07-31,Codehow,Moses Frase
MG Special - Xx-holding (23J295J4),7095,qualified,2026-05-18,,Xx-holding,Rosalina Dieter
MG Special - Treequote (696VNI6G),6966,won,2026-05-18,2026-06-05,Treequote,Versie Hillebrand
MG Special - New prospect (8P3O8A9H),7095,qualified,2026-05-18,,,Vicki Laflamme
GTX Basic - Nam-zim (1I1K838F),70563,won,2026-05-18,2026-09-19,Nam-zim,Vicki Laflamme
MG Advanced - Yearin (LHIM2BGF),437697,lost,2026-05-18,2026-09-04,Yearin,Violet Mclelland
GTX Basic - Ganjaflex (2O7MVJ1T),76368,won,2026-05-18,2026-05-23,Ganjaflex,Violet Mclelland
MG Advanced - The New York Inquirer (HDW4BXVN),437697,lost,2026-05-18,2026-09-07,The New York Inquirer,Wilburn Farren
MG Advanced - New prospect (5P4O1IU6),437697,qualified,2026-05-19,,,Cassey Cress
MG Advanced - Ganjaflex (V9ORUWY8),437697,lost,2026-05-19,2026-09-01,Ganjaflex,Cassey Cress
GTX Plus Pro - The New York Inquirer (NNLNVB7E),713241,won,2026-05-19,2026-08-03,The New York Inquirer,Corliss Cosme
GTX Pro - Gekko & Co (W3CLJLES),645258,won,2026-05-19,2026-05-30,Gekko & Co,Corliss Cosme
GTX Basic - Umbrella Corporation (4ELXMIIO),70950,lost,2026-05-19,2026-05-29,Umbrella Corporation,Donn Cantrell
GTX Pro - Zotware (4CFMS9QT),621909,lost,2026-05-19,2026-07-29,Zotware,Donn Cantrell
GTX Basic - Green-Plus (YVJ3V0ZI),61404,won,2026-05-19,2026-09-16,Green-Plus,James Ascencio
MG Special - Dalttechnology (Q1CFR580),7224,won,2026-05-19,2026-08-15,Dalttechnology,Markita Hansen
GTX Plus Pro - Isdom (4S6FW9VM),707178,lost,2026-05-19,2026-05-28,Isdom,Marty Freudenburg
GTX Plus Basic - Konex (PA3EXPCW),141384,lost,2026-05-19,2026-08-28,Konex,Maureen Marcano
GTX Basic - Singletechno (MPVD0JVF),77529,won,2026-05-19,2026-08-27,Singletechno,Maureen Marcano
GTX Plus Basic - Doncon (KZQGC4TA),129645,won,2026-05-19,2026-09-24,Doncon,Maureen Marcano
GTX Plus Pro - Warephase (FKOA9EF9),610299,won,2026-05-19,2026-08-08,Warephase,Moses Frase
GTX Plus Pro - Bubba Gump (Y7TVYRAX),707178,lost,2026-05-19,2026-08-07,Bubba Gump,Reed Clapper
GTX Pro - Ganjaflex (04YBYVPV),599721,won,2026-05-19,2026-05-30,Ganjaflex,Reed Clapper
GTX Pro - Umbrella Corporation (2UZXS1I2),617523,won,2026-05-19,2026-05-29,Umbrella Corporation,Rosie Papadopoulos
MG Advanced - New prospect (TZPE6M07),437697,qualified,2026-05-19,,,Wilburn Farren
MG Advanced - The New York Inquirer (KU7COUGK),386226,won,2026-05-19,2026-09-18,The New York Inquirer,Wilburn Farren
GTX Plus Basic - New prospect (G03J67Z1),141384,qualified,2026-05-19,,,Zane Levy
GTX Pro - New prospect (TM70L0W8),621909,qualified,2026-05-19,,,Zane Levy
MG Advanced - Funholding (23K5J6JP),437697,lost,2026-05-20,2026-08-05,Funholding,Anna Snelling
MG Special - Condax (X7DYUDEB),7482,won,2026-05-20,2026-08-11,Condax,Anna Snelling
MG Advanced - New prospect (WK1319MB),437697,qualified,2026-05-20,,,Boris Faz
GTX Plus Basic - Betatech (EMGB7S71),138546,won,2026-05-20,2026-08-10,Betatech,Cecily Lampkin
MG Special - Isdom (EWAMDI1N),6966,won,2026-05-20,2026-05-23,Isdom,Cecily Lampkin
GTX Pro - New prospect (S53EVWFC),621909,qualified,2026-05-20,,,Daniell Hammack
GTX Basic - Ganjaflex (5D8MX6L9),70950,lost,2026-05-20,2026-07-29,Ganjaflex,Daniell Hammack
GTX Plus Basic - Ganjaflex (Q9BUCL60),135966,won,2026-05-20,2026-08-30,Ganjaflex,Daniell Hammack
GTX Pro - Betatech (AEZIAPTN),623457,won,2026-05-20,2026-08-11,Betatech,Darcel Schlecht
GTX Pro - Dontechi (IAW2UHNH),611976,won,2026-05-20,2026-09-16,Dontechi,Darcel Schlecht
MG Advanced - Plussunin (1397M445),437697,lost,2026-05-20,2026-07-31,Plussunin,Garret Kinder
GTX Basic - Labdrill (5IMH88MT),65532,won,2026-05-20,2026-08-26,Labdrill,James Ascencio
MG Special - Gogozoom (I86DM1B9),7353,won,2026-05-20,2026-08-16,Gogozoom,Jonathan Berthelot
GTX Basic - Lexiqvolax (YB4YJTK4),70950,qualified,2026-05-20,,Lexiqvolax,Kami Bicknell
GTX Plus Basic - J-Texon (HTZD5YGO),141384,lost,2026-05-20,2026-06-10,J-Texon,Kary Hendrixson
GTX Pro - Scotfind (FBEP7939),681120,won,2026-05-20,2026-08-12,Scotfind,Kary Hendrixson
MG Special - Sunnamplex (NH44FYAA),7998,won,2026-05-20,2026-05-22,Sunnamplex,Kary Hendrixson
MG Advanced - Hottechi (Z6AO7S3R),437697,lost,2026-05-20,2026-08-04,Hottechi,Lajuana Vencill
GTX Basic - Inity (8V3XDZ0D),68112,won,2026-05-20,2026-08-18,Inity,Lajuana Vencill
GTX Plus Basic - Labdrill (18T73EHS),128097,won,2026-05-20,2026-05-24,Labdrill,Maureen Marcano
GTX Plus Basic - Y-corporation (RKTTVMMP),144609,won,2026-05-20,2026-06-07,Y-corporation,Maureen Marcano
GTX Plus Pro - Faxquote (UDXG59P0),659190,won,2026-05-20,2026-08-30,Faxquote,Maureen Marcano
MG Special - Conecom (VMOGUQA7),6579,won,2026-05-20,2026-09-09,Conecom,Moses Frase
GTX Basic - Isdom (0L3VYSKY),70950,lost,2026-05-20,2026-06-02,Isdom,Niesha Huffines
GTX Plus Pro - Kan-code (PG5S1KYF),707178,lost,2026-05-20,2026-09-27,Kan-code,Rosie Papadopoulos
MG Advanced - Silis (LVF6FP4A),437697,lost,2026-05-20,2026-08-25,Silis,Rosie Papadopoulos
MG Special - Zumgoity (RGZHQ2MJ),7095,lost,2026-05-20,2026-06-02,Zumgoity,Versie Hillebrand
GTX Basic - New prospect (P6NQ2LZK),70950,qualified,2026-05-20,,,Vicki Laflamme
MG Special - Isdom (0XYUJ7HF),7095,qualified,2026-05-20,,Isdom,Vicki Laflamme
GTX Pro - New prospect (QKW7MDJK),621909,qualified,2026-05-20,,,Violet Mclelland
GTX Basic - Ganjaflex (3THBBYXS),69918,won,2026-05-20,2026-09-04,Ganjaflex,Violet Mclelland
GTX Basic - Yearin (XHDAW1SQ),74304,won,2026-05-20,2026-09-17,Yearin,Violet Mclelland
GTX Plus Pro - Donquadtech (GIO029D3),707178,lost,2026-05-20,2026-05-28,Donquadtech,Wilburn Farren
GTX Pro - New prospect (UIOJX7O0),621909,qualified,2026-05-21,,,Cassey Cress
GTX Plus Basic - Stanredtax (CN8X0DLA),141384,qualified,2026-05-21,,Stanredtax,Daniell Hammack
GTX Plus Pro - New prospect (HF1GSBT4),707178,qualified,2026-05-21,,,Daniell Hammack
GTX Pro - Zotware (ZVXINY4O),621909,lost,2026-05-21,2026-08-25,Zotware,Donn Cantrell
GTX Basic - Zoomit (M9N3HWGC),70950,lost,2026-05-21,2026-09-20,Zoomit,James Ascencio
GTX Basic - Hottechi (H56FMPGG),71079,won,2026-05-21,2026-05-27,Hottechi,James Ascencio
GTX Pro - New prospect (Z8Z77GN3),621909,qualified,2026-05-21,,,Kami Bicknell
GTX Basic - Singletechno (IH4O3JXV),77013,won,2026-05-21,2026-06-07,Singletechno,Kami Bicknell
GTX Plus Basic - Lexiqvolax (B6L071P2),122292,won,2026-05-21,2026-08-10,Lexiqvolax,Kary Hendrixson
MG Special - Zoomit (3ISHFT20),7998,won,2026-05-21,2026-09-14,Zoomit,Kary Hendrixson
MG Advanced - Scotfind (OBFCOV33),533931,won,2026-05-21,2026-09-04,Scotfind,Markita Hansen
GTX Plus Pro - dambase (78OETKRD),815538,won,2026-05-21,2026-07-31,dambase,Marty Freudenburg
GTX Basic - Konex (6IJNBKST),70950,lost,2026-05-21,2026-05-28,Konex,Maureen Marcano
MG Special - Finhigh (RM4HCA1W),7095,lost,2026-05-21,2026-05-28,Finhigh,Niesha Huffines
GTX Plus Pro - Kan-code (Y1FWLR93),698535,won,2026-05-21,2026-05-30,Kan-code,Reed Clapper
GTX Basic - Sonron (ORUHS3Q2),55728,won,2026-05-21,2026-08-14,Sonron,Rosalina Dieter
MG Special - Condax (9RLSCMM9),6837,won,2026-05-21,2026-05-27,Condax,Rosalina Dieter
MG Special - Rundofase (3QS2B6IN),7353,won,2026-05-21,2026-05-31,Rundofase,Versie Hillebrand
MG Special - Streethex (XCB9CPID),7224,won,2026-05-21,2026-09-05,Streethex,Versie Hillebrand
MG Special - Donware (7EJJ9KVZ),7095,won,2026-05-21,2026-05-31,Donware,Violet Mclelland
MG Advanced - Acme Corporation (M4MOGAS4),405834,won,2026-05-21,2026-05-22,Acme Corporation,Violet Mclelland
GTX Basic - New prospect (LKJZEISS),70950,qualified,2026-05-21,,,Zane Levy
MG Special - Stanredtax (ZNU9YDS9),8643,won,2026-05-22,2026-07-31,Stanredtax,Anna Snelling
GTX Basic - Kan-code (V3VJRFBV),70950,lost,2026-05-22,2026-07-31,Kan-code,Cassey Cress
MG Advanced - Ganjaflex (PDI7F0LR),337077,won,2026-05-22,2026-08-31,Ganjaflex,Cassey Cress
GTX Plus Pro - New prospect (Y0M8X7BV),707178,qualified,2026-05-22,,,Corliss Cosme
GTX Plus Basic - Yearin (KJ93MS4W),126033,won,2026-05-22,2026-07-30,Yearin,Corliss Cosme
GTX Plus Basic - Scottech (TWEVVI99),141384,qualified,2026-05-22,,Scottech,Daniell Hammack
MG Advanced - Bubba Gump (5R1XNYTM),437697,lost,2026-05-22,2026-08-22,Bubba Gump,Daniell Hammack
GTX Pro - Gekko & Co (PRQ96EWX),573405,won,2026-05-22,2026-06-04,Gekko & Co,Daniell Hammack
GTX Plus Basic - Donquadtech (RUN3Z87A),141384,lost,2026-05-22,2026-08-15,Donquadtech,Donn Cantrell
MG Special - Zotware (9RGQ8HED),6966,won,2026-05-22,2026-09-25,Zotware,Garret Kinder
MG Advanced - Labdrill (RSSYISWE),429699,won,2026-05-22,2026-08-28,Labdrill,Hayden Neloms
GTX Basic - Dontechi (67ORNLJ3),61146,won,2026-05-22,2026-06-02,Dontechi,Jonathan Berthelot
GTX Plus Basic - Blackzim (M28Z11DC),141384,lost,2026-05-22,2026-05-28,Blackzim,Kami Bicknell
GTX Plus Basic - Condax (DIVKSHY7),128226,won,2026-05-22,2026-08-10,Condax,Kami Bicknell
GTX Plus Pro - Singletechno (RLTHGLLJ),615717,won,2026-05-22,2026-08-20,Singletechno,Kami Bicknell
MG Special - dambase (EC8A1L94),7095,lost,2026-05-22,2026-08-22,dambase,Lajuana Vencill
GTX Plus Basic - New prospect (0H9C9J03),141384,qualified,2026-05-22,,,Markita Hansen
GTX Plus Basic - Stanredtax (OO4Z7LB9),141384,lost,2026-05-22,2026-05-27,Stanredtax,Niesha Huffines
MG Special - Rangreen (PWOX6RY8),8127,won,2026-05-22,2026-08-19,Rangreen,Niesha Huffines
GTX Plus Pro - Hatfan (0VG9PGMI),824439,won,2026-05-22,2026-06-10,Hatfan,Rosalina Dieter
MG Special - Donware (LKFYC5X3),7482,won,2026-05-22,2026-09-11,Donware,Rosie Papadopoulos
MG Special - Finhigh (984H5OG0),6966,won,2026-05-22,2026-08-31,Finhigh,Versie Hillebrand
GTX Plus Pro - Plexzap (AB39AL3A),707178,lost,2026-05-22,2026-08-19,Plexzap,Vicki Laflamme
GTX Plus Pro - Rantouch (1SKGHPHL),661641,won,2026-05-22,2026-08-18,Rantouch,Vicki Laflamme
MG Special - Vehement Capital Partners (VGSH1TSW),7095,qualified,2026-05-22,,Vehement Capital Partners,Violet Mclelland
MG Advanced - Ganjaflex (YTMPHIQY),437697,lost,2026-05-22,2026-05-27,Ganjaflex,Violet Mclelland
GTX Plus Basic - Labdrill (WZ3FJA3V),141384,qualified,2026-05-22,,Labdrill,Zane Levy
GTX Pro - Condax (TLLW2ZRM),621909,qualified,2026-05-22,,Condax,Zane Levy
GTX Basic - Hatfan (6HE07D76),58566,won,2026-05-22,2026-08-16,Hatfan,Zane Levy
GTX Plus Pro - Bioholding (64CTQ6C5),859011,won,2026-05-23,2026-07-30,Bioholding,Anna Snelling
GTX Basic - Bioplex (5J4Z0RYC),73788,won,2026-05-23,2026-06-05,Bioplex,Cassey Cress
GTX Plus Basic - Bubba Gump (ERWWQ79N),134934,won,2026-05-23,2026-08-16,Bubba Gump,Corliss Cosme
GTX Plus Basic - New prospect (2F41W100),141384,qualified,2026-05-23,,,Daniell Hammack
MG Advanced - Gekko & Co (08O63ECM),423249,won,2026-05-23,2026-08-28,Gekko & Co,Donn Cantrell
MG Special - Statholdings (AMGF31TA),7095,lost,2026-05-23,2026-06-02,Statholdings,Gladys Colclough
MG Advanced - Singletechno (DUJ52ZYK),446598,won,2026-05-23,2026-06-07,Singletechno,Hayden Neloms
GTX Plus Pro - Scotfind (N2C3ASJ9),777741,won,2026-05-23,2026-06-03,Scotfind,James Ascencio
GTX Plus Pro - Labdrill (059K86LU),707178,qualified,2026-05-23,,Labdrill,Kami Bicknell
GTX Basic - Finjob (62WFO2I3),73014,won,2026-05-23,2026-08-31,Finjob,Kami Bicknell
GTX Pro - Fasehatice (55O18ALO),621909,lost,2026-05-23,2026-08-05,Fasehatice,Kary Hendrixson
MG Special - Scottech (ZTUJ5KQ8),7095,lost,2026-05-23,2026-08-09,Scottech,Moses Frase
GTX Plus Basic - Isdom (ZQHJNTDK),134418,won,2026-05-23,2026-08-10,Isdom,Moses Frase
GTX Basic - Betasoloin (K0IV66AV),69531,won,2026-05-23,2026-08-04,Betasoloin,Reed Clapper
MG Special - New prospect (8PLXH354),7095,qualified,2026-05-23,,,Rosalina Dieter
MG Special - Kan-code (KJ4NAGS5),7224,won,2026-05-23,2026-08-13,Kan-code,Rosalina Dieter
MG Special - Gogozoom (70A4A2GV),7740,won,2026-05-23,2026-08-25,Gogozoom,Versie Hillebrand
MG Special - Scotfind (6TND1V4T),7095,lost,2026-05-23,2026-05-24,Scotfind,Vicki Laflamme
MG Advanced - Sunnamplex (43FW6W9O),511614,won,2026-05-23,2026-08-01,Sunnamplex,Vicki Laflamme
MG Special - Bluth Company (QB4FISNE),7095,lost,2026-05-23,2026-05-24,Bluth Company,Violet Mclelland
GTX Basic - Umbrella Corporation (41S0S9KP),60759,won,2026-05-23,2026-08-20,Umbrella Corporation,Wilburn Farren
GTX Pro - New prospect (RU5X1LZM),621909,qualified,2026-05-23,,,Zane Levy
GTX Basic - Cancity (JESVHYTG),77013,won,2026-05-24,2026-06-02,Cancity,Anna Snelling
MG Special - Condax (P3HO0L6P),6837,won,2026-05-24,2026-08-11,Condax,Anna Snelling
MG Special - Dontechi (6GDZDVTV),7611,won,2026-05-24,2026-06-10,Dontechi,Anna Snelling
GTX Plus Basic - Y-corporation (OO9U4C0Y),141384,qualified,2026-05-24,,Y-corporation,Cassey Cress
GTX Basic - Bubba Gump (Y5A5G2L5),78174,won,2026-05-24,2026-09-04,Bubba Gump,Cassey Cress
GTX Plus Pro - Lexiqvolax (WZN26QZQ),707178,qualified,2026-05-24,,Lexiqvolax,Corliss Cosme
GTX Plus Basic - Kan-code (PG4UQI8B),141384,lost,2026-05-24,2026-08-17,Kan-code,Donn Cantrell
GTX Pro - Zotware (M40Z4KWL),684345,won,2026-05-24,2026-08-22,Zotware,Donn Cantrell
GTX Plus Basic - Zoomit (BB46B5C7),141384,lost,2026-05-24,2026-07-30,Zoomit,Hayden Neloms
GTX Pro - New prospect (7K1KXMBT),621909,qualified,2026-05-24,,,Kami Bicknell
MG Special - New prospect (TCJA7XF2),7095,qualified,2026-05-24,,,Kami Bicknell
GTX Basic - Kan-code (TPJNVDPH),70950,lost,2026-05-24,2026-08-13,Kan-code,Kami Bicknell
GTX Basic - Green-Plus (FMMAQM87),76884,won,2026-05-24,2026-06-06,Green-Plus,Kami Bicknell
GTX Basic - Singletechno (46UITTY6),70305,won,2026-05-24,2026-08-01,Singletechno,Kary Hendrixson
GTX Basic - Labdrill (KK5YBPU6),70692,won,2026-05-24,2026-05-26,Labdrill,Markita Hansen
MG Advanced - Finhigh (A7FCLQ42),437697,lost,2026-05-24,2026-09-11,Finhigh,Marty Freudenburg
GTX Basic - Umbrella Corporation (G2C5RKTN),53535,won,2026-05-24,2026-06-18,Umbrella Corporation,Reed Clapper
GTX Pro - Singletechno (UNSJB0L7),484266,won,2026-05-24,2026-05-25,Singletechno,Vicki Laflamme
GTX Basic - New prospect (TGSLH2ZD),70950,qualified,2026-05-24,,,Zane Levy
GTX Basic - New prospect (OLXEYM3P),70950,qualified,2026-05-24,,,Zane Levy
GTX Basic - Plusstrip (UJT04PL7),64242,won,2026-05-24,2026-08-26,Plusstrip,Zane Levy
GTX Basic - Condax (DCIFTBM0),63081,won,2026-05-25,2026-09-17,Condax,Boris Faz
GTX Plus Basic - Ontomedia (BTZ06Z6O),131838,won,2026-05-25,2026-06-02,Ontomedia,Boris Faz
GTX Plus Pro - Acme Corporation (S9CGS0IX),707178,lost,2026-05-25,2026-08-04,Acme Corporation,Corliss Cosme
GTX Basic - Cancity (ZTYHMEQY),67725,won,2026-05-25,2026-06-08,Cancity,Darcel Schlecht
GTX Plus Basic - Codehow (IOTAHMQX),161508,won,2026-05-25,2026-06-04,Codehow,Darcel Schlecht
GTX Pro - New prospect (3ORQ2R0R),621909,qualified,2026-05-25,,,Elease Gluck
MG Advanced - dambase (01DZ14Y0),437697,lost,2026-05-25,2026-08-22,dambase,Gladys Colclough
MG Special - Conecom (1T91NEIV),8127,won,2026-05-25,2026-06-08,Conecom,Gladys Colclough
MG Special - J-Texon (41B62CUB),7095,lost,2026-05-25,2026-08-08,J-Texon,Hayden Neloms
GTX Basic - Zoomit (G0QOVMMS),61146,won,2026-05-25,2026-09-24,Zoomit,Kami Bicknell
GTX Plus Basic - Xx-holding (FG79OR5X),146028,won,2026-05-25,2026-08-16,Xx-holding,Kami Bicknell
GTX Plus Basic - Warephase (QY4ZMI2F),141384,lost,2026-05-25,2026-06-11,Warephase,Lajuana Vencill
GTX Plus Basic - dambase (VY0QPLGN),156735,won,2026-05-25,2026-08-09,dambase,Lajuana Vencill
GTX Plus Basic - Kan-code (XP1PQSPC),139449,won,2026-05-25,2026-06-24,Kan-code,Markita Hansen
MG Special - Sonron (K3KT8S1F),6321,won,2026-05-25,2026-08-04,Sonron,Markita Hansen
GTX Basic - Hottechi (5CIT07UC),84237,won,2026-05-25,2026-06-11,Hottechi,Maureen Marcano
GTX Plus Basic - Rundofase (VIZ9ZLVT),141384,lost,2026-05-25,2026-08-27,Rundofase,Moses Frase
MG Advanced - Genco Pura Olive Oil Company (9ZY0QQ8Q),437697,lost,2026-05-25,2026-08-24,Genco Pura Olive Oil Company,Moses Frase
GTX Plus Basic - Rundofase (0WGCUB3L),142545,won,2026-05-25,2026-06-10,Rundofase,Niesha Huffines
GTX Plus Basic - The New York Inquirer (QCN2DZQQ),122292,won,2026-05-25,2026-06-18,The New York Inquirer,Reed Clapper
MG Advanced - Zoomit (ZAY2J4I5),437697,lost,2026-05-25,2026-06-07,Zoomit,Vicki Laflamme
MG Special - Bluth Company (J25NMK6Q),7095,lost,2026-05-25,2026-08-08,Bluth Company,Violet Mclelland
GTX Plus Basic - Streethex (DZHIAZ5H),141384,lost,2026-05-26,2026-06-02,Streethex,Anna Snelling
MG Special - Gogozoom (233HYDSP),5676,won,2026-05-26,2026-08-30,Gogozoom,Anna Snelling
GTX Plus Basic - Rantouch (7868JVH9),141384,qualified,2026-05-26,,Rantouch,Cassey Cress
GTX Pro - Opentech (EXXFSC3O),560247,won,2026-05-26,2026-08-12,Opentech,Cassey Cress
GTX Plus Pro - Treequote (U68B4UQU),657384,won,2026-05-26,2026-06-10,Treequote,Cecily Lampkin
GTX Plus Pro - Warephase (73EBDWP4),644226,won,2026-05-26,2026-06-27,Warephase,Cecily Lampkin
GTX Plus Basic - Donquadtech (FQQ3XQNG),161379,won,2026-05-26,2026-08-28,Donquadtech,Corliss Cosme
GTX Basic - Gekko & Co (C4KZVTYR),77658,won,2026-05-26,2026-08-08,Gekko & Co,Donn Cantrell
GTX Basic - Sumace (HWXJWHGI),77400,won,2026-05-26,2026-06-05,Sumace,Donn Cantrell
GTX Basic - Yearin (W36MU0PW),76755,won,2026-05-26,2026-06-06,Yearin,Donn Cantrell
MG Special - Sonron (OWEMO7RD),7095,lost,2026-05-26,2026-08-22,Sonron,Elease Gluck
GTX Pro - Codehow (9XU06EA8),621909,lost,2026-05-26,2026-07-29,Codehow,Gladys Colclough
MG Advanced - Hottechi (DC2NI04U),395256,won,2026-05-26,2026-09-27,Hottechi,Hayden Neloms
MG Advanced - Iselectrics (RYNZ2WOK),437697,qualified,2026-05-26,,Iselectrics,Markita Hansen
MG Special - Ron-tech (BO2XRLBS),7095,lost,2026-05-26,2026-08-13,Ron-tech,Moses Frase
MG Advanced - Zumgoity (V9YY2XIE),437697,lost,2026-05-26,2026-08-25,Zumgoity,Niesha Huffines
GTX Plus Pro - Acme Corporation (J3K9EXW0),746910,won,2026-05-26,2026-09-21,Acme Corporation,Reed Clapper
GTX Pro - Vehement Capital Partners (N9KFQCOH),733752,won,2026-05-26,2026-06-02,Vehement Capital Partners,Rosie Papadopoulos
GTX Basic - Cancity (GSPDR7BH),86688,won,2026-05-26,2026-07-30,Cancity,Versie Hillebrand
MG Special - Bioholding (MB0XTICR),7998,won,2026-05-26,2026-09-04,Bioholding,Versie Hillebrand
GTX Pro - Fasehatice (04SQ7RNY),590433,won,2026-05-26,2026-09-15,Fasehatice,Vicki Laflamme
GTX Basic - New prospect (PTZ9QLEF),70950,qualified,2026-05-26,,,Violet Mclelland
MG Special - Funholding (WIHGFD8B),7095,lost,2026-05-27,2026-08-16,Funholding,Anna Snelling
GTX Plus Basic - Warephase (O3Q5B86F),144222,won,2026-05-27,2026-09-22,Warephase,Anna Snelling
MG Special - Statholdings (PE3P7M7S),7095,won,2026-05-27,2026-06-05,Statholdings,Anna Snelling
GTX Pro - Ganjaflex (401BY1PW),651708,won,2026-05-27,2026-09-17,Ganjaflex,Boris Faz
GTX Pro - Zotware (9RQ8FZYQ),518967,won,2026-05-27,2026-06-01,Zotware,Boris Faz
MG Special - New prospect (R65LGLJ0),7095,qualified,2026-05-27,,,Cassey Cress
MG Special - Iselectrics (G7NU2YCG),7353,won,2026-05-27,2026-06-05,Iselectrics,Cassey Cress
MG Special - Gekko & Co (R9RWFEEJ),7611,won,2026-05-27,2026-08-20,Gekko & Co,Corliss Cosme
MG Special - Xx-zobam (WV2OG7C3),7095,lost,2026-05-27,2026-08-15,Xx-zobam,Daniell Hammack
GTX Pro - Kinnamplus (LDIBOTNO),715176,won,2026-05-27,2026-06-04,Kinnamplus,Daniell Hammack
GTX Pro - Warephase (FC4ZD68R),621909,lost,2026-05-27,2026-08-12,Warephase,Darcel Schlecht
MG Special - Treequote (YH6ST9KT),7095,lost,2026-05-27,2026-05-28,Treequote,Darcel Schlecht
GTX Pro - Condax (9S8E95EI),593142,won,2026-05-27,2026-06-15,Condax,Darcel Schlecht
GTX Pro - Conecom (RLHNEVYY),646032,won,2026-05-27,2026-06-07,Conecom,Darcel Schlecht
GTX Pro - Statholdings (OFP1MLFY),507228,won,2026-05-27,2026-09-05,Statholdings,Darcel Schlecht
GTX Plus Basic - Zathunicon (CQELCLO0),150414,won,2026-05-27,2026-09-25,Zathunicon,Donn Cantrell
GTX Plus Basic - Ron-tech (L351AATH),141384,lost,2026-05-27,2026-09-02,Ron-tech,Gladys Colclough
GTX Plus Basic - Dalttechnology (VBKF5FPB),154155,won,2026-05-27,2026-06-03,Dalttechnology,Hayden Neloms
MG Special - Xx-holding (68YAXBZN),7095,lost,2026-05-27,2026-08-01,Xx-holding,James Ascencio
GTX Basic - Genco Pura Olive Oil Company (EFB0NFP3),71079,won,2026-05-27,2026-09-19,Genco Pura Olive Oil Company,Jonathan Berthelot
GTX Basic - Globex Corporation (CB0NZYB2),80367,won,2026-05-27,2026-06-05,Globex Corporation,Jonathan Berthelot
GTX Pro - Kan-code (QKUULSVC),621909,lost,2026-05-27,2026-08-13,Kan-code,Kary Hendrixson
MG Special - Plexzap (8838GIT9),7095,lost,2026-05-27,2026-08-02,Plexzap,Kary Hendrixson
MG Special - Genco Pura Olive Oil Company (5DOARVYO),7095,lost,2026-05-27,2026-06-07,Genco Pura Olive Oil Company,Lajuana Vencill
MG Special - New prospect (XXD7OQOH),7095,qualified,2026-05-27,,,Markita Hansen
GTX Basic - Labdrill (0N2VYY6Z),70950,lost,2026-05-27,2026-06-16,Labdrill,Markita Hansen
GTX Pro - Xx-holding (LWCKCV0M),592368,won,2026-05-27,2026-06-12,Xx-holding,Markita Hansen
GTX Basic - Condax (L40FW06K),71595,won,2026-05-27,2026-09-18,Condax,Marty Freudenburg
MG Advanced - Dontechi (XXXM7BMA),477687,won,2026-05-27,2026-08-11,Dontechi,Marty Freudenburg
GTX Plus Basic - Scotfind (F7S1OPQS),121518,won,2026-05-27,2026-09-09,Scotfind,Maureen Marcano
GTX Plus Pro - Groovestreet (U5JFEXOI),837081,won,2026-05-27,2026-09-04,Groovestreet,Maureen Marcano
GTX Pro - Cancity (HR3DH6DX),621909,lost,2026-05-27,2026-08-17,Cancity,Niesha Huffines
MG Special - New prospect (LMU41E2W),7095,qualified,2026-05-27,,,Rosalina Dieter
MG Special - Sunnamplex (9EICLJHY),8127,won,2026-05-27,2026-08-14,Sunnamplex,Rosalina Dieter
GTX Pro - Bubba Gump (01FNZW2T),512646,won,2026-05-27,2026-09-04,Bubba Gump,Rosie Papadopoulos
MG Special - Conecom (3CS2IXT0),8514,won,2026-05-27,2026-08-13,Conecom,Versie Hillebrand
GTX Basic - Finjob (O9MHRAK6),68628,won,2026-05-27,2026-09-10,Finjob,Vicki Laflamme
MG Special - New prospect (1Y58TSUU),7095,qualified,2026-05-27,,,Violet Mclelland
GTX Basic - Dalttechnology (KPW4J1CR),64887,won,2026-05-27,2026-09-17,Dalttechnology,Zane Levy
GTX Basic - Zumgoity (KAPPUUYY),76626,won,2026-05-28,2026-08-21,Zumgoity,Anna Snelling
GTX Basic - New prospect (WNTAT1OT),70950,qualified,2026-05-28,,,Boris Faz
GTX Pro - Ganjaflex (WRLAVDPH),639582,won,2026-05-28,2026-05-30,Ganjaflex,Cassey Cress
GTX Pro - Mathtouch (1W5FOS69),541929,won,2026-05-28,2026-08-27,Mathtouch,Cassey Cress
MG Special - Streethex (GFBJXXI1),7095,lost,2026-05-28,2026-06-10,Streethex,Cecily Lampkin
MG Advanced - Plussunin (2HYR0Q4Y),437697,lost,2026-05-28,2026-08-10,Plussunin,Corliss Cosme
GTX Plus Pro - Mathtouch (XVM3UK16),707178,lost,2026-05-28,2026-08-03,Mathtouch,Daniell Hammack
GTX Plus Pro - Finhigh (CDAMI76Z),682797,won,2026-05-28,2026-06-07,Finhigh,Darcel Schlecht
MG Advanced - Ganjaflex (6M77EGH7),574824,won,2026-05-28,2026-08-23,Ganjaflex,Donn Cantrell
GTX Plus Basic - Newex (9CLDDA0W),141384,lost,2026-05-28,2026-08-15,Newex,Hayden Neloms
GTX Pro - Globex Corporation (8CQ2I2P2),621909,lost,2026-05-28,2026-08-15,Globex Corporation,Jonathan Berthelot
GTX Basic - Globex Corporation (GEFQNRF3),67725,won,2026-05-28,2026-09-16,Globex Corporation,Jonathan Berthelot
GTX Pro - Opentech (EDM7CEZ6),621909,qualified,2026-05-28,,Opentech,Kami Bicknell
GTX Basic - Finhigh (XBPJ6M4K),70950,qualified,2026-05-28,,Finhigh,Kary Hendrixson
GTX Pro - New prospect (XRZNF1LQ),621909,qualified,2026-05-28,,,Kary Hendrixson
GTX Plus Pro - Dontechi (PCQUKUM5),620361,won,2026-05-28,2026-06-13,Dontechi,Marty Freudenburg
GTX Plus Basic - New prospect (6CT660FF),141384,qualified,2026-05-28,,,Maureen Marcano
GTX Plus Basic - Warephase (MZ987882),177246,won,2026-05-28,2026-09-13,Warephase,Moses Frase
MG Special - Scottech (02EC1993),7353,won,2026-05-28,2026-08-05,Scottech,Moses Frase
GTX Basic - New prospect (NUS67BOQ),70950,qualified,2026-05-28,,,Rosie Papadopoulos
GTX Basic - Zumgoity (UQCPNZO1),71208,won,2026-05-28,2026-06-12,Zumgoity,Versie Hillebrand
MG Special - Toughzap (0NP0XPLQ),7611,won,2026-05-28,2026-05-31,Toughzap,Versie Hillebrand
MG Advanced - Betatech (S2WRH3QA),517419,won,2026-05-28,2026-06-27,Betatech,Versie Hillebrand
GTX Basic - New prospect (RTX8ZJXT),70950,qualified,2026-05-28,,,Vicki Laflamme
MG Special - Rantouch (QJV1UWL5),6966,won,2026-05-28,2026-09-16,Rantouch,Vicki Laflamme
MG Advanced - Green-Plus (GNAX12Z6),430473,won,2026-05-28,2026-06-04,Green-Plus,Vicki Laflamme
MG Special - Yearin (62NZ0THZ),7740,won,2026-05-28,2026-06-19,Yearin,Violet Mclelland
GTX Basic - New prospect (6C6Z3HRA),70950,qualified,2026-05-28,,,Zane Levy
GTX Plus Basic - Blackzim (PSKWV2JJ),130419,won,2026-05-28,2026-08-16,Blackzim,Zane Levy
GTX Basic - Stanredtax (05HLE3JL),66306,won,2026-05-29,2026-08-30,Stanredtax,Anna Snelling
GTX Plus Basic - Streethex (CAF97SA2),136740,won,2026-05-29,2026-08-10,Streethex,Anna Snelling
MG Special - Treequote (AAFPTXEB),7482,won,2026-05-29,2026-08-05,Treequote,Anna Snelling
GTX Pro - Zotware (102XKYAC),621909,qualified,2026-05-29,,Zotware,Cassey Cress
MG Advanced - Isdom (D74OAJB4),437697,lost,2026-05-29,2026-08-28,Isdom,Cecily Lampkin
GTX Plus Pro - Goodsilron (A5SCVK7E),707178,qualified,2026-05-29,,Goodsilron,Corliss Cosme
GTX Pro - Isdom (CQDL6WZX),621909,lost,2026-05-29,2026-06-14,Isdom,Darcel Schlecht
GTX Pro - Cancity (VAV3N62C),564375,won,2026-05-29,2026-06-09,Cancity,Darcel Schlecht
GTX Pro - Rundofase (OK7R7I2A),621651,won,2026-05-29,2026-08-31,Rundofase,Darcel Schlecht
MG Special - New prospect (ASZNII2J),7095,qualified,2026-05-29,,,Elease Gluck
GTX Pro - Stanredtax (IOMVIZR8),739041,won,2026-05-29,2026-08-01,Stanredtax,Gladys Colclough
MG Advanced - Warephase (BTT2TM8O),444663,won,2026-05-29,2026-08-03,Warephase,Gladys Colclough
GTX Plus Pro - New prospect (KAGK2GQJ),707178,qualified,2026-05-29,,,James Ascencio
GTX Plus Pro - Doncon (FYNL84HO),787029,won,2026-05-29,2026-08-10,Doncon,James Ascencio
GTX Plus Basic - J-Texon (ZBB9CDO4),140352,won,2026-05-29,2026-06-15,J-Texon,Kami Bicknell
GTX Plus Pro - Sunnamplex (IV5UVG0R),700599,won,2026-05-29,2026-06-14,Sunnamplex,Kami Bicknell
MG Special - Hottechi (TDHFX8SC),6450,won,2026-05-29,2026-09-09,Hottechi,Kami Bicknell
MG Special - Konex (7OXU784Y),7998,won,2026-05-29,2026-08-22,Konex,Kami Bicknell
MG Special - Zoomit (MA6F51AR),7353,won,2026-05-29,2026-08-26,Zoomit,Kary Hendrixson
GTX Plus Basic - Zumgoity (WDT43Q6O),141642,won,2026-05-29,2026-06-11,Zumgoity,Niesha Huffines
GTX Plus Basic - Umbrella Corporation (XKYHE3OH),125775,won,2026-05-29,2026-08-13,Umbrella Corporation,Rosie Papadopoulos
MG Special - Plussunin (R65NL57V),7224,won,2026-05-29,2026-08-02,Plussunin,Rosie Papadopoulos
MG Special - Globex Corporation (AKBRVLRZ),8127,won,2026-05-29,2026-06-11,Globex Corporation,Versie Hillebrand
MG Special - Isdom (8FZ7CWPP),7869,won,2026-05-29,2026-06-08,Isdom,Versie Hillebrand
GTX Basic - Labdrill (EQPGDVWK),79206,won,2026-05-29,2026-08-30,Labdrill,Zane Levy
MG Special - Gogozoom (I819UEG6),7095,lost,2026-05-30,2026-08-01,Gogozoom,Anna Snelling
GTX Pro - Betatech (TXZTEEUJ),621909,lost,2026-05-30,2026-09-09,Betatech,Darcel Schlecht
GTX Plus Pro - Plexzap (6OD1J7MW),707178,qualified,2026-05-30,,Plexzap,Elease Gluck
MG Special - Acme Corporation (XO8TRDKK),7353,won,2026-05-30,2026-06-14,Acme Corporation,Garret Kinder
MG Special - Domzoom (74YNCNQM),7482,won,2026-05-30,2026-08-31,Domzoom,Gladys Colclough
GTX Plus Basic - Hatfan (I5QVV9C5),141384,lost,2026-05-30,2026-09-16,Hatfan,Hayden Neloms
MG Advanced - Goodsilron (SS0ZF7SG),449178,won,2026-05-30,2026-09-11,Goodsilron,Hayden Neloms
GTX Plus Pro - Hatfan (2GRNCODO),707178,lost,2026-05-30,2026-08-02,Hatfan,James Ascencio
GTX Plus Pro - Singletechno (2UNAJCGN),707178,lost,2026-05-30,2026-08-08,Singletechno,James Ascencio
GTX Basic - Plusstrip (ZP5Q4YUJ),68241,won,2026-05-30,2026-08-21,Plusstrip,James Ascencio
MG Advanced - Blackzim (7XL4JYSB),437697,lost,2026-05-30,2026-08-21,Blackzim,Kary Hendrixson
GTX Basic - Plusstrip (HEZ8H6MK),65145,won,2026-05-30,2026-08-05,Plusstrip,Kary Hendrixson
GTX Basic - Sonron (50AWO49B),58824,won,2026-05-30,2026-09-23,Sonron,Markita Hansen
GTX Plus Basic - Bioholding (CID4Y877),141384,lost,2026-05-30,2026-09-09,Bioholding,Marty Freudenburg
GTX Plus Basic - Stanredtax (T20CPZ52),141384,lost,2026-05-30,2026-08-26,Stanredtax,Marty Freudenburg
GTX Basic - Globex Corporation (HVF0VLJ3),70950,lost,2026-05-30,2026-08-08,Globex Corporation,Versie Hillebrand
MG Special - Hottechi (A86ZEF94),7095,lost,2026-05-30,2026-08-27,Hottechi,Versie Hillebrand
GTX Basic - Lexiqvolax (8OMML4E8),71595,won,2026-05-30,2026-06-13,Lexiqvolax,Vicki Laflamme
MG Special - Konex (283Y9ULR),6063,won,2026-05-30,2026-06-20,Konex,Vicki Laflamme
GTX Plus Pro - New prospect (J0G6ZLYZ),707178,qualified,2026-05-30,,,Zane Levy
GTX Basic - Finjob (C0LNV4PU),75465,won,2026-05-30,2026-08-31,Finjob,Zane Levy
MG Special - Bioholding (YB6UP71G),8256,won,2026-05-31,2026-06-03,Bioholding,Anna Snelling
MG Special - Inity (A30VAQHM),7482,won,2026-05-31,2026-08-18,Inity,Anna Snelling
GTX Basic - New prospect (LOQ46F0T),70950,qualified,2026-05-31,,,Cassey Cress
GTX Basic - Gekko & Co (ZH2TBHVZ),81915,won,2026-05-31,2026-06-05,Gekko & Co,Donn Cantrell
GTX Pro - Donquadtech (UKJO54QY),725754,won,2026-05-31,2026-06-10,Donquadtech,Donn Cantrell
MG Advanced - Xx-zobam (9868N4GB),463755,won,2026-05-31,2026-09-10,Xx-zobam,Donn Cantrell
MG Special - New prospect (JKAYQ4HQ),7095,qualified,2026-05-31,,,Elease Gluck
GTX Pro - Treequote (L5UKY73S),621909,lost,2026-05-31,2026-08-01,Treequote,Gladys Colclough
GTX Pro - Inity (7DDPLMQ5),642549,won,2026-05-31,2026-08-29,Inity,Gladys Colclough
GTX Plus Basic - New prospect (DZP41ANW),141384,qualified,2026-05-31,,,Hayden Neloms
MG Special - Finhigh (GRYHHER0),7095,qualified,2026-05-31,,Finhigh,Hayden Neloms
GTX Basic - Hatfan (4KVZVHNN),67596,won,2026-05-31,2026-06-11,Hatfan,James Ascencio
MG Special - Nam-zim (ULWQ61OZ),6966,won,2026-05-31,2026-09-02,Nam-zim,James Ascencio
GTX Pro - Funholding (FKU9TS06),655320,won,2026-05-31,2026-06-13,Funholding,Jonathan Berthelot
GTX Plus Pro - New prospect (H8XH5MFQ),707178,qualified,2026-05-31,,,Kary Hendrixson
MG Special - Scotfind (OPFBXGFV),6450,won,2026-05-31,2026-09-08,Scotfind,Markita Hansen
GTX Plus Pro - Nam-zim (UCV49FYZ),858624,won,2026-05-31,2026-06-06,Nam-zim,Maureen Marcano
GTX Pro - Donquadtech (F58R70DY),598689,won,2026-05-31,2026-06-07,Donquadtech,Reed Clapper
GTK 500 - Xx-holding (1H2PVLZ3),3377994,won,2026-05-31,2026-08-07,Xx-holding,Rosalina Dieter
MG Special - New prospect (YPM5PZMD),7095,qualified,2026-05-31,,,Vicki Laflamme
MG Advanced - Newex (DV6WD759),548379,won,2026-05-31,2026-06-11,Newex,Vicki Laflamme
GTX Basic - New prospect (OGHK250E),70950,qualified,2026-05-31,,,Violet Mclelland
MG Special - Ganjaflex (SBC67V5T),6579,won,2026-05-31,2026-06-08,Ganjaflex,Violet Mclelland
MG Special - Gekko & Co (IDGLZJRX),7998,won,2026-05-31,2026-08-06,Gekko & Co,Violet Mclelland
GTX Basic - Golddex (VYG4BHEE),70950,lost,2026-05-31,2026-07-29,Golddex,Zane Levy
MG Advanced - Stanredtax (YFTW9Z69),437697,lost,2026-06-01,2026-08-09,Stanredtax,Anna Snelling
MG Special - Scottech (92IDH7MB),7482,won,2026-06-01,2026-08-18,Scottech,Anna Snelling
GTX Plus Basic - Donware (NR1JSUPQ),125517,won,2026-06-01,2026-08-08,Donware,Boris Faz
GTX Plus Pro - Kinnamplus (ZNOARPNW),639066,won,2026-06-01,2026-06-10,Kinnamplus,Boris Faz
GTX Pro - Condax (FNKZKHTJ),659577,won,2026-06-01,2026-06-03,Condax,Cassey Cress
GTX Pro - New prospect (KXR63BV7),621909,qualified,2026-06-01,,,Corliss Cosme
GTX Plus Pro - Xx-zobam (UAVOPRPV),597399,won,2026-06-01,2026-09-22,Xx-zobam,Corliss Cosme
GTX Plus Pro - Condax (VMUTS9GK),749103,won,2026-06-01,2026-07-29,Condax,Daniell Hammack
GTX Plus Basic - Hottechi (SZPU1DSR),141384,lost,2026-06-01,2026-08-27,Hottechi,Darcel Schlecht
GTX Basic - Zumgoity (9EGLQG3N),82560,won,2026-06-01,2026-09-10,Zumgoity,Gladys Colclough
MG Advanced - Konmatfix (BL23633Z),494070,won,2026-06-01,2026-08-22,Konmatfix,Gladys Colclough
GTX Plus Pro - Cheers (87G25M68),681765,won,2026-06-01,2026-09-24,Cheers,James Ascencio
GTX Pro - Betatech (8F3RA844),621909,lost,2026-06-01,2026-08-16,Betatech,Jonathan Berthelot
GTX Basic - Xx-holding (VJ1FT11H),70950,lost,2026-06-01,2026-08-15,Xx-holding,Kami Bicknell
GTX Plus Basic - Domzoom (TKI8MEZZ),125775,won,2026-06-01,2026-09-27,Domzoom,Moses Frase
GTX Plus Basic - Funholding (QSHP9AHU),109263,won,2026-06-01,2026-09-09,Funholding,Moses Frase
MG Advanced - Rangreen (MIDW7Q49),363006,won,2026-06-01,2026-09-11,Rangreen,Niesha Huffines
MG Advanced - Lexiqvolax (PW7QNSFG),422475,won,2026-06-01,2026-08-03,Lexiqvolax,Rosalina Dieter
MG Special - Betatech (WGYE40NI),5289,won,2026-06-01,2026-09-22,Betatech,Versie Hillebrand
GTX Plus Pro - Dalttechnology (HLX6W646),668865,won,2026-06-01,2026-08-16,Dalttechnology,Vicki Laflamme
GTX Pro - Dalttechnology (6VMQQKLJ),669639,won,2026-06-01,2026-06-12,Dalttechnology,Vicki Laflamme
GTX Plus Basic - New prospect (VKIR68JX),141384,qualified,2026-06-01,,,Violet Mclelland
MG Special - Mathtouch (FYS6IZO4),7611,won,2026-06-01,2026-08-04,Mathtouch,Violet Mclelland
MG Special - Silis (7OSD4T24),6966,won,2026-06-01,2026-09-04,Silis,Violet Mclelland
GTX Basic - New prospect (W533W8G6),70950,qualified,2026-06-01,,,Zane Levy
MG Advanced - New prospect (RW3CJO8D),437697,qualified,2026-06-01,,,Zane Levy
GTX Pro - New prospect (5E274CQS),621909,qualified,2026-06-02,,,Boris Faz
GTX Plus Basic - Iselectrics (H29A7E6X),138804,won,2026-06-02,2026-08-14,Iselectrics,Corliss Cosme
GTX Basic - Plussunin (IDN254QN),63210,won,2026-06-02,2026-08-17,Plussunin,Daniell Hammack
GTX Plus Pro - dambase (W3U1N1RV),707178,lost,2026-06-02,2026-08-21,dambase,Darcel Schlecht
GTX Pro - Betatech (5LPKNEEI),621909,lost,2026-06-02,2026-06-10,Betatech,Darcel Schlecht
MG Special - Betatech (073UCD9F),7095,lost,2026-06-02,2026-09-06,Betatech,Gladys Colclough
GTX Plus Pro - Konmatfix (7GDSUY9K),707178,qualified,2026-06-02,,Konmatfix,Hayden Neloms
GTX Basic - New prospect (H5J7C2FE),70950,qualified,2026-06-02,,,Kami Bicknell
GTX Basic - Konex (DCZOTU5X),70950,lost,2026-06-02,2026-08-10,Konex,Kary Hendrixson
GTX Pro - Labdrill (KUJ5M6J3),730527,won,2026-06-02,2026-09-23,Labdrill,Kary Hendrixson
GTX Plus Basic - Hottechi (YGUOEIEG),141384,lost,2026-06-02,2026-08-03,Hottechi,Markita Hansen
GTX Basic - Bioplex (1UW6ILCH),70950,qualified,2026-06-02,,Bioplex,Maureen Marcano
GTX Plus Basic - Rundofase (CRL6IB5Z),141384,lost,2026-06-02,2026-08-23,Rundofase,Niesha Huffines
GTX Plus Basic - Dontechi (STVHD67J),150414,won,2026-06-02,2026-06-13,Dontechi,Niesha Huffines
MG Special - Nam-zim (I3TDKU30),7095,lost,2026-06-02,2026-06-11,Nam-zim,Rosalina Dieter
MG Special - Konmatfix (YUVNXSSD),7095,lost,2026-06-02,2026-06-12,Konmatfix,Versie Hillebrand
MG Special - Rangreen (AZJXZFMR),7095,lost,2026-06-02,2026-08-23,Rangreen,Versie Hillebrand
GTX Basic - Lexiqvolax (2WPEOPIF),63339,won,2026-06-02,2026-08-31,Lexiqvolax,Vicki Laflamme
GTX Plus Pro - Green-Plus (XMCRTC2K),713628,won,2026-06-02,2026-08-04,Green-Plus,Vicki Laflamme
MG Advanced - Blackzim (ZDVZB8PX),506970,won,2026-06-02,2026-08-11,Blackzim,Vicki Laflamme
MG Advanced - Labdrill (5JS6JI3P),346881,won,2026-06-02,2026-08-18,Labdrill,Vicki Laflamme
GTX Basic - New prospect (X6NSKI7H),70950,qualified,2026-06-03,,,Cassey Cress
GTX Plus Basic - Ontomedia (FH30JK3J),141384,qualified,2026-06-03,,Ontomedia,Cassey Cress
GTX Basic - New prospect (ZPXE49AP),70950,qualified,2026-06-03,,,Daniell Hammack
GTX Pro - Codehow (8DPUST4Y),772323,won,2026-06-03,2026-08-16,Codehow,Darcel Schlecht
GTX Pro - Treequote (L1QNLM08),663189,won,2026-06-03,2026-09-26,Treequote,Darcel Schlecht
MG Special - Codehow (S4YQYJPM),6192,won,2026-06-03,2026-06-10,Codehow,Darcel Schlecht
GTX Pro - Plussunin (6BQMENQR),621909,lost,2026-06-03,2026-07-31,Plussunin,Donn Cantrell
MG Advanced - Xx-zobam (XAS0EL71),413574,won,2026-06-03,2026-06-17,Xx-zobam,Donn Cantrell
MG Special - Labdrill (GQNM1QP8),7869,won,2026-06-03,2026-08-26,Labdrill,Elease Gluck
GTX Plus Basic - Acme Corporation (9CK2HTJP),141384,lost,2026-06-03,2026-08-31,Acme Corporation,Garret Kinder
GTX Pro - Konmatfix (J96E49Z1),655062,won,2026-06-03,2026-08-19,Konmatfix,Gladys Colclough
GTX Basic - Statholdings (X96KGPI8),70950,lost,2026-06-03,2026-08-16,Statholdings,Jonathan Berthelot
GTX Basic - Streethex (JJDL1F8R),68628,won,2026-06-03,2026-08-04,Streethex,Jonathan Berthelot
GTX Basic - New prospect (U1XSUD1P),70950,qualified,2026-06-03,,,Kami Bicknell
MG Special - Lexiqvolax (0J24X1Y0),7224,won,2026-06-03,2026-06-12,Lexiqvolax,Kami Bicknell
GTX Basic - Iselectrics (OM8LELJW),70950,qualified,2026-06-03,,Iselectrics,Kary Hendrixson
GTX Plus Basic - Scotfind (SEYFLN8Y),152478,won,2026-06-03,2026-09-05,Scotfind,Markita Hansen
GTX Plus Pro - Funholding (EID3MR9L),746652,won,2026-06-03,2026-09-16,Funholding,Marty Freudenburg
MG Special - Streethex (ID2VJE8V),7095,lost,2026-06-03,2026-06-10,Streethex,Versie Hillebrand
MG Special - Cancity (T3W0Z8KP),7869,won,2026-06-03,2026-06-09,Cancity,Versie Hillebrand
GTX Pro - Scotfind (2WZU46RL),659835,won,2026-06-03,2026-09-12,Scotfind,Vicki Laflamme
GTX Pro - Y-corporation (576N6HHJ),674283,won,2026-06-03,2026-06-12,Y-corporation,Vicki Laflamme
MG Special - New prospect (WEES59KH),7095,qualified,2026-06-03,,,Violet Mclelland
GTX Plus Basic - Zathunicon (WOS93VI5),147576,won,2026-06-03,2026-09-02,Zathunicon,Wilburn Farren
MG Special - Groovestreet (95YT659K),7095,qualified,2026-06-03,,Groovestreet,Zane Levy
MG Special - Statholdings (RKI7OEP9),7095,lost,2026-06-04,2026-08-15,Statholdings,Anna Snelling
GTX Plus Basic - Ron-tech (D9CS7EIY),161121,won,2026-06-04,2026-09-08,Ron-tech,Anna Snelling
GTX Plus Basic - New prospect (IOPIJ6C6),141384,qualified,2026-06-04,,,Boris Faz
GTX Plus Basic - Sumace (J1VGTXQS),142674,won,2026-06-04,2026-08-30,Sumace,Boris Faz
GTX Plus Basic - Bubba Gump (T87FD71P),161379,won,2026-06-04,2026-08-15,Bubba Gump,Cassey Cress
GTX Pro - Plussunin (P4PX93RN),621909,lost,2026-06-04,2026-08-15,Plussunin,Corliss Cosme
GTX Pro - Donware (RLJI4F93),641775,won,2026-06-04,2026-06-15,Donware,Corliss Cosme
MG Special - Umbrella Corporation (AE306TJU),6966,won,2026-06-04,2026-06-14,Umbrella Corporation,Corliss Cosme
GTX Pro - Ron-tech (D3BO9JDM),512775,won,2026-06-04,2026-08-06,Ron-tech,Darcel Schlecht
MG Advanced - Codehow (DPDUK8RG),383001,won,2026-06-04,2026-06-09,Codehow,Darcel Schlecht
GTX Basic - Sumace (AR35V2L2),71982,won,2026-06-04,2026-06-10,Sumace,Garret Kinder
GTX Pro - Isdom (FAKATVRQ),621909,lost,2026-06-04,2026-08-26,Isdom,Gladys Colclough
GTX Basic - Betatech (9SU2A73Y),75465,won,2026-06-04,2026-06-15,Betatech,Jonathan Berthelot
GTX Basic - Plexzap (98R4AZA8),73014,won,2026-06-04,2026-09-13,Plexzap,Kary Hendrixson
GTX Pro - Scotfind (9FE75D1D),609138,won,2026-06-04,2026-08-13,Scotfind,Markita Hansen
GTX Plus Basic - Condax (S5NVSXEX),133257,won,2026-06-04,2026-09-07,Condax,Moses Frase
GTX Basic - Dontechi (C6F5DTFR),75723,won,2026-06-04,2026-09-15,Dontechi,Niesha Huffines
GTX Plus Pro - Silis (R4X2MOO1),707178,lost,2026-06-04,2026-08-24,Silis,Reed Clapper
MG Special - Iselectrics (QEZ2X87C),7095,qualified,2026-06-04,,Iselectrics,Rosalina Dieter
MG Special - Funholding (8FULX0EA),7998,won,2026-06-04,2026-07-30,Funholding,Versie Hillebrand
MG Special - Konmatfix (WA5NRVIG),6966,won,2026-06-04,2026-09-08,Konmatfix,Versie Hillebrand
GTX Basic - Condax (XO7D3NYR),64371,won,2026-06-04,2026-07-31,Condax,Vicki Laflamme
GTX Plus Pro - Zotware (ZN8LHN9B),707178,lost,2026-06-04,2026-08-14,Zotware,Wilburn Farren
GTX Basic - Nam-zim (S8FODURJ),70950,qualified,2026-06-04,,Nam-zim,Zane Levy
GTX Basic - Faxquote (BFH34LVO),59082,won,2026-06-04,2026-08-23,Faxquote,Zane Levy
MG Special - Condax (QHVGK8DM),7869,won,2026-06-04,2026-08-27,Condax,Zane Levy
MG Special - Treequote (BALJ5E9J),7095,lost,2026-06-05,2026-09-13,Treequote,Anna Snelling
GTX Plus Pro - Funholding (3Y6REURA),722400,won,2026-06-05,2026-06-21,Funholding,Anna Snelling
GTX Plus Pro - Umbrella Corporation (3UI5JBOA),707178,lost,2026-06-05,2026-08-16,Umbrella Corporation,Boris Faz
GTX Plus Basic - Zotware (8AKZH8QS),162411,won,2026-06-05,2026-09-13,Zotware,Boris Faz
GTX Plus Basic - Zotware (FAS1KT97),143706,won,2026-06-05,2026-06-11,Zotware,Boris Faz
MG Special - Kinnamplus (RAPX57I3),7353,won,2026-06-05,2026-08-22,Kinnamplus,Boris Faz
GTX Plus Basic - Donquadtech (UZ4JMG8Z),141384,lost,2026-06-05,2026-08-22,Donquadtech,Cassey Cress
MG Special - Scottech (PV411N8I),7095,lost,2026-06-05,2026-08-14,Scottech,Cecily Lampkin
GTX Pro - Bluth Company (C58775JM),621909,lost,2026-06-05,2026-09-26,Bluth Company,Corliss Cosme
GTX Pro - Betasoloin (A2PIOJWL),621909,lost,2026-06-05,2026-06-16,Betasoloin,Daniell Hammack
MG Advanced - Funholding (SSEOGPPI),431634,won,2026-06-05,2026-06-07,Funholding,Darcel Schlecht
GTX Basic - Kan-code (5MFY1D4C),70950,lost,2026-06-05,2026-06-15,Kan-code,Donn Cantrell
GTX Basic - Kan-code (PQLMEIG0),70950,lost,2026-06-05,2026-06-19,Kan-code,Donn Cantrell
MG Advanced - Ontomedia (6CV2KEKP),437697,lost,2026-06-05,2026-06-13,Ontomedia,Donn Cantrell
GTX Basic - Green-Plus (FQD0IJBC),70950,lost,2026-06-05,2026-08-22,Green-Plus,Elease Gluck
GTX Pro - New prospect (EJGRLQP8),621909,qualified,2026-06-05,,,James Ascencio
MG Advanced - New prospect (8DDR4MUL),437697,qualified,2026-06-05,,,James Ascencio
GTX Basic - Newex (E28C318S),70434,won,2026-06-05,2026-08-01,Newex,James Ascencio
GTX Basic - Bioholding (6BUW3ZVC),70950,lost,2026-06-05,2026-08-01,Bioholding,Jonathan Berthelot
GTX Basic - Cheers (ZW5XV2QY),70950,lost,2026-06-05,2026-08-11,Cheers,Kami Bicknell
GTX Basic - Finjob (MOSX49BG),76884,won,2026-06-05,2026-08-21,Finjob,Kami Bicknell
GTX Plus Basic - Sonron (BDEP8ZEH),141384,lost,2026-06-05,2026-09-17,Sonron,Kary Hendrixson
GTX Plus Basic - Fasehatice (WSKZBAYI),151059,won,2026-06-05,2026-09-04,Fasehatice,Kary Hendrixson
GTX Plus Basic - Globex Corporation (19H5KFIC),131709,won,2026-06-05,2026-08-30,Globex Corporation,Marty Freudenburg
MG Special - New prospect (H0RRUQZ6),7095,qualified,2026-06-05,,,Maureen Marcano
MG Advanced - Kan-code (7PCCI1U2),437697,lost,2026-06-05,2026-08-14,Kan-code,Reed Clapper
GTX Plus Pro - Donquadtech (8XXD2LMP),707178,lost,2026-06-05,2026-08-29,Donquadtech,Rosie Papadopoulos
MG Special - Fasehatice (USNQY75J),7095,lost,2026-06-05,2026-08-01,Fasehatice,Zane Levy
MG Advanced - Kan-code (EI7DU48C),437697,lost,2026-06-05,2026-09-10,Kan-code,Zane Levy
GTX Pro - Mathtouch (1A1BI5VB),594561,won,2026-06-06,2026-06-19,Mathtouch,Boris Faz
GTX Plus Basic - Zathunicon (UYJVA76O),141384,lost,2026-06-06,2026-08-18,Zathunicon,Cassey Cress
GTX Basic - Bioholding (DR2H05BG),77400,won,2026-06-06,2026-06-19,Bioholding,Cecily Lampkin
GTX Pro - Konex (M765WQ4W),653643,won,2026-06-06,2026-06-10,Konex,Corliss Cosme
GTX Pro - Scottech (2PXZ68OA),661383,won,2026-06-06,2026-09-01,Scottech,Darcel Schlecht
GTX Basic - Ganjaflex (TDVM9PDL),70563,won,2026-06-06,2026-09-22,Ganjaflex,Donn Cantrell
GTX Plus Pro - Plussunin (LBYGH8WS),707178,lost,2026-06-06,2026-06-24,Plussunin,Garret Kinder
GTX Plus Basic - Initech (NJC4XMEN),141384,qualified,2026-06-06,,Initech,James Ascencio
MG Advanced - Faxquote (OBCBK0XR),437697,lost,2026-06-06,2026-08-27,Faxquote,Kami Bicknell
GTX Basic - Faxquote (IX8AYR6F),75078,won,2026-06-06,2026-09-10,Faxquote,Kami Bicknell
GTX Plus Basic - J-Texon (4LVXK5H1),135063,won,2026-06-06,2026-06-22,J-Texon,Kami Bicknell
MG Special - Funholding (O5CWW9P3),7095,lost,2026-06-06,2026-08-18,Funholding,Lajuana Vencill
GTX Plus Basic - New prospect (IMLFM79C),141384,qualified,2026-06-06,,,Markita Hansen
GTX Pro - Finhigh (DPXZ0ONG),621909,lost,2026-06-06,2026-08-12,Finhigh,Niesha Huffines
GTX Basic - Domzoom (2LOQKW1C),73272,won,2026-06-06,2026-06-21,Domzoom,Niesha Huffines
GTX Plus Pro - Inity (MA1LQG9S),806895,won,2026-06-06,2026-08-24,Inity,Niesha Huffines
GTX Pro - Bubba Gump (YR4EFQ4C),599463,won,2026-06-06,2026-08-30,Bubba Gump,Reed Clapper
GTX Pro - Vehement Capital Partners (KB7DTUXO),650418,won,2026-06-06,2026-08-05,Vehement Capital Partners,Rosie Papadopoulos
MG Special - Dontechi (JMQRT3TC),7353,won,2026-06-06,2026-09-27,Dontechi,Versie Hillebrand
MG Special - Rundofase (XETHS437),6837,won,2026-06-06,2026-09-03,Rundofase,Versie Hillebrand
MG Advanced - Konmatfix (6EYTZB6F),491619,won,2026-06-06,2026-09-08,Konmatfix,Versie Hillebrand
GTX Basic - Hottechi (DXY9EZ55),58824,won,2026-06-06,2026-09-08,Hottechi,Vicki Laflamme
GTX Pro - Mathtouch (ESZPH44N),621909,lost,2026-06-06,2026-09-15,Mathtouch,Violet Mclelland
MG Advanced - Xx-zobam (ITDTMROU),434859,won,2026-06-07,2026-09-01,Xx-zobam,Cassey Cress
GTX Plus Basic - Treequote (IFO74RWI),148479,won,2026-06-07,2026-08-26,Treequote,Cecily Lampkin
MG Advanced - Scottech (4O6T16XI),483492,won,2026-06-07,2026-09-21,Scottech,Cecily Lampkin
GTX Plus Pro - Umbrella Corporation (SUPA1RHK),737493,won,2026-06-07,2026-06-12,Umbrella Corporation,Corliss Cosme
GTX Pro - Donquadtech (MDHD11QD),648483,won,2026-06-07,2026-06-12,Donquadtech,Corliss Cosme
GTX Plus Basic - Iselectrics (PERK5YXJ),143319,won,2026-06-07,2026-09-09,Iselectrics,Daniell Hammack
GTX Plus Basic - Bioholding (MUUNQNG2),149511,won,2026-06-07,2026-06-14,Bioholding,Darcel Schlecht
MG Advanced - Rangreen (J1SCD7QL),419379,won,2026-06-07,2026-08-03,Rangreen,Darcel Schlecht
GTX Plus Pro - Bubba Gump (9LILLW96),707178,lost,2026-06-07,2026-07-29,Bubba Gump,Garret Kinder
MG Advanced - Genco Pura Olive Oil Company (R0DKB8FJ),437697,lost,2026-06-07,2026-09-03,Genco Pura Olive Oil Company,Gladys Colclough
GTX Plus Basic - Codehow (S5R9O6TL),139707,won,2026-06-07,2026-09-14,Codehow,Gladys Colclough
MG Special - Bioholding (N78A330G),6966,won,2026-06-07,2026-08-05,Bioholding,Gladys Colclough
MG Advanced - New prospect (ZGW9SCQ0),437697,qualified,2026-06-07,,,Hayden Neloms
MG Advanced - Blackzim (ZHI12PI4),425958,won,2026-06-07,2026-09-25,Blackzim,Hayden Neloms
GTX Pro - New prospect (34XWXEQE),621909,qualified,2026-06-07,,,James Ascencio
GTX Basic - Golddex (38ZR3URJ),71208,won,2026-06-07,2026-08-22,Golddex,James Ascencio
GTX Basic - Singletechno (6DJ817MW),60372,won,2026-06-07,2026-08-13,Singletechno,James Ascencio
GTX Basic - dambase (9HCLI5PO),70950,lost,2026-06-07,2026-08-14,dambase,Jonathan Berthelot
GTX Basic - Hottechi (PRY70ISY),70950,lost,2026-06-07,2026-08-31,Hottechi,Jonathan Berthelot
GTX Pro - New prospect (8NG46N94),621909,qualified,2026-06-07,,,Kami Bicknell
GTX Plus Pro - Rantouch (CS2ZS0B4),707178,lost,2026-06-07,2026-06-24,Rantouch,Kami Bicknell
GTX Pro - J-Texon (R7LGVRHC),576243,won,2026-06-07,2026-08-09,J-Texon,Kami Bicknell
GTX Basic - Cheers (3KLVZN6M),69402,won,2026-06-07,2026-09-01,Cheers,Kary Hendrixson
MG Advanced - Y-corporation (WGSLK719),389709,won,2026-06-07,2026-09-08,Y-corporation,Kary Hendrixson
GTX Basic - Codehow (0MMDQ1OR),65919,won,2026-06-07,2026-08-09,Codehow,Lajuana Vencill
GTX Plus Pro - Blackzim (SMQV0BRI),752328,won,2026-06-07,2026-06-18,Blackzim,Maureen Marcano
MG Special - Bubba Gump (XT8HCGAD),7095,qualified,2026-06-07,,Bubba Gump,Rosalina Dieter
MG Special - New prospect (WIQQUZRQ),7095,qualified,2026-06-07,,,Rosalina Dieter
GTX Plus Pro - Inity (X56STCJP),707178,lost,2026-06-07,2026-06-27,Inity,Versie Hillebrand
MG Advanced - Conecom (K214R7RK),437697,lost,2026-06-07,2026-08-21,Conecom,Versie Hillebrand
MG Special - Warephase (NR9UD54C),6450,won,2026-06-07,2026-08-24,Warephase,Versie Hillebrand
MG Advanced - Scotfind (GTXI4PAR),437697,lost,2026-06-07,2026-08-21,Scotfind,Vicki Laflamme
MG Special - Plexzap (T94JAB4C),7482,won,2026-06-07,2026-08-19,Plexzap,Vicki Laflamme
GTX Basic - Umbrella Corporation (8YOOE8I5),70950,lost,2026-06-07,2026-08-21,Umbrella Corporation,Violet Mclelland
MG Special - Mathtouch (8G2OTKLL),8514,won,2026-06-07,2026-06-24,Mathtouch,Violet Mclelland
GTX Pro - New prospect (LOHJU3OB),621909,qualified,2026-06-07,,,Zane Levy
GTX Basic - Finhigh (LW0Z6TMR),70950,lost,2026-06-08,2026-06-10,Finhigh,Anna Snelling
GTX Plus Pro - Toughzap (R3NAMX4P),707178,lost,2026-06-08,2026-08-11,Toughzap,Anna Snelling
MG Special - Cancity (VYJ20GOM),5676,won,2026-06-08,2026-08-14,Cancity,Anna Snelling
GTX Plus Basic - Konex (GIWI7CWJ),147060,won,2026-06-08,2026-09-26,Konex,Boris Faz
GTX Plus Pro - Zencorporation (VTO3SNNX),676605,won,2026-06-08,2026-06-18,Zencorporation,Cassey Cress
GTX Plus Pro - Gogozoom (OVPNOM6O),712080,won,2026-06-08,2026-08-31,Gogozoom,Cecily Lampkin
GTX Basic - New prospect (0558PJL2),70950,qualified,2026-06-08,,,Corliss Cosme
GTX Pro - New prospect (JB60NPU9),621909,qualified,2026-06-08,,,Corliss Cosme
GTX Plus Pro - Inity (6KM4E0V1),707178,lost,2026-06-08,2026-08-16,Inity,Darcel Schlecht
GTX Pro - Ron-tech (QWIPE5FB),621909,lost,2026-06-08,2026-08-11,Ron-tech,Darcel Schlecht
MG Special - Yearin (BZPU6P5P),7095,lost,2026-06-08,2026-09-19,Yearin,Garret Kinder
MG Special - Streethex (ZCFAVNF3),6837,won,2026-06-08,2026-06-17,Streethex,Gladys Colclough
GTX Plus Pro - New prospect (77IBMLTB),707178,qualified,2026-06-08,,,James Ascencio
GTX Plus Pro - Plusstrip (RDMKSDT0),628488,won,2026-06-08,2026-09-06,Plusstrip,Kami Bicknell
GTX Basic - Doncon (QPCY8RU0),70950,lost,2026-06-08,2026-08-21,Doncon,Kary Hendrixson
MG Advanced - Hatfan (Y93GK95W),404802,won,2026-06-08,2026-06-18,Hatfan,Markita Hansen
GTX Basic - Finjob (ZPB5KNCD),70950,lost,2026-06-08,2026-06-25,Finjob,Maureen Marcano
GTX Basic - Bioholding (ZDAJ4PFJ),66177,won,2026-06-08,2026-08-30,Bioholding,Moses Frase
GTX Plus Basic - Iselectrics (7VHJG9J1),141384,lost,2026-06-08,2026-09-24,Iselectrics,Reed Clapper
MG Special - New prospect (S2XTTF3B),7095,qualified,2026-06-08,,,Rosalina Dieter
GTX Pro - Sonron (8XY5IA68),621909,qualified,2026-06-08,,Sonron,Rosie Papadopoulos
GTX Basic - Kan-code (EHPG1PNC),83076,won,2026-06-08,2026-09-14,Kan-code,Violet Mclelland
GTX Plus Basic - J-Texon (RKOQZJZR),141384,qualified,2026-06-08,,J-Texon,Zane Levy
GTX Pro - Lexiqvolax (3CJMQNT0),621909,lost,2026-06-08,2026-08-11,Lexiqvolax,Zane Levy
GTX Basic - Newex (1MTLDVU8),72240,won,2026-06-08,2026-06-16,Newex,Zane Levy
GTX Plus Pro - Treequote (4Z7LYTKN),707178,lost,2026-06-09,2026-09-02,Treequote,Anna Snelling
MG Advanced - Statholdings (MX0QEMEB),437697,lost,2026-06-09,2026-08-24,Statholdings,Anna Snelling
GTX Plus Basic - dambase (Y25T06D2),111714,won,2026-06-09,2026-09-22,dambase,Anna Snelling
GTX Plus Basic - Plussunin (JY5LPMSJ),141384,lost,2026-06-09,2026-06-16,Plussunin,Boris Faz
GTX Basic - New prospect (8V5OCDHN),70950,qualified,2026-06-09,,,Cassey Cress
MG Special - Kan-code (YND6FAFG),7095,lost,2026-06-09,2026-08-28,Kan-code,Corliss Cosme
GTX Pro - Inity (D4PEXI47),621909,lost,2026-06-09,2026-08-12,Inity,Darcel Schlecht
GTX Basic - Finhigh (WRSA8PVU),80754,won,2026-06-09,2026-09-12,Finhigh,Darcel Schlecht
GTX Pro - Toughzap (965CJ4YG),526191,won,2026-06-09,2026-08-30,Toughzap,Darcel Schlecht
MG Advanced - Konex (ML5QMJPM),451113,won,2026-06-09,2026-09-01,Konex,Garret Kinder
MG Advanced - Opentech (EWEW7ZMQ),396288,won,2026-06-09,2026-08-13,Opentech,Garret Kinder
MG Advanced - Genco Pura Olive Oil Company (JY8W2PKW),437697,lost,2026-06-09,2026-09-11,Genco Pura Olive Oil Company,Gladys Colclough
MG Advanced - Labdrill (JFBWABB1),448017,won,2026-06-09,2026-08-23,Labdrill,Hayden Neloms
GTX Basic - Conecom (A0Z6FYRO),68370,won,2026-06-09,2026-06-16,Conecom,Jonathan Berthelot
GTX Plus Basic - Gogozoom (51AC0Q99),137514,won,2026-06-09,2026-09-12,Gogozoom,Jonathan Berthelot
MG Special - Cancity (897MKBP9),8256,won,2026-06-09,2026-09-14,Cancity,Jonathan Berthelot
MG Special - Rangreen (Y5IRSKVA),7611,won,2026-06-09,2026-09-21,Rangreen,Jonathan Berthelot
GTX Plus Basic - Goodsilron (QS440NN9),138933,won,2026-06-09,2026-08-27,Goodsilron,Kary Hendrixson
GTX Pro - Sunnamplex (JOKH5C6I),644871,won,2026-06-09,2026-08-18,Sunnamplex,Kary Hendrixson
MG Special - Betatech (1MZ8GDLF),9288,won,2026-06-09,2026-06-18,Betatech,Marty Freudenburg
GTX Plus Pro - Kan-code (64SDWSQH),628230,won,2026-06-09,2026-06-17,Kan-code,Maureen Marcano
GTX Plus Basic - Initech (XS7CNY5H),141384,lost,2026-06-09,2026-06-17,Initech,Reed Clapper
GTX Pro - Zencorporation (U0SS8E43),621909,lost,2026-06-09,2026-09-14,Zencorporation,Reed Clapper
MG Special - Konmatfix (2MH79C2B),6966,won,2026-06-09,2026-06-23,Konmatfix,Versie Hillebrand
MG Special - Toughzap (3YZFYEMI),6450,won,2026-06-09,2026-09-05,Toughzap,Versie Hillebrand
GTX Basic - Genco Pura Olive Oil Company (I35REHYN),70950,qualified,2026-06-09,,Genco Pura Olive Oil Company,Vicki Laflamme
GTX Plus Basic - Zoomit (Y3AAS62P),141384,qualified,2026-06-09,,Zoomit,Vicki Laflamme
MG Special - Xx-holding (BPPV8ZSB),7095,lost,2026-06-09,2026-07-29,Xx-holding,Vicki Laflamme
MG Advanced - New prospect (3NC5XSDF),437697,qualified,2026-06-09,,,Violet Mclelland
GTX Plus Pro - Initech (DRJG2FVR),707178,lost,2026-06-09,2026-06-12,Initech,Violet Mclelland
GTX Plus Basic - Konex (SWXO4J19),132741,won,2026-06-09,2026-08-17,Konex,Zane Levy
GTX Basic - Cancity (07DPEL0B),81141,won,2026-06-10,2026-08-22,Cancity,Anna Snelling
GTX Plus Basic - New prospect (5X3TSUA9),141384,qualified,2026-06-10,,,Cassey Cress
GTX Basic - Iselectrics (7GDRCAJR),77400,won,2026-06-10,2026-06-21,Iselectrics,Cassey Cress
GTX Basic - Konex (EJ8YBRD3),70950,lost,2026-06-10,2026-07-31,Konex,Corliss Cosme
GTX Pro - Kinnamplus (G7HADWB0),585015,won,2026-06-10,2026-06-15,Kinnamplus,Corliss Cosme
GTX Pro - New prospect (9DY57A6F),621909,qualified,2026-06-10,,,Daniell Hammack
MG Advanced - Ontomedia (M3IFAMV2),437697,lost,2026-06-10,2026-08-26,Ontomedia,Donn Cantrell
MG Special - Dalttechnology (65AT4VFM),7095,lost,2026-06-10,2026-06-16,Dalttechnology,Elease Gluck
GTX Pro - Conecom (H6SE0L31),619845,won,2026-06-10,2026-06-26,Conecom,Gladys Colclough
GTX Pro - Kan-code (ZQC7YA4X),621909,lost,2026-06-10,2026-08-14,Kan-code,Kami Bicknell
GTX Plus Pro - Labdrill (J9V49YC3),665382,won,2026-06-10,2026-09-08,Labdrill,Kary Hendrixson
GTX Basic - Cancity (H3ZS0FBT),61533,won,2026-06-10,2026-08-18,Cancity,Marty Freudenburg
GTX Plus Pro - Lexiqvolax (GIIHTQGY),641388,won,2026-06-10,2026-08-13,Lexiqvolax,Maureen Marcano
MG Advanced - Treequote (0LTBCZHI),503358,won,2026-06-10,2026-08-27,Treequote,Niesha Huffines
GTX Plus Basic - Plussunin (8U0BUWUQ),151704,won,2026-06-10,2026-09-10,Plussunin,Reed Clapper
GTX Pro - Yearin (ROD5WJDM),534060,won,2026-06-10,2026-09-10,Yearin,Reed Clapper
MG Special - Golddex (86GSJWQW),6966,won,2026-06-10,2026-08-27,Golddex,Rosalina Dieter
MG Special - New prospect (EQ0PLA0O),7095,qualified,2026-06-10,,,Vicki Laflamme
MG Special - Dalttechnology (B7BT5DB8),6579,won,2026-06-10,2026-08-26,Dalttechnology,Vicki Laflamme
GTX Basic - Labdrill (NJTWATVH),66822,won,2026-06-10,2026-06-18,Labdrill,Zane Levy
GTX Basic - Sonron (ZLIQCT7V),65145,won,2026-06-10,2026-09-02,Sonron,Zane Levy
GTX Plus Pro - Stanredtax (0U0GUDIX),699309,won,2026-06-11,2026-06-15,Stanredtax,Anna Snelling
GTX Pro - Kan-code (MN4ZHCUZ),493038,won,2026-06-11,2026-08-20,Kan-code,Cassey Cress
GTX Pro - Conecom (06H63NKF),621909,lost,2026-06-11,2026-08-17,Conecom,Darcel Schlecht
MG Advanced - Ontomedia (GBRQN296),429699,won,2026-06-11,2026-09-13,Ontomedia,Donn Cantrell
MG Special - Zoomit (RBHXB5V5),7095,lost,2026-06-11,2026-08-24,Zoomit,Hayden Neloms
GTX Basic - Newex (59O0CDJE),65016,won,2026-06-11,2026-09-16,Newex,James Ascencio
GTX Plus Basic - Plexzap (RU9Y6GR1),144093,won,2026-06-11,2026-09-06,Plexzap,James Ascencio
GTX Pro - Lexiqvolax (GIZAD3ZN),674670,won,2026-06-11,2026-09-03,Lexiqvolax,James Ascencio
GTX Pro - Fasehatice (6CXJOT2A),624876,won,2026-06-11,2026-06-13,Fasehatice,Kami Bicknell
MG Advanced - Labdrill (Y9NTV3K5),463884,won,2026-06-11,2026-06-20,Labdrill,Kami Bicknell
GTX Pro - Plexzap (GPVQIS5U),621909,lost,2026-06-11,2026-06-27,Plexzap,Kary Hendrixson
GTX Pro - Scotfind (LI9RCAQ6),592497,won,2026-06-11,2026-07-29,Scotfind,Kary Hendrixson
GTX Basic - dambase (DT8SWPLT),70305,won,2026-06-11,2026-09-08,dambase,Lajuana Vencill
MG Advanced - Rangreen (URRBXP0V),433698,won,2026-06-11,2026-08-05,Rangreen,Lajuana Vencill
GTX Plus Basic - Bioholding (CNAQ6R7T),140094,won,2026-06-11,2026-09-10,Bioholding,Marty Freudenburg
GTX Plus Pro - New prospect (VRWH3YJV),707178,qualified,2026-06-11,,,Maureen Marcano
GTX Basic - Acme Corporation (FBYWCLLS),70950,lost,2026-06-11,2026-06-25,Acme Corporation,Reed Clapper
GTX Pro - Konex (ZJAIST7C),664737,won,2026-06-11,2026-09-27,Konex,Rosie Papadopoulos
MG Special - Konmatfix (8EQRW9H5),7095,lost,2026-06-11,2026-08-26,Konmatfix,Versie Hillebrand
GTX Pro - Konex (F0KWRLK1),689892,won,2026-06-11,2026-08-12,Konex,Vicki Laflamme
GTX Basic - New prospect (JBECEURV),70950,qualified,2026-06-11,,,Zane Levy
GTX Pro - Finjob (HHP6R0IX),666930,won,2026-06-11,2026-08-02,Finjob,Zane Levy
GTX Pro - Scotfind (XMRZQ8PR),522450,won,2026-06-11,2026-06-22,Scotfind,Zane Levy
GTX Basic - New prospect (ER0U0TOC),70950,qualified,2026-06-12,,,Corliss Cosme
GTX Plus Basic - Bubba Gump (77JIGDNZ),141384,lost,2026-06-12,2026-09-03,Bubba Gump,Daniell Hammack
GTX Plus Basic - Vehement Capital Partners (DK6L8Y0Y),157509,won,2026-06-12,2026-06-26,Vehement Capital Partners,Daniell Hammack
MG Advanced - Toughzap (KA6SVT1C),437697,lost,2026-06-12,2026-08-13,Toughzap,Darcel Schlecht
GTX Plus Pro - Warephase (8ARRIREI),731301,won,2026-06-12,2026-09-05,Warephase,Darcel Schlecht
GTX Plus Pro - Finhigh (W3LRLMKP),694665,won,2026-06-12,2026-09-15,Finhigh,Gladys Colclough
GTX Basic - Hottechi (HQKUH8XA),70950,lost,2026-06-12,2026-09-23,Hottechi,Markita Hansen
MG Special - Zoomit (6R6T68GL),6192,won,2026-06-12,2026-09-05,Zoomit,Markita Hansen
MG Advanced - Plexzap (PGT70Q4T),472527,won,2026-06-12,2026-08-28,Plexzap,Markita Hansen
GTX Plus Basic - New prospect (24K085JJ),141384,qualified,2026-06-12,,,Maureen Marcano
GTX Pro - Groovestreet (EMORZ8R8),605655,won,2026-06-12,2026-06-27,Groovestreet,Maureen Marcano
MG Special - Fasehatice (V6RULHFZ),7095,lost,2026-06-12,2026-09-26,Fasehatice,Vicki Laflamme
MG Advanced - New prospect (NBBIFIKB),437697,qualified,2026-06-12,,,Wilburn Farren
MG Advanced - Rantouch (GRYWAPXY),349848,won,2026-06-12,2026-08-04,Rantouch,Zane Levy
MG Special - Ron-tech (ZIEI8JM3),8385,won,2026-06-13,2026-09-03,Ron-tech,Anna Snelling
MG Special - Statholdings (QDYFLOZW),7095,won,2026-06-13,2026-06-20,Statholdings,Anna Snelling
MG Special - Streethex (55YURJ2E),7482,won,2026-06-13,2026-09-26,Streethex,Anna Snelling
GTX Plus Pro - New prospect (R6Q5JOLX),707178,qualified,2026-06-13,,,Cassey Cress
GTX Basic - Ontomedia (1PORK6E3),66048,won,2026-06-13,2026-06-24,Ontomedia,Cassey Cress
GTX Plus Pro - Kan-code (ENDKZ399),750780,won,2026-06-13,2026-06-21,Kan-code,Corliss Cosme
GTX Plus Pro - Donware (VSNI41WQ),707178,lost,2026-06-13,2026-08-27,Donware,Daniell Hammack
GTX Plus Basic - Codehow (87KZX1UX),152091,won,2026-06-13,2026-08-22,Codehow,Darcel Schlecht
GTX Plus Basic - Rangreen (PLRBC69J),148737,won,2026-06-13,2026-06-23,Rangreen,Darcel Schlecht
GTX Plus Basic - Ganjaflex (RZB6Q4FX),115068,won,2026-06-13,2026-06-18,Ganjaflex,Donn Cantrell
GTX Plus Basic - Zathunicon (ASK5U1TD),158799,won,2026-06-13,2026-08-19,Zathunicon,Donn Cantrell
MG Advanced - Plussunin (T49Q4GWU),398739,won,2026-06-13,2026-09-21,Plussunin,Donn Cantrell
GTX Basic - Xx-zobam (JJ17IHID),70563,won,2026-06-13,2026-08-21,Xx-zobam,Garret Kinder
MG Special - Labdrill (311WKUHC),7095,lost,2026-06-13,2026-08-10,Labdrill,James Ascencio
GTX Plus Pro - Goodsilron (JG1CD65M),763551,won,2026-06-13,2026-06-15,Goodsilron,James Ascencio
GTX Plus Pro - Groovestreet (YIK15TLW),741105,won,2026-06-13,2026-08-07,Groovestreet,James Ascencio
GTX Basic - Stanredtax (RYJPSM6D),70950,lost,2026-06-13,2026-08-16,Stanredtax,Jonathan Berthelot
GTX Basic - Streethex (ZQK0JTVN),70950,lost,2026-06-13,2026-08-23,Streethex,Jonathan Berthelot
GTX Pro - Warephase (FB7OTAMV),621909,lost,2026-06-13,2026-09-18,Warephase,Jonathan Berthelot
MG Advanced - Cancity (JZD1QDWA),437697,lost,2026-06-13,2026-09-02,Cancity,Lajuana Vencill
GTX Plus Pro - Konex (LOSUVU4T),707178,lost,2026-06-13,2026-09-05,Konex,Markita Hansen
GTX Plus Basic - Singletechno (85LVQ6PB),161508,won,2026-06-13,2026-09-11,Singletechno,Markita Hansen
MG Special - dambase (02ILGBRB),7095,lost,2026-06-13,2026-08-18,dambase,Moses Frase
MG Advanced - Stanredtax (ZFIT4XWO),392031,won,2026-06-13,2026-09-01,Stanredtax,Moses Frase
GTX Basic - Treequote (XH69FGJJ),82173,won,2026-06-13,2026-08-16,Treequote,Niesha Huffines
GTX Basic - Acme Corporation (JU2PPGP6),70950,lost,2026-06-13,2026-06-23,Acme Corporation,Reed Clapper
GTX Pro - Zoomit (S8Y9AAWC),595206,won,2026-06-13,2026-09-04,Zoomit,Rosalina Dieter
MG Special - Gekko & Co (I2DLJ6C3),6579,won,2026-06-13,2026-08-24,Gekko & Co,Rosie Papadopoulos
GTX Plus Pro - New prospect (DY8DMZZ9),707178,qualified,2026-06-13,,,Vicki Laflamme
GTX Basic - Plexzap (VEZ8OX88),70950,lost,2026-06-13,2026-08-16,Plexzap,Vicki Laflamme
GTX Basic - Plexzap (M3QL68T6),76755,won,2026-06-13,2026-08-31,Plexzap,Vicki Laflamme
MG Special - Zoomit (Q3K6K5V9),6708,won,2026-06-13,2026-09-22,Zoomit,Vicki Laflamme
GTX Pro - Konex (PEGFPDVU),722916,won,2026-06-13,2026-06-27,Konex,Violet Mclelland
GTX Plus Basic - Dalttechnology (NFT2Z7MM),141384,lost,2026-06-13,2026-08-15,Dalttechnology,Zane Levy
GTX Plus Basic - Hatfan (YC2GBK89),141384,lost,2026-06-13,2026-08-09,Hatfan,Zane Levy
GTX Plus Basic - Plusstrip (U008ILBM),141384,lost,2026-06-13,2026-08-23,Plusstrip,Zane Levy
GTX Pro - Konex (VA0I9SDD),691440,won,2026-06-13,2026-06-24,Konex,Zane Levy
GTX Plus Basic - New prospect (KQ83VL8T),141384,qualified,2026-06-14,,,Boris Faz
GTX Basic - Xx-zobam (41HHBQRT),70950,lost,2026-06-14,2026-09-09,Xx-zobam,Cassey Cress
MG Special - Betatech (T6BHNN1O),7095,lost,2026-06-14,2026-08-10,Betatech,Cecily Lampkin
GTX Pro - Ganjaflex (S8DOH11H),621909,lost,2026-06-14,2026-08-11,Ganjaflex,Corliss Cosme
GTX Basic - Sumace (F8F6MA24),69402,won,2026-06-14,2026-09-15,Sumace,Corliss Cosme
GTX Pro - Cancity (ZXXWIGFR),621909,lost,2026-06-14,2026-08-29,Cancity,Darcel Schlecht
GTX Plus Pro - Conecom (L7CFCOR6),731172,won,2026-06-14,2026-08-25,Conecom,Darcel Schlecht
GTX Pro - Warephase (AAUTJ747),673380,won,2026-06-14,2026-09-07,Warephase,Darcel Schlecht
GTX Pro - Betasoloin (X7VUR49L),743427,won,2026-06-14,2026-06-23,Betasoloin,Donn Cantrell
GTX Plus Pro - Sunnamplex (U7L0IZLB),707178,lost,2026-06-14,2026-08-23,Sunnamplex,James Ascencio
GTX Basic - New prospect (PAQ6EKHB),70950,qualified,2026-06-14,,,Kami Bicknell
GTX Plus Basic - Lexiqvolax (THNEGVH2),122292,won,2026-06-14,2026-08-11,Lexiqvolax,Kary Hendrixson
GTX Basic - Rundofase (D1ANNMSO),62823,won,2026-06-14,2026-08-16,Rundofase,Lajuana Vencill
GTX Plus Basic - Funholding (LMVQ6B9P),138288,won,2026-06-14,2026-08-15,Funholding,Lajuana Vencill
MG Special - Singletechno (OQBVGILR),7224,won,2026-06-14,2026-09-12,Singletechno,Markita Hansen
MG Advanced - Donware (8LA72RM8),437697,qualified,2026-06-14,,Donware,Maureen Marcano
GTX Pro - Kan-code (7IZQJIPA),620748,won,2026-06-14,2026-09-23,Kan-code,Maureen Marcano
GTX Basic - Betasoloin (7AH7F190),70950,lost,2026-06-14,2026-08-24,Betasoloin,Reed Clapper
GTX Plus Basic - Initech (ME0LMBYL),141384,lost,2026-06-14,2026-09-17,Initech,Reed Clapper
GTX Plus Pro - Betasoloin (KODTODAA),707178,lost,2026-06-14,2026-08-09,Betasoloin,Reed Clapper
GTX Pro - Bioplex (RENW2N0H),668994,won,2026-06-14,2026-08-16,Bioplex,Reed Clapper
MG Special - Konex (9F407X6U),6321,won,2026-06-14,2026-08-29,Konex,Rosalina Dieter
GTX Pro - Konex (S0MZHYQC),619200,won,2026-06-14,2026-06-24,Konex,Zane Levy
GTX Pro - Initech (HP9TUR60),725883,won,2026-06-15,2026-09-20,Initech,Daniell Hammack
GTX Basic - Gogozoom (P4PKECH7),70950,lost,2026-06-15,2026-06-21,Gogozoom,Darcel Schlecht
GTX Pro - Stanredtax (USL5PZ4O),487491,won,2026-06-15,2026-09-02,Stanredtax,Darcel Schlecht
GTX Pro - Warephase (3DM5SSI5),674799,won,2026-06-15,2026-08-02,Warephase,Darcel Schlecht
GTX Plus Pro - Mathtouch (D40ALWGC),707178,lost,2026-06-15,2026-06-25,Mathtouch,Donn Cantrell
GTX Plus Pro - Xx-zobam (524QUXI2),707178,lost,2026-06-15,2026-08-23,Xx-zobam,Donn Cantrell
MG Advanced - Faxquote (8W35TVOQ),376422,won,2026-06-15,2026-08-29,Faxquote,Hayden Neloms
MG Advanced - New prospect (UU7N7LZK),437697,qualified,2026-06-15,,,James Ascencio
GTX Plus Basic - Funholding (3D6LLPA1),141384,lost,2026-06-15,2026-09-01,Funholding,Jonathan Berthelot
GTX Pro - Finhigh (58QZ1YGK),632358,won,2026-06-15,2026-06-24,Finhigh,Jonathan Berthelot
GTX Basic - Hatfan (OU42AWAE),68499,won,2026-06-15,2026-08-19,Hatfan,Kami Bicknell
GTX Basic - New prospect (ZBDT3T2H),70950,qualified,2026-06-15,,,Kary Hendrixson
GTX Plus Pro - Singletechno (OJOJPNL6),707178,lost,2026-06-15,2026-08-18,Singletechno,Kary Hendrixson
GTX Basic - Singletechno (MENKE9IV),67854,won,2026-06-15,2026-08-27,Singletechno,Kary Hendrixson
GTX Basic - Ron-tech (PXSDIDXO),70950,lost,2026-06-15,2026-08-08,Ron-tech,Lajuana Vencill
GTX Basic - Konmatfix (5PIJNVMB),62565,won,2026-06-15,2026-08-14,Konmatfix,Lajuana Vencill
MG Advanced - New prospect (WSO3NMK5),437697,qualified,2026-06-15,,,Maureen Marcano
GTX Basic - Rundofase (ZLFKHXXI),67080,won,2026-06-15,2026-09-21,Rundofase,Moses Frase
GTX Plus Basic - Dontechi (WIDRX5N6),131580,won,2026-06-15,2026-09-19,Dontechi,Niesha Huffines
GTX Plus Basic - Mathtouch (HJLKGIH4),141384,lost,2026-06-15,2026-08-31,Mathtouch,Reed Clapper
MG Advanced - Yearin (DF6A63B7),437697,lost,2026-06-15,2026-09-16,Yearin,Reed Clapper
GTX Pro - Donquadtech (T2EM55FZ),542445,won,2026-06-15,2026-08-12,Donquadtech,Rosie Papadopoulos
GTX Basic - Dalttechnology (KDQL1O1A),70950,lost,2026-06-15,2026-08-02,Dalttechnology,Vicki Laflamme
GTX Plus Pro - Initech (01XZ9CRY),707178,qualified,2026-06-15,,Initech,Zane Levy
MG Special - Toughzap (HJY0TQ7X),7095,qualified,2026-06-15,,Toughzap,Zane Levy
GTX Plus Basic - Funholding (75HKH8PS),141384,lost,2026-06-16,2026-06-27,Funholding,Anna Snelling
GTX Plus Basic - Ron-tech (NK2CHYT1),141384,lost,2026-06-16,2026-08-05,Ron-tech,Cecily Lampkin
GTX Plus Pro - New prospect (A7OVC1WK),707178,qualified,2026-06-16,,,Corliss Cosme
GTX Pro - dambase (0WGAPLOI),643710,won,2026-06-16,2026-09-03,dambase,Darcel Schlecht
GTX Pro - Domzoom (GXPA5D3A),703050,won,2026-06-16,2026-06-26,Domzoom,Darcel Schlecht
MG Special - Groovestreet (8598PVIX),6837,won,2026-06-16,2026-08-08,Groovestreet,Elease Gluck
GTX Pro - Inity (VKM2BCMV),474462,won,2026-06-16,2026-06-22,Inity,Jonathan Berthelot
GTX Pro - Newex (9N7LHW38),621909,lost,2026-06-16,2026-06-26,Newex,Kami Bicknell
MG Advanced - Nam-zim (BKMYW792),437697,lost,2026-06-16,2026-08-24,Nam-zim,Kami Bicknell
GTX Basic - Fasehatice (3IBBBGM4),71595,won,2026-06-16,2026-08-15,Fasehatice,Kary Hendrixson
GTX Basic - Rangreen (T32P6LSX),63468,won,2026-06-16,2026-09-12,Rangreen,Lajuana Vencill
GTX Plus Basic - Codehow (B944EMXZ),141384,lost,2026-06-16,2026-08-20,Codehow,Marty Freudenburg
GTX Plus Basic - Warephase (DOY7VMYB),141384,lost,2026-06-16,2026-08-07,Warephase,Marty Freudenburg
GTX Basic - Gogozoom (QXWLE549),74046,won,2026-06-16,2026-08-14,Gogozoom,Marty Freudenburg
GTX Plus Basic - New prospect (V1SX6HOD),141384,qualified,2026-06-16,,,Maureen Marcano
GTX Pro - Finjob (R0R0V2O5),607461,won,2026-06-16,2026-09-05,Finjob,Maureen Marcano
MG Advanced - Condax (D3O1PCMO),397191,won,2026-06-16,2026-08-31,Condax,Niesha Huffines
GTX Pro - Massive Dynamic (G53492IF),563601,won,2026-06-16,2026-06-21,Massive Dynamic,Reed Clapper
MG Advanced - New prospect (WVKBXWA9),437697,qualified,2026-06-16,,,Rosie Papadopoulos
MG Special - Rangreen (KUH39HQ7),7095,lost,2026-06-16,2026-06-19,Rangreen,Versie Hillebrand
GTX Plus Pro - Statholdings (RW6QS352),774000,won,2026-06-16,2026-09-27,Statholdings,Versie Hillebrand
MG Advanced - Kan-code (1374WYJG),418992,won,2026-06-16,2026-09-27,Kan-code,Violet Mclelland
MG Advanced - Nam-zim (1T8R8X79),548121,won,2026-06-16,2026-08-16,Nam-zim,Zane Levy
MG Advanced - Toughzap (PSMWYTMB),437697,qualified,2026-06-17,,Toughzap,Boris Faz
GTX Basic - Betasoloin (0ZXS3AIR),72627,won,2026-06-17,2026-09-22,Betasoloin,Boris Faz
GTX Pro - Gekko & Co (SBTVPORC),649773,won,2026-06-17,2026-06-26,Gekko & Co,Corliss Cosme
GTX Pro - Kan-code (XZKZYO55),627585,won,2026-06-17,2026-09-12,Kan-code,Daniell Hammack
GTX Pro - Warephase (AMCOSQZC),669768,won,2026-06-17,2026-09-14,Warephase,Darcel Schlecht
GTX Plus Basic - Kan-code (6C2CJX31),141384,lost,2026-06-17,2026-09-19,Kan-code,Donn Cantrell
GTX Plus Pro - New prospect (NRK892VX),707178,qualified,2026-06-17,,,Elease Gluck
MG Special - New prospect (5F1RM2YM),7095,qualified,2026-06-17,,,Elease Gluck
MG Special - Doncon (VQQR3OUI),5289,won,2026-06-17,2026-09-27,Doncon,Elease Gluck
MG Special - Dalttechnology (UWYFOEMO),7611,won,2026-06-17,2026-06-23,Dalttechnology,Hayden Neloms
GTX Plus Pro - Goodsilron (ZXNHUYCM),707178,lost,2026-06-17,2026-06-28,Goodsilron,James Ascencio
MG Special - Blackzim (KHG4UMKP),7482,won,2026-06-17,2026-08-21,Blackzim,James Ascencio
GTX Pro - Ron-tech (5R7N3RKQ),562569,won,2026-06-17,2026-06-27,Ron-tech,Jonathan Berthelot
GTX Pro - New prospect (197EQMY8),621909,qualified,2026-06-17,,,Kami Bicknell
GTX Plus Pro - Lexiqvolax (TEM0I59X),632874,won,2026-06-17,2026-09-05,Lexiqvolax,Kami Bicknell
GTX Basic - Goodsilron (1WPZ1MCO),75723,won,2026-06-17,2026-06-26,Goodsilron,Markita Hansen
GTX Pro - Y-corporation (1AQKM7VU),578823,won,2026-06-17,2026-08-21,Y-corporation,Markita Hansen
MG Advanced - Cancity (VTVYSUZG),467883,won,2026-06-17,2026-09-24,Cancity,Moses Frase
GTX Plus Basic - Dalttechnology (61IKUAZI),141384,qualified,2026-06-17,,Dalttechnology,Rosalina Dieter
GTX Plus Basic - Plexzap (6ZSAKAHX),118680,won,2026-06-17,2026-09-18,Plexzap,Rosalina Dieter
MG Special - Zumgoity (D9MZMDOL),7095,qualified,2026-06-17,,Zumgoity,Vicki Laflamme
MG Advanced - New prospect (2FM8HJDM),437697,qualified,2026-06-17,,,Vicki Laflamme
GTX Basic - Golddex (7TIWLFZD),71208,won,2026-06-17,2026-06-28,Golddex,Vicki Laflamme
MG Special - Labdrill (HXRF96S3),6966,won,2026-06-17,2026-09-11,Labdrill,Vicki Laflamme
GTX Basic - Bubba Gump (WTEAOER0),60888,won,2026-06-17,2026-09-10,Bubba Gump,Violet Mclelland
GTX Plus Pro - Xx-zobam (T8LSQO2S),707178,lost,2026-06-17,2026-08-21,Xx-zobam,Wilburn Farren
GTX Pro - New prospect (4R4QF0ZU),621909,qualified,2026-06-17,,,Zane Levy
MG Special - Toughzap (ABMOVF1A),8514,won,2026-06-18,2026-06-27,Toughzap,Anna Snelling
GTX Pro - Yearin (Q2GK9IT2),621909,lost,2026-06-18,2026-08-29,Yearin,Boris Faz
GTX Plus Basic - Massive Dynamic (J0WKJLR6),134031,won,2026-06-18,2026-08-18,Massive Dynamic,Cassey Cress
GTX Plus Basic - Plussunin (B1D3HP8V),141384,lost,2026-06-18,2026-08-19,Plussunin,Corliss Cosme
GTX Pro - Kan-code (QHP95ULI),621909,lost,2026-06-18,2026-06-22,Kan-code,Corliss Cosme
GTX Basic - Bluth Company (OAMR9KPA),70950,won,2026-06-18,2026-09-17,Bluth Company,Corliss Cosme
GTX Pro - New prospect (IDKBZCAF),621909,qualified,2026-06-18,,,Daniell Hammack
GTX Pro - Rangreen (0GRGY09E),621909,lost,2026-06-18,2026-08-22,Rangreen,Darcel Schlecht
GTX Pro - Treequote (MP9PICCD),589530,won,2026-06-18,2026-09-26,Treequote,Darcel Schlecht
GTX Pro - Betasoloin (F34QYKQJ),621909,lost,2026-06-18,2026-08-27,Betasoloin,Donn Cantrell
GTX Plus Pro - Condax (DHJ8KOUV),662802,won,2026-06-18,2026-09-01,Condax,Gladys Colclough
MG Advanced - Labdrill (JYNYK957),395127,won,2026-06-18,2026-08-29,Labdrill,James Ascencio
GTX Plus Basic - Sunnamplex (NOLWR5EX),141384,lost,2026-06-18,2026-06-29,Sunnamplex,Kami Bicknell
GTX Basic - Green-Plus (BUHR2X8U),79077,won,2026-06-18,2026-09-26,Green-Plus,Kary Hendrixson
GTX Pro - Plexzap (4OPFJFRO),620232,won,2026-06-18,2026-08-11,Plexzap,Kary Hendrixson
GTX Plus Pro - Condax (MLV2QDU6),665640,won,2026-06-18,2026-08-23,Condax,Lajuana Vencill
GTX Basic - J-Texon (V7T9ZP6C),73014,won,2026-06-18,2026-06-28,J-Texon,Markita Hansen
MG Special - Warephase (WYS1XI44),8772,won,2026-06-18,2026-06-24,Warephase,Marty Freudenburg
GTX Basic - Kan-code (C3HN12Z8),70950,lost,2026-06-18,2026-06-30,Kan-code,Maureen Marcano
GTX Pro - The New York Inquirer (YCQXHVMZ),722400,won,2026-06-18,2026-09-18,The New York Inquirer,Reed Clapper
MG Special - dambase (4PLSG7A3),7869,won,2026-06-18,2026-09-08,dambase,Versie Hillebrand
MG Special - Groovestreet (ZD772DU8),7095,lost,2026-06-18,2026-08-30,Groovestreet,Vicki Laflamme
MG Advanced - Xx-zobam (2KVQ5Z4M),437697,lost,2026-06-18,2026-08-26,Xx-zobam,Wilburn Farren
GTX Plus Basic - Plussunin (U6LLSWEN),141384,lost,2026-06-19,2026-08-24,Plussunin,Cassey Cress
GTX Plus Pro - Donware (RVQTWBKE),707178,lost,2026-06-19,2026-08-21,Donware,Cassey Cress
GTX Basic - Zotware (BWPBMVQH),70950,lost,2026-06-19,2026-08-26,Zotware,Corliss Cosme
GTX Plus Pro - New prospect (LFI3BGEE),707178,qualified,2026-06-19,,,Daniell Hammack
GTX Pro - The New York Inquirer (YPSXMDRH),641904,won,2026-06-19,2026-09-19,The New York Inquirer,Daniell Hammack
GTX Pro - Gogozoom (Q46QSEGT),621909,lost,2026-06-19,2026-06-30,Gogozoom,Darcel Schlecht
GTX Pro - Inity (DT0ZJ9Z2),643839,won,2026-06-19,2026-09-20,Inity,Darcel Schlecht
GTX Basic - Bioplex (55ZNV61S),70950,lost,2026-06-19,2026-07-01,Bioplex,Donn Cantrell
GTX Pro - Vehement Capital Partners (6PQS93V2),756972,won,2026-06-19,2026-07-01,Vehement Capital Partners,Donn Cantrell
MG Advanced - Labdrill (1LHU0876),437697,qualified,2026-06-19,,Labdrill,Elease Gluck
GTX Plus Basic - Isdom (V929BUUS),141384,lost,2026-06-19,2026-09-17,Isdom,Gladys Colclough
GTX Pro - Bioholding (LDYYOH6W),637002,won,2026-06-19,2026-08-21,Bioholding,Gladys Colclough
MG Advanced - Ron-tech (4MFY8UXP),486588,won,2026-06-19,2026-09-10,Ron-tech,Gladys Colclough
GTX Plus Pro - Cheers (EBJMZ5VE),746136,won,2026-06-19,2026-06-29,Cheers,James Ascencio
GTX Pro - Conecom (CMXOTVL7),449565,won,2026-06-19,2026-06-29,Conecom,Jonathan Berthelot
GTX Basic - Fasehatice (9XF2B7RS),87075,won,2026-06-19,2026-06-25,Fasehatice,Kami Bicknell
GTX Basic - Sonron (WHV85GOQ),70950,lost,2026-06-19,2026-08-25,Sonron,Kary Hendrixson
MG Special - Plusstrip (MXJAH0R5),7095,lost,2026-06-19,2026-08-25,Plusstrip,Maureen Marcano
GTX Plus Basic - Doncon (OXW7DBDT),141384,lost,2026-06-19,2026-07-30,Doncon,Rosalina Dieter
MG Special - Newex (W5EGDYPK),7095,won,2026-06-19,2026-06-28,Newex,Rosalina Dieter
MG Special - Toughzap (C13104YM),7095,lost,2026-06-19,2026-09-12,Toughzap,Versie Hillebrand
MG Advanced - Rangreen (1GA3AFTX),437697,lost,2026-06-19,2026-09-08,Rangreen,Versie Hillebrand
GTX Plus Pro - Inity (389D515R),744975,won,2026-06-19,2026-06-28,Inity,Versie Hillebrand
GTX Basic - Hottechi (2751GWVC),83979,won,2026-06-19,2026-08-15,Hottechi,Vicki Laflamme
GTX Basic - Scotfind (0UFUDIYT),73530,won,2026-06-19,2026-08-19,Scotfind,Vicki Laflamme
MG Special - Blackzim (Y3QBGJLM),6966,won,2026-06-19,2026-09-26,Blackzim,Vicki Laflamme
MG Special - Scotfind (O7U4I96P),6063,won,2026-06-19,2026-06-26,Scotfind,Vicki Laflamme
MG Special - Silis (Q0R3ZBNT),7224,won,2026-06-19,2026-08-05,Silis,Wilburn Farren
GTX Plus Basic - Vehement Capital Partners (FGUWP1NF),141384,lost,2026-06-20,2026-07-02,Vehement Capital Partners,Boris Faz
GTX Pro - Rangreen (DH8R6PK5),621909,lost,2026-06-20,2026-09-08,Rangreen,Darcel Schlecht
GTX Pro - Bioholding (ZKFWTRRT),570438,won,2026-06-20,2026-06-27,Bioholding,Darcel Schlecht
GTX Pro - Hottechi (941SDVVZ),691053,won,2026-06-20,2026-06-29,Hottechi,Darcel Schlecht
MG Special - Bioholding (ODINSHYF),7095,lost,2026-06-20,2026-06-28,Bioholding,Gladys Colclough
GTX Plus Basic - Conecom (0TICPBMF),135063,won,2026-06-20,2026-06-24,Conecom,Gladys Colclough
GTX Pro - Ron-tech (WANX7LM0),646677,won,2026-06-20,2026-09-25,Ron-tech,Gladys Colclough
MG Advanced - Finjob (9F2MDA5R),412413,won,2026-06-20,2026-06-22,Finjob,Hayden Neloms
GTX Plus Basic - Inity (JUKJ3RAB),141384,lost,2026-06-20,2026-07-02,Inity,Jonathan Berthelot
GTX Plus Basic - Zumgoity (YD3D41E0),145383,won,2026-06-20,2026-06-29,Zumgoity,Jonathan Berthelot
GTX Basic - New prospect (K2NPVZL8),70950,qualified,2026-06-20,,,Kami Bicknell
GTX Pro - Kan-code (7FLPKZN7),621909,qualified,2026-06-20,,Kan-code,Kami Bicknell
GTX Basic - Plexzap (RX8711KI),60372,won,2026-06-20,2026-09-20,Plexzap,Kami Bicknell
MG Special - Rantouch (F3BJAMUL),7095,won,2026-06-20,2026-08-16,Rantouch,Kami Bicknell
MG Special - Finjob (HZS2YVRN),7353,won,2026-06-20,2026-06-28,Finjob,Kary Hendrixson
MG Special - Zumgoity (W3B077GY),7095,lost,2026-06-20,2026-08-04,Zumgoity,Lajuana Vencill
GTX Plus Basic - Rangreen (MGR0TSPK),122034,won,2026-06-20,2026-08-24,Rangreen,Lajuana Vencill
GTX Basic - Xx-holding (TEF07JM6),70950,lost,2026-06-20,2026-06-29,Xx-holding,Markita Hansen
GTX Basic - Zoomit (N8SVXI48),70950,lost,2026-06-20,2026-08-11,Zoomit,Maureen Marcano
MG Special - Golddex (VG1WQW88),7095,lost,2026-06-20,2026-08-03,Golddex,Maureen Marcano
MG Special - Dontechi (MEKVHSCB),7095,lost,2026-06-20,2026-08-24,Dontechi,Moses Frase
GTX Pro - Massive Dynamic (PBJ62FC3),621909,lost,2026-06-20,2026-07-02,Massive Dynamic,Rosie Papadopoulos
MG Advanced - New prospect (3Q15OHQB),437697,qualified,2026-06-20,,,Vicki Laflamme
GTX Pro - Hottechi (O04P1WN6),569535,won,2026-06-20,2026-09-13,Hottechi,Vicki Laflamme
MG Special - Bioplex (600FP406),7740,won,2026-06-20,2026-06-29,Bioplex,Violet Mclelland
GTX Plus Pro - Green-Plus (2EFTTOAV),756585,won,2026-06-20,2026-06-28,Green-Plus,Zane Levy
GTX Plus Pro - Treequote (DDXFIBEY),707178,lost,2026-06-21,2026-08-20,Treequote,Anna Snelling
MG Special - Codehow (5BRWXIU3),7095,lost,2026-06-21,2026-08-24,Codehow,Anna Snelling
GTX Plus Basic - Kan-code (WN9ZY701),141384,lost,2026-06-21,2026-09-10,Kan-code,Boris Faz
MG Advanced - Globex Corporation (DA8D04ED),437697,lost,2026-06-21,2026-07-01,Globex Corporation,Cecily Lampkin
MG Special - Rundofase (WLQC2XK4),6966,won,2026-06-21,2026-06-29,Rundofase,Cecily Lampkin
GTX Pro - Opentech (A4CVM3PM),653901,won,2026-06-21,2026-09-23,Opentech,Corliss Cosme
GTX Plus Pro - Konex (CNLE5EJ2),693762,won,2026-06-21,2026-07-02,Konex,Daniell Hammack
GTX Pro - Mathtouch (D3HUUVPL),677895,won,2026-06-21,2026-08-31,Mathtouch,Daniell Hammack
GTX Plus Basic - Domzoom (2UNDAQZ2),141384,lost,2026-06-21,2026-07-01,Domzoom,Darcel Schlecht
GTX Plus Pro - Conecom (R2E45IQ8),663576,won,2026-06-21,2026-06-30,Conecom,Darcel Schlecht
GTX Plus Pro - Donware (UX0H8B3W),707178,lost,2026-06-21,2026-08-13,Donware,Donn Cantrell
GTX Plus Pro - Plusstrip (VM0A3057),712983,won,2026-06-21,2026-06-30,Plusstrip,James Ascencio
MG Advanced - Nam-zim (DX9CCI9C),437697,lost,2026-06-21,2026-09-15,Nam-zim,Kary Hendrixson
GTX Basic - Hottechi (8SE1W979),70950,lost,2026-06-21,2026-06-29,Hottechi,Lajuana Vencill
GTX Basic - dambase (L6AOARQ9),58308,won,2026-06-21,2026-09-17,dambase,Lajuana Vencill
MG Advanced - Kan-code (I83GQQHA),437697,lost,2026-06-21,2026-07-02,Kan-code,Markita Hansen
GTX Plus Pro - Toughzap (10984DDU),941700,won,2026-06-21,2026-09-24,Toughzap,Moses Frase
MG Special - Genco Pura Olive Oil Company (JQVW0KJV),7095,lost,2026-06-21,2026-08-06,Genco Pura Olive Oil Company,Versie Hillebrand
GTX Plus Pro - Blackzim (UWZHNMR4),670284,won,2026-06-21,2026-08-23,Blackzim,Vicki Laflamme
GTX Plus Pro - Faxquote (TRET6F45),725496,won,2026-06-21,2026-09-22,Faxquote,Vicki Laflamme
MG Advanced - J-Texon (8DDC9RLE),530190,won,2026-06-21,2026-09-11,J-Texon,Vicki Laflamme
GTX Basic - Inity (TFGYLK6C),70950,lost,2026-06-22,2026-07-01,Inity,Anna Snelling
MG Special - Codehow (4YXXI2OI),6837,won,2026-06-22,2026-09-14,Codehow,Anna Snelling
GTX Pro - Massive Dynamic (3C7A75LH),738783,won,2026-06-22,2026-06-24,Massive Dynamic,Cassey Cress
GTX Pro - Plussunin (02LUGFJS),555732,won,2026-06-22,2026-06-25,Plussunin,Cassey Cress
MG Advanced - Plussunin (KPF0GREK),429441,won,2026-06-22,2026-09-05,Plussunin,Cassey Cress
GTX Plus Basic - Kinnamplus (HEG2JK9Y),141384,lost,2026-06-22,2026-06-30,Kinnamplus,Daniell Hammack
GTX Plus Pro - Hottechi (1ZCAL93A),707178,lost,2026-06-22,2026-07-01,Hottechi,Darcel Schlecht
MG Special - Doncon (5NW6HK74),7095,lost,2026-06-22,2026-07-01,Doncon,Elease Gluck
MG Special - Betasoloin (EJVD09HQ),7095,qualified,2026-06-22,,Betasoloin,James Ascencio
GTX Basic - Gogozoom (7WFASDCZ),70950,lost,2026-06-22,2026-06-30,Gogozoom,Jonathan Berthelot
GTX Plus Pro - Dontechi (7XNX75LI),707178,lost,2026-06-22,2026-09-04,Dontechi,Jonathan Berthelot
GTX Plus Pro - Labdrill (RAUWH0GP),787545,won,2026-06-22,2026-08-24,Labdrill,Kami Bicknell
GTX Basic - Xx-holding (I86I0TJG),70821,won,2026-06-22,2026-08-10,Xx-holding,Kary Hendrixson
GTX Pro - Doncon (TFW3KAYZ),622812,won,2026-06-22,2026-08-09,Doncon,Kary Hendrixson
GTX Plus Basic - Dontechi (9NH8ACMQ),141384,lost,2026-06-22,2026-07-01,Dontechi,Marty Freudenburg
GTX Basic - Y-corporation (86KARIC1),70950,lost,2026-06-22,2026-06-30,Y-corporation,Maureen Marcano
GTX Basic - Finhigh (N2SLAOZR),70950,lost,2026-06-22,2026-07-01,Finhigh,Moses Frase
MG Special - Zumgoity (02TUKBP3),7095,lost,2026-06-22,2026-08-27,Zumgoity,Moses Frase
GTX Plus Basic - Zumgoity (KU0YOR3J),153381,won,2026-06-22,2026-07-01,Zumgoity,Niesha Huffines
MG Special - Hottechi (BRGJCWO1),6579,won,2026-06-22,2026-08-25,Hottechi,Niesha Huffines
GTX Plus Basic - Mathtouch (IEIZU3TY),141384,lost,2026-06-22,2026-09-20,Mathtouch,Reed Clapper
GTX Pro - New prospect (P8QXRXMR),621909,qualified,2026-06-22,,,Rosalina Dieter
MG Advanced - Xx-holding (35KZ6QTP),437697,lost,2026-06-22,2026-06-30,Xx-holding,Rosalina Dieter
GTX Plus Basic - Dontechi (V5ZP09PO),141384,lost,2026-06-22,2026-06-30,Dontechi,Versie Hillebrand
MG Special - Condax (VKB9RFJT),7095,won,2026-06-22,2026-08-17,Condax,Versie Hillebrand
MG Special - dambase (Y9HHGGOQ),6837,won,2026-06-22,2026-07-01,dambase,Versie Hillebrand
MG Special - Plusstrip (H3AEZ2BZ),7095,lost,2026-06-22,2026-07-02,Plusstrip,Vicki Laflamme
GTX Plus Pro - Donquadtech (LUXAXNBV),768840,won,2026-06-22,2026-09-05,Donquadtech,Wilburn Farren
MG Advanced - Groovestreet (0XBMBVFP),443502,won,2026-06-22,2026-07-01,Groovestreet,Zane Levy
MG Special - Cancity (8KIMVD15),7095,lost,2026-06-23,2026-07-03,Cancity,Anna Snelling
MG Special - Globex Corporation (Q06QD8ZW),6966,won,2026-06-23,2026-07-31,Globex Corporation,Anna Snelling
GTX Plus Basic - Konex (0SD3OBQI),141384,lost,2026-06-23,2026-08-03,Konex,Boris Faz
GTX Basic - Kinnamplus (YKZFQT7K),70950,lost,2026-06-23,2026-07-02,Kinnamplus,Cassey Cress
MG Advanced - Iselectrics (I25J5M7W),437697,lost,2026-06-23,2026-06-25,Iselectrics,Cassey Cress
GTX Plus Pro - Toughzap (B2Z4BB5U),707178,lost,2026-06-23,2026-07-03,Toughzap,Cecily Lampkin
MG Special - Isdom (87ZXBDQS),7095,lost,2026-06-23,2026-07-04,Isdom,Cecily Lampkin
MG Special - Statholdings (3LYVAV6P),7095,won,2026-06-23,2026-06-30,Statholdings,Cecily Lampkin
GTX Pro - New prospect (G7QIQDSA),621909,qualified,2026-06-23,,,Corliss Cosme
GTX Plus Basic - Xx-zobam (7I2O2ZCR),141384,lost,2026-06-23,2026-08-16,Xx-zobam,Corliss Cosme
GTX Plus Basic - Konex (SUX7JFN7),141384,lost,2026-06-23,2026-08-16,Konex,Daniell Hammack
GTX Pro - Hottechi (5DL7R4C3),621909,lost,2026-06-23,2026-06-30,Hottechi,Darcel Schlecht
MG Special - Streethex (61ON3Y6O),7095,lost,2026-06-23,2026-06-29,Streethex,Darcel Schlecht
GTX Pro - Ganjaflex (HOEKIDDI),621909,lost,2026-06-23,2026-08-10,Ganjaflex,Donn Cantrell
GTX Pro - Sonron (10YLM9VF),621909,lost,2026-06-23,2026-07-06,Sonron,Elease Gluck
MG Special - Sonron (LN0DF2XI),6192,won,2026-06-23,2026-08-24,Sonron,Elease Gluck
GTX Plus Basic - Hottechi (ZNE0DAIF),141384,lost,2026-06-23,2026-08-21,Hottechi,Hayden Neloms
MG Advanced - Finjob (DTCHPCBB),458337,won,2026-06-23,2026-09-10,Finjob,Hayden Neloms
GTX Plus Pro - Xx-holding (YID2GAED),707178,lost,2026-06-23,2026-07-01,Xx-holding,James Ascencio
GTX Pro - J-Texon (QFKL9UK2),609783,won,2026-06-23,2026-07-02,J-Texon,Kary Hendrixson
MG Special - Sunnamplex (MC3OSDV0),8385,won,2026-06-23,2026-06-29,Sunnamplex,Kary Hendrixson
GTX Basic - Rangreen (C7DOYN5Y),75465,won,2026-06-23,2026-09-21,Rangreen,Lajuana Vencill
GTX Plus Basic - New prospect (JXUSPNPV),141384,qualified,2026-06-23,,,Markita Hansen
MG Special - Plexzap (K79T6VNV),7095,lost,2026-06-23,2026-06-30,Plexzap,Markita Hansen
GTX Plus Basic - Domzoom (DX8R6PA4),141384,lost,2026-06-23,2026-06-30,Domzoom,Marty Freudenburg
MG Advanced - Cancity (FZDD9758),437697,lost,2026-06-23,2026-07-04,Cancity,Marty Freudenburg
MG Advanced - Rangreen (0SIFT5DE),437697,lost,2026-06-23,2026-07-01,Rangreen,Marty Freudenburg
GTX Plus Pro - Konmatfix (MZSCFJZS),736332,won,2026-06-23,2026-07-04,Konmatfix,Marty Freudenburg
MG Special - Hottechi (D6X5T9D4),7095,lost,2026-06-23,2026-07-02,Hottechi,Maureen Marcano
GTX Basic - Bioholding (69Z30MBF),73659,won,2026-06-23,2026-08-12,Bioholding,Moses Frase
GTX Basic - Scottech (SH0BSL0Z),79851,won,2026-06-23,2026-09-20,Scottech,Moses Frase
MG Advanced - Donware (Q5E0NILP),384936,won,2026-06-23,2026-06-30,Donware,Reed Clapper
GTX Basic - Bioplex (RFTDQJ0U),71982,won,2026-06-23,2026-06-28,Bioplex,Rosie Papadopoulos
MG Special - Condax (76NU9866),7353,won,2026-06-23,2026-08-29,Condax,Rosie Papadopoulos
MG Special - Initech (13O8NTOT),7869,won,2026-06-23,2026-08-27,Initech,Violet Mclelland
GTX Basic - Hottechi (AS3IYIRO),70047,won,2026-06-24,2026-09-22,Hottechi,Anna Snelling
GTX Pro - Zotware (L1WPBDZG),532125,won,2026-06-24,2026-09-08,Zotware,Boris Faz
GTX Plus Pro - Ganjaflex (QK98E62R),683829,won,2026-06-24,2026-09-25,Ganjaflex,Cassey Cress
GTX Basic - Kinnamplus (F9THW1PW),63855,won,2026-06-24,2026-07-02,Kinnamplus,Corliss Cosme
GTX Plus Basic - Bioplex (LQJISQSD),123195,won,2026-06-24,2026-07-02,Bioplex,Corliss Cosme
GTX Plus Basic - Iselectrics (84SZ58S9),158025,won,2026-06-24,2026-07-01,Iselectrics,Daniell Hammack
GTX Pro - Ron-tech (Q5I9JWH7),621909,lost,2026-06-24,2026-06-29,Ron-tech,Darcel Schlecht
GTX Basic - Conecom (6BSKCQCX),78432,won,2026-06-24,2026-09-21,Conecom,Darcel Schlecht
GTX Pro - Warephase (UKQD4DPD),582435,won,2026-06-24,2026-08-10,Warephase,Darcel Schlecht
GTX Pro - Silis (SI874ZK5),621909,lost,2026-06-24,2026-07-03,Silis,Donn Cantrell
MG Advanced - Green-Plus (6XP6FVMN),486588,won,2026-06-24,2026-09-14,Green-Plus,Elease Gluck
MG Advanced - Kan-code (NDMEB0VG),437697,lost,2026-06-24,2026-07-02,Kan-code,Garret Kinder
GTX Basic - Bioholding (IGFQGZDK),69660,won,2026-06-24,2026-09-04,Bioholding,Gladys Colclough
MG Advanced - Cancity (Y2DLFFN6),361200,won,2026-06-24,2026-06-27,Cancity,Gladys Colclough
MG Advanced - Stanredtax (I6UCM2J9),419250,won,2026-06-24,2026-07-02,Stanredtax,Gladys Colclough
GTX Plus Basic - Plexzap (PT0I4XSM),158928,won,2026-06-24,2026-07-04,Plexzap,Hayden Neloms
MG Advanced - Hatfan (X718EF6Y),362619,won,2026-06-24,2026-07-01,Hatfan,Hayden Neloms
GTX Pro - New prospect (FSYTM6YE),621909,qualified,2026-06-24,,,James Ascencio
GTX Plus Basic - Lexiqvolax (VUAFV8SS),151962,won,2026-06-24,2026-09-03,Lexiqvolax,James Ascencio
GTX Pro - Treequote (SXPV3WCV),628101,won,2026-06-24,2026-09-18,Treequote,Jonathan Berthelot
MG Advanced - Cheers (9PH1EWCH),437697,lost,2026-06-24,2026-08-30,Cheers,Kami Bicknell
GTX Plus Pro - Inity (THPCTGNI),707178,lost,2026-06-24,2026-06-29,Inity,Lajuana Vencill
GTX Basic - Condax (XR4PPDOB),65403,won,2026-06-24,2026-09-14,Condax,Lajuana Vencill
MG Advanced - Bioholding (EK06CNRW),474849,won,2026-06-24,2026-07-03,Bioholding,Lajuana Vencill
GTX Plus Basic - Doncon (Q25T8PKX),141384,lost,2026-06-24,2026-06-28,Doncon,Markita Hansen
GTX Plus Basic - Dontechi (V86S5LWV),141384,lost,2026-06-24,2026-06-29,Dontechi,Marty Freudenburg
GTX Plus Pro - Treequote (K8Y7CK9T),681120,won,2026-06-24,2026-07-02,Treequote,Marty Freudenburg
GTK 500 - Betasoloin (1LY8CAXD),3453072,qualified,2026-06-24,,Betasoloin,Rosalina Dieter
MG Special - Finjob (ADS3CQ4B),6450,won,2026-06-24,2026-08-24,Finjob,Rosalina Dieter
MG Special - Genco Pura Olive Oil Company (9UBU6UW4),7611,won,2026-06-24,2026-06-26,Genco Pura Olive Oil Company,Versie Hillebrand
MG Advanced - Kan-code (ZP9HW0LH),489426,won,2026-06-24,2026-06-30,Kan-code,Vicki Laflamme
MG Advanced - Ganjaflex (WV41OJHX),488394,won,2026-06-24,2026-06-30,Ganjaflex,Wilburn Farren
GTX Plus Basic - Condax (FTUJY4FP),141384,lost,2026-06-25,2026-07-04,Condax,Cassey Cress
MG Advanced - Plussunin (ORBIW519),437697,lost,2026-06-25,2026-09-15,Plussunin,Donn Cantrell
GTX Pro - Mathtouch (369V78M2),716337,won,2026-06-25,2026-07-04,Mathtouch,Donn Cantrell
MG Advanced - Konex (792JYPG1),458853,won,2026-06-25,2026-07-05,Konex,Donn Cantrell
MG Special - Green-Plus (Y6Q7Z0SO),8127,won,2026-06-25,2026-07-05,Green-Plus,Elease Gluck
GTX Basic - Conecom (9IM813OI),70950,lost,2026-06-25,2026-08-08,Conecom,Gladys Colclough
MG Advanced - Scottech (GXY3QZ2V),477816,won,2026-06-25,2026-07-03,Scottech,Lajuana Vencill
GTX Pro - New prospect (SMP2K39G),621909,qualified,2026-06-25,,,Markita Hansen
GTX Plus Basic - Gogozoom (IVX52FRZ),141384,lost,2026-06-25,2026-07-31,Gogozoom,Marty Freudenburg
MG Advanced - Hottechi (2CN1G52G),437697,lost,2026-06-25,2026-06-30,Hottechi,Marty Freudenburg
GTX Plus Basic - Ron-tech (OR0PEAIV),146157,won,2026-06-25,2026-08-27,Ron-tech,Marty Freudenburg
GTX Plus Basic - Konex (EGOU8GB1),166668,won,2026-06-25,2026-09-05,Konex,Maureen Marcano
MG Advanced - Plusstrip (IIKN6Q8E),422862,won,2026-06-25,2026-08-31,Plusstrip,Rosalina Dieter
MG Special - Codehow (VTX8GPN8),7095,won,2026-06-25,2026-07-02,Codehow,Versie Hillebrand
GTX Basic - Finjob (DVGY4X7E),64242,won,2026-06-25,2026-09-19,Finjob,Vicki Laflamme
MG Special - Sunnamplex (W9LAIASV),7095,won,2026-06-25,2026-09-26,Sunnamplex,Vicki Laflamme
GTX Plus Pro - New prospect (9JTFD4FZ),707178,qualified,2026-06-25,,,Wilburn Farren
GTX Basic - Cheers (1JFYPP8R),73659,won,2026-06-25,2026-07-02,Cheers,Zane Levy
GTX Plus Basic - New prospect (C51GWGUE),141384,qualified,2026-06-26,,,Daniell Hammack
GTX Pro - Bubba Gump (A62JDGQK),637518,won,2026-06-26,2026-07-02,Bubba Gump,Daniell Hammack
GTX Plus Basic - Streethex (K25Z2KKH),141384,lost,2026-06-26,2026-07-02,Streethex,Darcel Schlecht
MG Special - Bioplex (U3F5X6BB),7095,lost,2026-06-26,2026-09-03,Bioplex,Donn Cantrell
GTX Pro - Singletechno (VJD27D8U),688860,won,2026-06-26,2026-06-28,Singletechno,Elease Gluck
GTX Basic - Vehement Capital Partners (9TMPRT6R),70950,lost,2026-06-26,2026-06-30,Vehement Capital Partners,Garret Kinder
MG Advanced - Zotware (CE81S7UN),437697,lost,2026-06-26,2026-07-05,Zotware,Garret Kinder
GTX Plus Pro - Isdom (LEPH90QI),733881,won,2026-06-26,2026-07-06,Isdom,Gladys Colclough
GTX Basic - Rantouch (X1QNN2DG),70950,lost,2026-06-26,2026-07-05,Rantouch,James Ascencio
MG Special - Lexiqvolax (J8G6HTCM),7095,lost,2026-06-26,2026-07-08,Lexiqvolax,James Ascencio
MG Special - Dontechi (94P229FH),6708,won,2026-06-26,2026-09-26,Dontechi,Lajuana Vencill
MG Advanced - Rangreen (Q6F9JWTY),403899,won,2026-06-26,2026-09-06,Rangreen,Lajuana Vencill
GTX Plus Basic - Konex (75JW1GRR),141384,lost,2026-06-26,2026-07-06,Konex,Markita Hansen
GTX Plus Pro - Singletechno (P7X2J5DO),707178,lost,2026-06-26,2026-07-03,Singletechno,Markita Hansen
MG Special - Blackzim (LKBDKJLM),7095,lost,2026-06-26,2026-08-24,Blackzim,Markita Hansen
MG Advanced - Goodsilron (9OT0018Y),437697,lost,2026-06-26,2026-07-07,Goodsilron,Markita Hansen
MG Advanced - Toughzap (I6RH33SU),510453,won,2026-06-26,2026-07-02,Toughzap,Marty Freudenburg
GTX Basic - Treequote (STCU1IXE),67467,won,2026-06-26,2026-09-26,Treequote,Niesha Huffines
GTX Plus Basic - Treequote (E3CR358L),149124,won,2026-06-26,2026-09-17,Treequote,Niesha Huffines
GTX Pro - Bubba Gump (BTOD096J),621909,lost,2026-06-26,2026-07-03,Bubba Gump,Reed Clapper
MG Advanced - Plexzap (1B2WYHTY),452661,won,2026-06-26,2026-08-27,Plexzap,Rosalina Dieter
GTX Pro - New prospect (NS6JLCZ2),621909,qualified,2026-06-26,,,Rosie Papadopoulos
MG Special - Hottechi (LB5622YN),7095,lost,2026-06-26,2026-07-05,Hottechi,Versie Hillebrand
MG Advanced - Dontechi (HIX9V4W1),437697,lost,2026-06-26,2026-06-30,Dontechi,Versie Hillebrand
MG Special - New prospect (LZ3B174J),7095,qualified,2026-06-26,,,Vicki Laflamme
GTX Basic - Lexiqvolax (XQ6FMG3L),70950,lost,2026-06-26,2026-07-03,Lexiqvolax,Vicki Laflamme
MG Special - Sonron (W40IER4O),7611,won,2026-06-26,2026-09-04,Sonron,Vicki Laflamme
MG Special - Kinnamplus (88PIK8A6),7095,lost,2026-06-26,2026-07-05,Kinnamplus,Violet Mclelland
GTX Basic - J-Texon (6K31TYOR),64758,won,2026-06-26,2026-07-02,J-Texon,Zane Levy
GTX Basic - Rangreen (H29XGJ5H),70950,lost,2026-06-27,2026-08-31,Rangreen,Anna Snelling
GTX Plus Pro - Toughzap (FSBZ3KOY),707178,lost,2026-06-27,2026-06-28,Toughzap,Anna Snelling
GTX Basic - Silis (T4SSD24J),69789,won,2026-06-27,2026-09-01,Silis,Boris Faz
GTX Plus Pro - Ontomedia (ZDB6D35R),648354,won,2026-06-27,2026-09-15,Ontomedia,Cassey Cress
MG Advanced - Dontechi (8RVTZBQO),406092,won,2026-06-27,2026-07-07,Dontechi,Cecily Lampkin
GTX Plus Basic - Isdom (CMM4A6NJ),141384,lost,2026-06-27,2026-07-03,Isdom,Darcel Schlecht
GTX Pro - Bioholding (7PMUB7T4),621909,lost,2026-06-27,2026-07-09,Bioholding,Darcel Schlecht
GTX Pro - Isdom (KTHAX2XV),621909,lost,2026-06-27,2026-07-02,Isdom,Darcel Schlecht
MG Advanced - Rundofase (IHOTG9ZQ),387774,won,2026-06-27,2026-07-06,Rundofase,Darcel Schlecht
MG Special - Mathtouch (O2BF1KAT),7095,lost,2026-06-27,2026-09-15,Mathtouch,Garret Kinder
GTX Pro - Kan-code (12HOWQMI),671187,won,2026-06-27,2026-07-04,Kan-code,Garret Kinder
MG Special - Condax (CXY4CXX1),7095,lost,2026-06-27,2026-07-04,Condax,Gladys Colclough
MG Advanced - Xx-holding (IIOVCSHC),377583,won,2026-06-27,2026-09-06,Xx-holding,Hayden Neloms
GTX Plus Pro - New prospect (NX28C8EI),707178,qualified,2026-06-27,,,James Ascencio
GTX Basic - New prospect (WV2YBM8V),70950,qualified,2026-06-27,,,Kary Hendrixson
GTX Basic - Rantouch (3E09X4S2),70950,lost,2026-06-27,2026-07-05,Rantouch,Kary Hendrixson
GTX Basic - Finhigh (6BATTRKM),70950,lost,2026-06-27,2026-07-04,Finhigh,Lajuana Vencill
MG Advanced - Isdom (GCWTH2MD),437697,lost,2026-06-27,2026-09-16,Isdom,Lajuana Vencill
GTX Plus Pro - Betatech (C563WHG1),794124,won,2026-06-27,2026-07-08,Betatech,Lajuana Vencill
GTX Pro - Warephase (D9WBSJRC),645903,won,2026-06-27,2026-07-06,Warephase,Marty Freudenburg
GTX Plus Pro - New prospect (NMLTE4CS),707178,qualified,2026-06-27,,,Maureen Marcano
MG Special - Scotfind (X8P0Q1EU),7611,won,2026-06-27,2026-09-02,Scotfind,Maureen Marcano
GTX Basic - Cancity (PBGB323I),70821,won,2026-06-27,2026-07-04,Cancity,Moses Frase
GTX Plus Basic - Isdom (V5THS9V8),144093,won,2026-06-27,2026-08-24,Isdom,Niesha Huffines
MG Special - Stanredtax (579RHB6S),7353,won,2026-06-27,2026-07-05,Stanredtax,Versie Hillebrand
GTX Plus Pro - Treequote (4SOUOUKH),707178,qualified,2026-06-27,,Treequote,Vicki Laflamme
GTX Basic - Lexiqvolax (9HWUTUXQ),70950,lost,2026-06-27,2026-07-06,Lexiqvolax,Vicki Laflamme
MG Special - Acme Corporation (T58F1T8V),7095,lost,2026-06-27,2026-07-05,Acme Corporation,Violet Mclelland
MG Special - Silis (U3UT9B1U),7095,won,2026-06-27,2026-09-20,Silis,Violet Mclelland
MG Special - Umbrella Corporation (HY7D36UC),8127,won,2026-06-27,2026-09-18,Umbrella Corporation,Violet Mclelland
GTX Plus Basic - Rantouch (9YVTJF6C),142932,won,2026-06-27,2026-07-05,Rantouch,Zane Levy
GTX Plus Basic - Y-corporation (JGZVNKMT),121776,won,2026-06-27,2026-09-06,Y-corporation,Zane Levy
GTX Basic - Finhigh (5B3BKUMD),70950,lost,2026-06-28,2026-07-08,Finhigh,Anna Snelling
MG Advanced - The New York Inquirer (MGHWZSN2),437697,lost,2026-06-28,2026-07-03,The New York Inquirer,Boris Faz
GTX Basic - Scotfind (EM1BA4EK),70950,qualified,2026-06-28,,Scotfind,Cassey Cress
GTX Plus Basic - Cheers (GWOOPZE8),141384,qualified,2026-06-28,,Cheers,Cassey Cress
GTX Basic - Konex (84N2YHUB),70950,lost,2026-06-28,2026-08-28,Konex,Cassey Cress
GTX Plus Pro - Streethex (IFVL4WL5),477816,won,2026-06-28,2026-09-06,Streethex,Cecily Lampkin
GTX Plus Pro - Konex (8EPT4HEV),707178,lost,2026-06-28,2026-07-04,Konex,Corliss Cosme
GTX Plus Basic - Donquadtech (HZNNKQ0T),138804,won,2026-06-28,2026-06-30,Donquadtech,Corliss Cosme
GTX Plus Pro - Mathtouch (Z6ETLZQU),713112,won,2026-06-28,2026-09-14,Mathtouch,Corliss Cosme
GTX Plus Basic - Xx-zobam (GXIVJQPG),141384,qualified,2026-06-28,,Xx-zobam,Daniell Hammack
GTX Plus Basic - Initech (7MSQSYWR),141384,lost,2026-06-28,2026-07-07,Initech,Daniell Hammack
GTX Pro - Yearin (5VJIXV02),621909,lost,2026-06-28,2026-08-28,Yearin,Daniell Hammack
GTX Pro - Rundofase (G23RCHB6),621909,lost,2026-06-28,2026-07-05,Rundofase,Darcel Schlecht
GTX Pro - Globex Corporation (RMFG5C6C),592626,won,2026-06-28,2026-07-06,Globex Corporation,Darcel Schlecht
GTX Pro - Scottech (U2JOATN3),795414,won,2026-06-28,2026-09-02,Scottech,Darcel Schlecht
GTX Basic - Kinnamplus (JGZ3F67I),70950,lost,2026-06-28,2026-07-04,Kinnamplus,Donn Cantrell
GTX Plus Pro - Bluth Company (FHCSKQ4K),679830,won,2026-06-28,2026-09-26,Bluth Company,Donn Cantrell
GTX Plus Pro - Sumace (TU58PHME),707178,lost,2026-06-28,2026-08-14,Sumace,Garret Kinder
GTX Plus Basic - Xx-holding (9ZVX7NVU),141384,lost,2026-06-28,2026-07-05,Xx-holding,Hayden Neloms
MG Advanced - Cheers (I4OJHXIN),408801,won,2026-06-28,2026-07-02,Cheers,Hayden Neloms
GTX Basic - Treequote (NE300YJ0),73659,won,2026-06-28,2026-08-21,Treequote,Jonathan Berthelot
GTX Basic - Goodsilron (TYLSS719),70950,lost,2026-06-28,2026-08-30,Goodsilron,Kami Bicknell
GTX Plus Pro - Green-Plus (M3SQPUB1),813216,won,2026-06-28,2026-07-10,Green-Plus,Kami Bicknell
MG Special - Acme Corporation (MG1YUTUE),7095,qualified,2026-06-28,,Acme Corporation,Markita Hansen
GTX Basic - Cheers (PEIZDYXE),70950,lost,2026-06-28,2026-06-29,Cheers,Markita Hansen
GTX Pro - Groovestreet (HGG0EZ00),621909,lost,2026-06-28,2026-07-02,Groovestreet,Markita Hansen
GTX Basic - Statholdings (XRRMX8K6),70950,lost,2026-06-28,2026-07-09,Statholdings,Marty Freudenburg
GTX Pro - Condax (BJLJV8XE),590562,won,2026-06-28,2026-09-11,Condax,Marty Freudenburg
MG Special - Bluth Company (AQH7ORZZ),7998,won,2026-06-28,2026-09-14,Bluth Company,Reed Clapper
MG Special - J-Texon (GLG1IOHT),6579,won,2026-06-28,2026-07-05,J-Texon,Rosalina Dieter
GTX Pro - Bluth Company (89MUGU6K),629649,won,2026-06-28,2026-08-27,Bluth Company,Rosie Papadopoulos
GTX Basic - Golddex (F5OETS8V),70176,won,2026-06-28,2026-09-14,Golddex,Vicki Laflamme
MG Advanced - Goodsilron (CU7KT53A),379389,won,2026-06-28,2026-09-12,Goodsilron,Vicki Laflamme
GTX Plus Pro - New prospect (QNB3SCN9),707178,qualified,2026-06-28,,,Wilburn Farren
MG Advanced - Ganjaflex (0BYU67KG),437697,lost,2026-06-28,2026-09-09,Ganjaflex,Wilburn Farren
MG Special - Condax (SLXPTSGS),5676,won,2026-06-28,2026-07-08,Condax,Wilburn Farren
GTX Plus Pro - Doncon (FZGGKS2D),633390,won,2026-06-28,2026-09-19,Doncon,Zane Levy
GTX Plus Pro - Warephase (6HDTZCCM),707178,lost,2026-06-29,2026-07-11,Warephase,Anna Snelling
GTX Plus Basic - Konex (XUEHL04Z),141384,lost,2026-06-29,2026-07-01,Konex,Boris Faz
GTX Plus Pro - Bioplex (CTZ5I5R5),705501,won,2026-06-29,2026-09-01,Bioplex,Cassey Cress
MG Advanced - Scottech (988QUSNK),437697,lost,2026-06-29,2026-06-30,Scottech,Cecily Lampkin
MG Advanced - Treequote (2P0VIX4N),437697,lost,2026-06-29,2026-09-16,Treequote,Cecily Lampkin
GTX Basic - Zumgoity (TAPH7KQO),73272,won,2026-06-29,2026-09-03,Zumgoity,Cecily Lampkin
GTX Plus Basic - Cancity (TWGFQS8L),141384,lost,2026-06-29,2026-07-09,Cancity,Darcel Schlecht
MG Advanced - Genco Pura Olive Oil Company (MRPSU52W),437697,lost,2026-06-29,2026-07-06,Genco Pura Olive Oil Company,Darcel Schlecht
GTX Plus Pro - Codehow (UKXRWZ3P),678927,won,2026-06-29,2026-07-01,Codehow,Darcel Schlecht
GTX Pro - Toughzap (C5XXGXUE),541929,won,2026-06-29,2026-07-06,Toughzap,Darcel Schlecht
GTX Basic - Warephase (2IYQ5ALK),70950,lost,2026-06-29,2026-07-04,Warephase,Jonathan Berthelot
GTX Plus Basic - dambase (K4GL9NDX),141384,lost,2026-06-29,2026-09-13,dambase,Jonathan Berthelot
GTX Plus Basic - Dontechi (OFKWBRP7),141384,lost,2026-06-29,2026-07-07,Dontechi,Jonathan Berthelot
GTX Plus Basic - Isdom (1AGL4X1J),141384,lost,2026-06-29,2026-09-14,Isdom,Jonathan Berthelot
GTX Pro - Groovestreet (TSU40NIZ),621909,lost,2026-06-29,2026-07-01,Groovestreet,Kami Bicknell
GTX Plus Basic - Sunnamplex (VSN0PA06),135192,won,2026-06-29,2026-06-30,Sunnamplex,Kami Bicknell
GTX Basic - Hatfan (FQODPHUL),81399,won,2026-06-29,2026-08-01,Hatfan,Kary Hendrixson
MG Advanced - Hottechi (KRUY5G5I),437697,lost,2026-06-29,2026-07-10,Hottechi,Lajuana Vencill
GTX Basic - Betatech (SCYV3JPO),69144,won,2026-06-29,2026-07-09,Betatech,Lajuana Vencill
GTX Plus Basic - Genco Pura Olive Oil Company (T91ZAQRH),145383,won,2026-06-29,2026-09-14,Genco Pura Olive Oil Company,Lajuana Vencill
GTX Plus Basic - Ron-tech (R293SULP),141384,lost,2026-06-29,2026-07-01,Ron-tech,Marty Freudenburg
MG Special - Cancity (UDKH3AM0),7224,won,2026-06-29,2026-07-06,Cancity,Marty Freudenburg
GTX Basic - Hottechi (I4T9W7NQ),70950,lost,2026-06-29,2026-09-11,Hottechi,Maureen Marcano
GTX Pro - Bluth Company (H4ZSZQ9V),539994,won,2026-06-29,2026-07-07,Bluth Company,Reed Clapper
MG Advanced - Konex (2GQAAHG6),473430,won,2026-06-29,2026-07-09,Konex,Reed Clapper
MG Advanced - Umbrella Corporation (7OGPA4I3),449178,won,2026-06-29,2026-07-09,Umbrella Corporation,Reed Clapper
GTX Plus Basic - Gekko & Co (54XJLU62),141384,lost,2026-06-29,2026-07-09,Gekko & Co,Rosie Papadopoulos
MG Special - Funholding (XSSK506P),7095,lost,2026-06-29,2026-07-01,Funholding,Versie Hillebrand
MG Special - Kinnamplus (AJKE7ACY),6450,won,2026-06-29,2026-07-08,Kinnamplus,Violet Mclelland
MG Advanced - Massive Dynamic (JPPLGVUS),468141,won,2026-06-29,2026-09-27,Massive Dynamic,Violet Mclelland
GTX Basic - Hottechi (O7B3XCKF),70950,lost,2026-06-29,2026-06-30,Hottechi,Zane Levy
GTX Pro - Groovestreet (5A7S6Z6P),621909,lost,2026-06-29,2026-07-08,Groovestreet,Zane Levy
GTX Basic - Condax (OOB372R5),70176,won,2026-06-29,2026-07-09,Condax,Zane Levy
GTX Plus Pro - Rundofase (L67B6CU2),707178,lost,2026-06-30,2026-07-06,Rundofase,Anna Snelling
MG Advanced - Stanredtax (6V0QV9CU),440535,won,2026-06-30,2026-07-07,Stanredtax,Cecily Lampkin
GTX Basic - Bubba Gump (0MXZ36G7),79464,won,2026-06-30,2026-07-01,Bubba Gump,Corliss Cosme
GTX Plus Basic - Donware (LMCHDMJX),135450,won,2026-06-30,2026-07-05,Donware,Daniell Hammack
MG Special - Toughzap (4HBU57OV),7482,won,2026-06-30,2026-07-07,Toughzap,Darcel Schlecht
MG Advanced - Zotware (AOIM2Y7M),497682,won,2026-06-30,2026-07-02,Zotware,Donn Cantrell
MG Special - Condax (5KC100IN),7095,lost,2026-06-30,2026-07-10,Condax,Elease Gluck
GTX Basic - Hottechi (OOFWSKFF),70950,lost,2026-06-30,2026-07-01,Hottechi,Gladys Colclough
GTX Plus Pro - Funholding (LV7HHGM4),707178,lost,2026-06-30,2026-07-02,Funholding,Gladys Colclough
MG Advanced - Ron-tech (HBZEI375),437697,lost,2026-06-30,2026-07-07,Ron-tech,Gladys Colclough
MG Advanced - Inity (GRQZZNQB),413703,won,2026-06-30,2026-08-05,Inity,Gladys Colclough
MG Advanced - Konex (1D8XLZQ8),489555,won,2026-06-30,2026-08-18,Konex,Hayden Neloms
MG Special - Rundofase (CAX04DY1),7095,lost,2026-06-30,2026-08-13,Rundofase,Jonathan Berthelot
GTX Plus Basic - J-Texon (ZVEH26GP),132612,won,2026-06-30,2026-07-05,J-Texon,Kami Bicknell
MG Special - Doncon (G7QR0SCP),8256,won,2026-06-30,2026-07-12,Doncon,Kami Bicknell
GTX Basic - New prospect (MYD4PBM9),70950,qualified,2026-06-30,,,Kary Hendrixson
GTX Pro - Rangreen (DUOS7AO8),621909,lost,2026-06-30,2026-08-21,Rangreen,Marty Freudenburg
GTX Plus Basic - Bluth Company (CCCQGBSY),165636,won,2026-06-30,2026-09-05,Bluth Company,Reed Clapper
GTX Pro - Iselectrics (C5Z2806X),650676,won,2026-06-30,2026-09-24,Iselectrics,Reed Clapper
MG Special - Y-corporation (2CY7OS6A),7095,lost,2026-06-30,2026-07-03,Y-corporation,Rosalina Dieter
MG Advanced - Rangreen (FZKX09GE),419766,won,2026-06-30,2026-07-06,Rangreen,Versie Hillebrand
GTX Plus Pro - New prospect (E2CJIO85),707178,qualified,2026-06-30,,,Vicki Laflamme
GTX Pro - Hottechi (R2PBFVU7),621909,lost,2026-06-30,2026-07-05,Hottechi,Vicki Laflamme
MG Special - Xx-zobam (D4SJ5G2G),7095,lost,2026-06-30,2026-09-19,Xx-zobam,Violet Mclelland
GTX Pro - Vehement Capital Partners (N2ESTUQT),661383,won,2026-06-30,2026-07-07,Vehement Capital Partners,Wilburn Farren
GTX Pro - Green-Plus (3QSM7X3W),541026,won,2026-06-30,2026-08-03,Green-Plus,Zane Levy
GTX Pro - Singletechno (UG4BHJRQ),529545,won,2026-06-30,2026-07-08,Singletechno,Zane Levy
MG Special - Cancity (NMF60XWK),7095,lost,2026-07-01,2026-07-10,Cancity,Anna Snelling
MG Special - Gogozoom (L6WEVHEN),7611,won,2026-07-01,2026-09-12,Gogozoom,Anna Snelling
MG Advanced - New prospect (EP5QRHID),437697,qualified,2026-07-01,,,Boris Faz
GTX Plus Pro - Bluth Company (EYWXCFXJ),707178,lost,2026-07-01,2026-07-29,Bluth Company,Boris Faz
MG Advanced - Acme Corporation (QC9B7V93),437697,lost,2026-07-01,2026-07-08,Acme Corporation,Boris Faz
MG Special - Bubba Gump (CPVW06O2),6966,won,2026-07-01,2026-07-08,Bubba Gump,Boris Faz
GTX Plus Pro - Plussunin (2KNVLXA4),772581,won,2026-07-01,2026-07-11,Plussunin,Cassey Cress
GTX Basic - New prospect (5WAKI1NB),70950,qualified,2026-07-01,,,Corliss Cosme
GTX Plus Basic - New prospect (LDJ6VTNW),141384,qualified,2026-07-01,,,Daniell Hammack
GTX Pro - Silis (YI8JSLKX),621909,lost,2026-07-01,2026-07-12,Silis,Daniell Hammack
GTX Pro - Betatech (E4O6XJ9E),621909,lost,2026-07-01,2026-07-09,Betatech,Darcel Schlecht
GTX Plus Pro - Finhigh (L7TT9ZL4),610815,won,2026-07-01,2026-09-17,Finhigh,Darcel Schlecht
GTX Pro - Rangreen (JD6WHH6G),652095,won,2026-07-01,2026-07-07,Rangreen,Darcel Schlecht
GTX Plus Pro - Fasehatice (93OFIHMF),583983,won,2026-07-01,2026-09-01,Fasehatice,James Ascencio
GTX Basic - dambase (9E7VMZ1J),70950,lost,2026-07-01,2026-09-19,dambase,Jonathan Berthelot
GTX Pro - Scottech (BUNGSHKB),621909,lost,2026-07-01,2026-07-12,Scottech,Jonathan Berthelot
MG Special - Inity (MK2YTCZN),7482,won,2026-07-01,2026-07-03,Inity,Jonathan Berthelot
GTX Basic - J-Texon (MZTB3C70),70950,lost,2026-07-01,2026-08-14,J-Texon,Kary Hendrixson
MG Special - Rantouch (LHG76MIU),7998,won,2026-07-01,2026-08-30,Rantouch,Markita Hansen
GTX Pro - Blackzim (SGAJAIP9),648354,won,2026-07-01,2026-09-16,Blackzim,Maureen Marcano
MG Special - Nam-zim (UZ9SEIZ9),7095,lost,2026-07-01,2026-07-10,Nam-zim,Vicki Laflamme
GTX Basic - Y-corporation (KDY5FEUO),63984,won,2026-07-01,2026-09-16,Y-corporation,Vicki Laflamme
GTX Pro - Gogozoom (1L68AC0E),621909,qualified,2026-07-01,,Gogozoom,Wilburn Farren
GTX Pro - Plusstrip (ZRMZJVWK),708339,won,2026-07-01,2026-09-24,Plusstrip,Zane Levy
MG Special - Hottechi (JAG873Y3),7095,lost,2026-07-02,2026-07-09,Hottechi,Anna Snelling
GTX Basic - Stanredtax (WQTR95J3),80238,won,2026-07-02,2026-07-08,Stanredtax,Cecily Lampkin
GTX Pro - Zotware (1FHY3UGF),621909,lost,2026-07-02,2026-07-10,Zotware,Corliss Cosme
GTX Plus Basic - Rangreen (B9KFRY53),146028,won,2026-07-02,2026-07-07,Rangreen,Darcel Schlecht
GTX Plus Pro - Condax (ZRCY8P4P),699438,won,2026-07-02,2026-09-10,Condax,Darcel Schlecht
GTX Pro - Inity (M3RME16Q),666930,won,2026-07-02,2026-07-11,Inity,Darcel Schlecht
GTX Pro - Stanredtax (YPRHMUIB),646161,won,2026-07-02,2026-09-18,Stanredtax,Darcel Schlecht
MG Advanced - Zathunicon (HM4ZINFJ),437697,lost,2026-07-02,2026-07-07,Zathunicon,Donn Cantrell
MG Special - New prospect (06C1N1F7),7095,qualified,2026-07-02,,,Elease Gluck
GTK 500 - Konex (6WIQG92N),3453072,lost,2026-07-02,2026-07-15,Konex,Elease Gluck
GTX Plus Pro - Acme Corporation (3JMB4J8E),687699,won,2026-07-02,2026-07-04,Acme Corporation,Garret Kinder
MG Advanced - Scotfind (FTZ4VYH4),437697,lost,2026-07-02,2026-09-09,Scotfind,Hayden Neloms
GTX Basic - Groovestreet (GEJKKFOL),70950,lost,2026-07-02,2026-07-07,Groovestreet,James Ascencio
GTX Pro - Labdrill (UYWQ5N0R),621909,lost,2026-07-02,2026-08-20,Labdrill,James Ascencio
GTX Plus Basic - Hatfan (NDAFT4KV),146028,won,2026-07-02,2026-07-15,Hatfan,James Ascencio
GTX Plus Pro - Blackzim (BO1GBSM0),645516,won,2026-07-02,2026-07-08,Blackzim,James Ascencio
GTX Basic - Inity (FSVEMKSG),71724,won,2026-07-02,2026-07-07,Inity,Jonathan Berthelot
MG Special - Gogozoom (V0XQVHQV),6837,won,2026-07-02,2026-07-09,Gogozoom,Jonathan Berthelot
GTX Pro - Finjob (TFZMFOH9),562698,won,2026-07-02,2026-08-21,Finjob,Kami Bicknell
GTX Pro - New prospect (VVE9HGLD),621909,qualified,2026-07-02,,,Kary Hendrixson
GTX Basic - Warephase (8T9ANK4E),70950,won,2026-07-02,2026-09-20,Warephase,Marty Freudenburg
MG Special - Stanredtax (76WXMI88),6450,won,2026-07-02,2026-09-24,Stanredtax,Moses Frase
GTX Plus Basic - Dontechi (ZH8XR8YT),141384,lost,2026-07-02,2026-07-10,Dontechi,Niesha Huffines
GTX Plus Basic - Dontechi (PR9HQKA7),141384,lost,2026-07-02,2026-07-12,Dontechi,Niesha Huffines
GTX Pro - Funholding (NMHDWGNT),621909,lost,2026-07-02,2026-07-12,Funholding,Niesha Huffines
GTX Pro - Gekko & Co (WX3CPDYD),599979,won,2026-07-02,2026-09-27,Gekko & Co,Reed Clapper
MG Advanced - Umbrella Corporation (3DF5FIAM),423765,won,2026-07-02,2026-09-13,Umbrella Corporation,Reed Clapper
GTX Basic - Faxquote (018KKT5I),70950,lost,2026-07-02,2026-07-08,Faxquote,Rosalina Dieter
MG Advanced - Umbrella Corporation (9AOPLD0O),387258,won,2026-07-02,2026-07-08,Umbrella Corporation,Rosie Papadopoulos
GTX Basic - Betatech (J54XWY0O),70950,lost,2026-07-02,2026-07-13,Betatech,Versie Hillebrand
MG Special - Conecom (FJEL0TDN),7482,won,2026-07-02,2026-07-04,Conecom,Versie Hillebrand
MG Special - Zoomit (I5JTM3EK),7095,lost,2026-07-02,2026-07-05,Zoomit,Vicki Laflamme
MG Advanced - Doncon (3Q5R6HAY),443115,won,2026-07-02,2026-07-05,Doncon,Vicki Laflamme
MG Special - Xx-holding (VOEOU1U6),7095,lost,2026-07-02,2026-07-04,Xx-holding,Zane Levy
MG Special - Funholding (52IHI8JD),7095,lost,2026-07-03,2026-08-21,Funholding,Anna Snelling
MG Advanced - Ron-tech (7QPQ40X9),437697,lost,2026-07-03,2026-07-05,Ron-tech,Anna Snelling
GTX Basic - Konex (KFZ37330),63468,won,2026-07-03,2026-09-10,Konex,Boris Faz
GTX Pro - Xx-zobam (T64JVA4T),567729,won,2026-07-03,2026-07-04,Xx-zobam,Boris Faz
MG Special - Zathunicon (Y5C1Q7UR),6450,won,2026-07-03,2026-09-22,Zathunicon,Cassey Cress
MG Advanced - Bubba Gump (VN0XOAB6),429957,won,2026-07-03,2026-08-09,Bubba Gump,Cassey Cress
GTX Plus Basic - Donware (MVZG0BSG),141255,won,2026-07-03,2026-07-13,Donware,Corliss Cosme
MG Advanced - New prospect (JIEO87ZV),437697,qualified,2026-07-03,,,Daniell Hammack
GTX Plus Pro - dambase (EM1W738H),721755,won,2026-07-03,2026-08-19,dambase,Darcel Schlecht
GTX Pro - Finhigh (13WLN2MJ),575469,won,2026-07-03,2026-07-05,Finhigh,Darcel Schlecht
GTX Plus Basic - Yearin (M4NNI01I),141384,lost,2026-07-03,2026-07-13,Yearin,Donn Cantrell
MG Special - New prospect (MIA65OVY),7095,qualified,2026-07-03,,,Elease Gluck
GTX Basic - Streethex (U3FTUG3T),53535,won,2026-07-03,2026-08-17,Streethex,Gladys Colclough
MG Advanced - Stanredtax (RS13M1ZP),414348,won,2026-07-03,2026-07-05,Stanredtax,Gladys Colclough
GTX Basic - Groovestreet (10B65ZN9),58953,won,2026-07-03,2026-09-27,Groovestreet,James Ascencio
GTX Plus Basic - Condax (V4YBVSJ4),141384,lost,2026-07-03,2026-07-14,Condax,Jonathan Berthelot
GTX Basic - Codehow (LVMPJ8JN),70434,won,2026-07-03,2026-09-27,Codehow,Jonathan Berthelot
GTX Plus Basic - Statholdings (OV0LOPAA),141384,lost,2026-07-03,2026-07-09,Statholdings,Lajuana Vencill
GTX Basic - Globex Corporation (0ISX53T3),58437,won,2026-07-03,2026-09-17,Globex Corporation,Lajuana Vencill
GTX Pro - Hatfan (KL8PCQXC),621909,lost,2026-07-03,2026-07-12,Hatfan,Markita Hansen
GTX Basic - dambase (Q4KZSJ6Q),65790,won,2026-07-03,2026-07-04,dambase,Moses Frase
GTX Basic - Gogozoom (1IABHXOP),71208,won,2026-07-03,2026-07-11,Gogozoom,Moses Frase
MG Advanced - Zencorporation (2RE0MZGV),413187,won,2026-07-03,2026-07-04,Zencorporation,Reed Clapper
GTX Plus Pro - The New York Inquirer (JLKLRCFZ),803412,won,2026-07-03,2026-07-11,The New York Inquirer,Rosie Papadopoulos
MG Special - dambase (2X9KWWCP),7611,won,2026-07-03,2026-07-08,dambase,Versie Hillebrand
GTX Pro - Mathtouch (IF2BUC3Q),621909,lost,2026-07-03,2026-07-05,Mathtouch,Wilburn Farren
GTX Plus Basic - Condax (GU4HXZ55),145641,won,2026-07-03,2026-09-19,Condax,Zane Levy
GTX Plus Pro - Streethex (JQK0EF45),690021,won,2026-07-04,2026-07-10,Streethex,Anna Snelling
GTX Plus Basic - Umbrella Corporation (YUUD6GIT),148092,won,2026-07-04,2026-08-16,Umbrella Corporation,Boris Faz
GTX Basic - Zotware (FBDZ4LCK),70950,lost,2026-07-04,2026-07-05,Zotware,Cassey Cress
MG Special - Toughzap (SQMPV6L6),6708,won,2026-07-04,2026-07-16,Toughzap,Cecily Lampkin
MG Advanced - Finhigh (N9ZBEJFI),419637,won,2026-07-04,2026-09-24,Finhigh,Cecily Lampkin
GTX Plus Basic - Gekko & Co (EKXXH9IK),163443,won,2026-07-04,2026-08-01,Gekko & Co,Daniell Hammack
GTX Plus Basic - Initech (OC6ZMTK5),141384,won,2026-07-04,2026-07-10,Initech,Daniell Hammack
MG Advanced - Hottechi (M57LZE5F),437697,lost,2026-07-04,2026-09-19,Hottechi,Darcel Schlecht
MG Special - Genco Pura Olive Oil Company (1XO519P4),6966,won,2026-07-04,2026-09-26,Genco Pura Olive Oil Company,Darcel Schlecht
MG Advanced - Green-Plus (UBWO7HIV),424797,won,2026-07-04,2026-09-09,Green-Plus,Hayden Neloms
GTX Pro - Rundofase (00X8VEYH),568116,won,2026-07-04,2026-09-18,Rundofase,Jonathan Berthelot
GTX Pro - Zumgoity (ZJ11PBUV),672348,won,2026-07-04,2026-07-06,Zumgoity,Jonathan Berthelot
GTX Basic - Plexzap (GJX7YGIF),70950,lost,2026-07-04,2026-08-22,Plexzap,Kami Bicknell
GTX Basic - Dalttechnology (MF6S92GQ),62952,won,2026-07-04,2026-09-04,Dalttechnology,Kary Hendrixson
GTX Basic - Globex Corporation (KTZDTM8W),76626,won,2026-07-04,2026-07-10,Globex Corporation,Lajuana Vencill
GTX Basic - Singletechno (SH0S5N6U),59856,won,2026-07-04,2026-09-26,Singletechno,Markita Hansen
MG Special - Cheers (M3306MKK),6837,won,2026-07-04,2026-09-09,Cheers,Markita Hansen
GTX Plus Basic - Finhigh (5H27L6YI),141384,lost,2026-07-04,2026-07-12,Finhigh,Marty Freudenburg
GTX Basic - Streethex (FCEJCRKY),85269,won,2026-07-04,2026-07-05,Streethex,Marty Freudenburg
GTX Plus Basic - Genco Pura Olive Oil Company (FTVBHHFC),159960,won,2026-07-04,2026-07-11,Genco Pura Olive Oil Company,Marty Freudenburg
MG Advanced - Isdom (CXE6ORIJ),356427,won,2026-07-04,2026-09-16,Isdom,Marty Freudenburg
GTX Basic - Condax (QFIEJY21),78690,won,2026-07-04,2026-09-01,Condax,Maureen Marcano
MG Special - Hatfan (4OUTIJAR),7611,won,2026-07-04,2026-09-10,Hatfan,Maureen Marcano
GTX Basic - Rangreen (R19OP4QL),74433,won,2026-07-04,2026-07-16,Rangreen,Moses Frase
MG Special - Kan-code (UU7QH2WX),7095,lost,2026-07-04,2026-07-12,Kan-code,Rosalina Dieter
GTX Plus Basic - Finjob (O7WVUMZ5),146931,won,2026-07-04,2026-07-06,Finjob,Vicki Laflamme
GTX Plus Pro - Treequote (NRMFYPAD),778902,won,2026-07-05,2026-09-26,Treequote,Anna Snelling
GTX Pro - Umbrella Corporation (63HMAJCZ),594045,won,2026-07-05,2026-07-11,Umbrella Corporation,Boris Faz
MG Advanced - Konex (MR49QBLO),421056,won,2026-07-05,2026-08-18,Konex,Boris Faz
MG Advanced - Betasoloin (V7C6RT5S),447888,won,2026-07-05,2026-07-14,Betasoloin,Cassey Cress
GTX Plus Basic - Rangreen (G1POINXI),152994,won,2026-07-05,2026-07-12,Rangreen,Cecily Lampkin
GTX Basic - Zotware (S181FZ0Y),70950,lost,2026-07-05,2026-07-13,Zotware,Corliss Cosme
GTX Pro - Sumace (5J7T0GZU),640356,won,2026-07-05,2026-09-10,Sumace,Daniell Hammack
MG Special - Domzoom (0IAJNXTD),7095,lost,2026-07-05,2026-07-07,Domzoom,Darcel Schlecht
GTX Plus Basic - Massive Dynamic (RMQME3N0),141384,lost,2026-07-05,2026-08-18,Massive Dynamic,Donn Cantrell
MG Advanced - Vehement Capital Partners (G8C3GRPO),362748,won,2026-07-05,2026-07-17,Vehement Capital Partners,Garret Kinder
GTX Plus Basic - Globex Corporation (IY3U40F8),141384,lost,2026-07-05,2026-07-11,Globex Corporation,Gladys Colclough
GTX Pro - Toughzap (OZFSBIDF),621909,lost,2026-07-05,2026-07-06,Toughzap,Gladys Colclough
MG Advanced - Blackzim (IEJHIQYI),453693,won,2026-07-05,2026-09-18,Blackzim,Hayden Neloms
GTX Pro - dambase (6SQHVC0S),621909,lost,2026-07-05,2026-09-22,dambase,Jonathan Berthelot
GTX Plus Basic - New prospect (L9EVLHSJ),141384,qualified,2026-07-05,,,Kami Bicknell
GTX Basic - Sunnamplex (DIGZWVHI),70950,lost,2026-07-05,2026-07-06,Sunnamplex,Kami Bicknell
GTX Basic - Xx-holding (1ZT4IROS),78432,won,2026-07-05,2026-07-07,Xx-holding,Kami Bicknell
GTX Plus Pro - Fasehatice (60QEB2FZ),643581,won,2026-07-05,2026-07-13,Fasehatice,Kary Hendrixson
GTX Pro - Newex (2PX317QP),616620,won,2026-07-05,2026-08-20,Newex,Kary Hendrixson
MG Special - New prospect (O691ZXXH),7095,qualified,2026-07-05,,,Markita Hansen
GTX Plus Basic - Blackzim (2T0GMDKK),141384,lost,2026-07-05,2026-07-07,Blackzim,Markita Hansen
MG Special - Labdrill (ZK6HTTBB),7095,lost,2026-07-05,2026-07-11,Labdrill,Markita Hansen
MG Special - Zoomit (V74YPMJ4),7095,lost,2026-07-05,2026-07-17,Zoomit,Rosalina Dieter
MG Advanced - Newex (8ZIX3LAF),389967,won,2026-07-05,2026-07-06,Newex,Vicki Laflamme
MG Special - New prospect (QDBJOE9M),7095,qualified,2026-07-05,,,Zane Levy
GTX Plus Pro - Conecom (IVMMNSJB),707178,lost,2026-07-06,2026-07-14,Conecom,Anna Snelling
MG Advanced - Ron-tech (H9M21153),399900,won,2026-07-06,2026-07-17,Ron-tech,Anna Snelling
GTX Plus Pro - Donquadtech (JV0KXH4X),826374,won,2026-07-06,2026-09-26,Donquadtech,Boris Faz
GTX Plus Pro - Kinnamplus (V9UM2K16),736719,won,2026-07-06,2026-07-12,Kinnamplus,Corliss Cosme
GTX Pro - New prospect (ZEYGDEBG),621909,qualified,2026-07-06,,,Daniell Hammack
MG Special - Ontomedia (SRV6TQ2E),7482,won,2026-07-06,2026-07-15,Ontomedia,Daniell Hammack
GTX Pro - Statholdings (94GJ7WZV),621909,lost,2026-07-06,2026-07-07,Statholdings,Darcel Schlecht
GTX Basic - Zotware (B24YQ6LA),71208,won,2026-07-06,2026-07-07,Zotware,Garret Kinder
MG Advanced - The New York Inquirer (RYELEM60),414735,won,2026-07-06,2026-07-17,The New York Inquirer,Garret Kinder
GTX Basic - Konmatfix (RL26ZS8F),70950,lost,2026-07-06,2026-08-24,Konmatfix,Gladys Colclough
GTX Plus Basic - Finjob (JKIAA2TF),143448,won,2026-07-06,2026-08-20,Finjob,James Ascencio
GTX Basic - Stanredtax (HTK2UHC8),70950,lost,2026-07-06,2026-07-18,Stanredtax,Jonathan Berthelot
GTX Plus Basic - Warephase (SPRK2YOB),153510,won,2026-07-06,2026-08-22,Warephase,Jonathan Berthelot
GTX Basic - Finjob (8F7VHV02),57534,won,2026-07-06,2026-09-18,Finjob,Kami Bicknell
GTX Basic - Konex (7FGVY6GK),72885,won,2026-07-06,2026-07-07,Konex,Kami Bicknell
GTX Basic - Singletechno (6IZZL97A),70950,lost,2026-07-06,2026-07-15,Singletechno,Kary Hendrixson
MG Special - New prospect (0HUWQWOJ),7095,qualified,2026-07-06,,,Markita Hansen
GTX Pro - Singletechno (C35YI5NJ),613137,won,2026-07-06,2026-09-21,Singletechno,Markita Hansen
GTX Plus Basic - Genco Pura Olive Oil Company (6U30UYDT),141384,lost,2026-07-06,2026-08-27,Genco Pura Olive Oil Company,Marty Freudenburg
GTX Basic - Sunnamplex (ZXOHD0KE),70950,lost,2026-07-06,2026-07-16,Sunnamplex,Maureen Marcano
GTX Basic - Statholdings (77Q6KD0O),70950,lost,2026-07-06,2026-07-18,Statholdings,Niesha Huffines
GTX Plus Basic - Stanredtax (JIH6P53I),145641,won,2026-07-06,2026-07-07,Stanredtax,Niesha Huffines
MG Special - Sunnamplex (WKTVP5WY),7224,won,2026-07-06,2026-07-07,Sunnamplex,Rosalina Dieter
MG Advanced - Singletechno (10N0ZBYO),443115,won,2026-07-06,2026-07-08,Singletechno,Rosalina Dieter
MG Advanced - Rangreen (IUVAUQ6I),497940,won,2026-07-06,2026-07-11,Rangreen,Versie Hillebrand
MG Special - Yearin (YH5L64AP),7095,lost,2026-07-06,2026-09-19,Yearin,Violet Mclelland
GTX Basic - Hottechi (A71ENBVA),70950,lost,2026-07-06,2026-07-14,Hottechi,Zane Levy
MG Advanced - Condax (4X8WU71C),437697,lost,2026-07-06,2026-07-08,Condax,Zane Levy
GTX Basic - Y-corporation (03H4RXBI),62178,won,2026-07-06,2026-09-13,Y-corporation,Zane Levy
MG Special - Codehow (MQVOQZL7),7095,lost,2026-07-07,2026-07-16,Codehow,Anna Snelling
GTX Plus Basic - Gogozoom (OHD4TPKZ),150414,won,2026-07-07,2026-07-08,Gogozoom,Anna Snelling
MG Special - Kinnamplus (V4PVZC5L),7095,lost,2026-07-07,2026-07-15,Kinnamplus,Boris Faz
GTX Plus Basic - Kan-code (9G85W8XE),141384,lost,2026-07-07,2026-07-12,Kan-code,Corliss Cosme
GTX Plus Basic - Yearin (S6DXPVLA),141384,lost,2026-07-07,2026-08-10,Yearin,Daniell Hammack
GTX Pro - Zencorporation (MKI4TLUN),659448,won,2026-07-07,2026-09-14,Zencorporation,Daniell Hammack
GTX Plus Basic - Toughzap (H41YA4SB),141384,lost,2026-07-07,2026-09-22,Toughzap,Darcel Schlecht
GTX Pro - Warephase (MW4MSIWW),621909,lost,2026-07-07,2026-07-11,Warephase,Darcel Schlecht
MG Advanced - Lexiqvolax (XSQOEHEA),437697,lost,2026-07-07,2026-07-12,Lexiqvolax,Hayden Neloms
MG Advanced - Treequote (GQT2DFWZ),502068,won,2026-07-07,2026-07-17,Treequote,Jonathan Berthelot
GTX Basic - Dalttechnology (IQ9GMTBR),61017,won,2026-07-07,2026-07-08,Dalttechnology,Kami Bicknell
GTX Basic - Groovestreet (ZR8H455M),70950,lost,2026-07-07,2026-07-11,Groovestreet,Kary Hendrixson
GTX Plus Basic - Scotfind (3F2EMUQ7),141384,lost,2026-07-07,2026-07-08,Scotfind,Kary Hendrixson
GTX Basic - Faxquote (VB26KWQ6),65919,won,2026-07-07,2026-08-17,Faxquote,Kary Hendrixson
GTX Basic - Hottechi (7J1UD7ZW),65661,won,2026-07-07,2026-07-09,Hottechi,Kary Hendrixson
GTX Basic - Labdrill (VR6NO9FA),68112,won,2026-07-07,2026-07-19,Labdrill,Kary Hendrixson
GTX Basic - Sunnamplex (O8QGRK5P),70821,won,2026-07-07,2026-07-11,Sunnamplex,Kary Hendrixson
GTX Basic - Rundofase (BOD1GBJU),70950,lost,2026-07-07,2026-09-21,Rundofase,Lajuana Vencill
MG Special - Gogozoom (TN3IRRND),7095,lost,2026-07-07,2026-07-16,Gogozoom,Lajuana Vencill
GTX Basic - Scottech (PR224V1P),70950,lost,2026-07-07,2026-07-16,Scottech,Marty Freudenburg
MG Advanced - Globex Corporation (60RDU2SZ),461562,won,2026-07-07,2026-07-14,Globex Corporation,Marty Freudenburg
GTX Basic - dambase (X2I316HD),67467,won,2026-07-07,2026-09-25,dambase,Moses Frase
GTX Pro - Zencorporation (K5DNNWYT),590175,won,2026-07-07,2026-07-08,Zencorporation,Rosie Papadopoulos
GTX Pro - Plusstrip (941E65Z7),587208,won,2026-07-07,2026-07-09,Plusstrip,Vicki Laflamme
GTX Basic - Konex (77UHLYMA),70950,lost,2026-07-07,2026-07-08,Konex,Zane Levy
GTX Basic - Blackzim (VR1XYM23),71079,won,2026-07-07,2026-09-19,Blackzim,Zane Levy
GTX Basic - Faxquote (TQ6BTW2Z),70305,won,2026-07-07,2026-07-15,Faxquote,Zane Levy
GTX Plus Basic - Y-corporation (IVSOSC0E),146286,won,2026-07-07,2026-07-12,Y-corporation,Zane Levy
MG Advanced - Statholdings (KI4LTBV6),437697,lost,2026-07-08,2026-07-10,Statholdings,Anna Snelling
MG Advanced - Scottech (4VZ0JIVZ),442986,won,2026-07-08,2026-07-13,Scottech,Anna Snelling
GTX Basic - Condax (FNCXBWHQ),65145,won,2026-07-08,2026-09-23,Condax,Boris Faz
GTX Plus Basic - Ganjaflex (Q306R9K4),137514,won,2026-07-08,2026-07-18,Ganjaflex,Boris Faz
GTX Basic - Zathunicon (KHRY7J40),74820,won,2026-07-08,2026-08-09,Zathunicon,Cassey Cress
GTX Pro - Initech (AP9MLRZJ),580629,won,2026-07-08,2026-09-16,Initech,Corliss Cosme
GTX Plus Basic - Globex Corporation (46JP2TQB),141384,lost,2026-07-08,2026-07-16,Globex Corporation,Darcel Schlecht
GTX Plus Pro - Rundofase (W48N7MRO),707178,lost,2026-07-08,2026-07-10,Rundofase,Darcel Schlecht
GTX Plus Pro - Treequote (X4LSK4OE),797478,won,2026-07-08,2026-07-31,Treequote,Darcel Schlecht
GTX Pro - Bubba Gump (M1ZZYSTB),614427,won,2026-07-08,2026-07-09,Bubba Gump,Donn Cantrell
MG Advanced - Gekko & Co (0UOIGVEO),390096,won,2026-07-08,2026-07-17,Gekko & Co,Donn Cantrell
MG Special - Ganjaflex (AK9OXW30),7095,lost,2026-07-08,2026-07-09,Ganjaflex,Garret Kinder
GTX Basic - Green-Plus (CFGYG1EC),70950,lost,2026-07-08,2026-07-10,Green-Plus,James Ascencio
GTX Plus Pro - Goodsilron (TS3P4VMD),870879,won,2026-07-08,2026-07-16,Goodsilron,James Ascencio
MG Special - Goodsilron (8PEB9FHX),6966,won,2026-07-08,2026-07-15,Goodsilron,James Ascencio
GTX Basic - Stanredtax (V1YT1LP1),76368,won,2026-07-08,2026-09-21,Stanredtax,Jonathan Berthelot
GTX Plus Basic - Cancity (DTIZX4YN),125001,won,2026-07-08,2026-07-19,Cancity,Jonathan Berthelot
MG Special - Dalttechnology (KMBY0IGV),6192,won,2026-07-08,2026-07-09,Dalttechnology,Kami Bicknell
GTX Basic - Konex (XULGG5K8),70950,lost,2026-07-08,2026-07-10,Konex,Kary Hendrixson
GTX Plus Basic - Labdrill (KP8ZZ3Y6),141384,lost,2026-07-08,2026-09-19,Labdrill,Kary Hendrixson
GTX Plus Pro - Hatfan (SBF5S7LF),845595,won,2026-07-08,2026-07-18,Hatfan,Kary Hendrixson
MG Advanced - Treequote (YIA65LM2),437697,lost,2026-07-08,2026-07-16,Treequote,Lajuana Vencill
MG Special - New prospect (8SLDCS0F),7095,qualified,2026-07-08,,,Markita Hansen
GTX Plus Pro - Bioholding (TVBY6CND),679959,won,2026-07-08,2026-09-11,Bioholding,Marty Freudenburg
MG Advanced - Zoomit (OHOWVHYX),437697,qualified,2026-07-08,,Zoomit,Rosalina Dieter
MG Special - Kan-code (EC9H6XHB),7095,lost,2026-07-08,2026-08-19,Kan-code,Rosie Papadopoulos
GTX Basic - Yearin (47QKNXLO),60888,won,2026-07-08,2026-09-06,Yearin,Rosie Papadopoulos
GTX Plus Pro - Cancity (VW2PJALW),672219,won,2026-07-08,2026-08-26,Cancity,Versie Hillebrand
GTX Basic - Y-corporation (GVLIYD9A),55470,won,2026-07-08,2026-09-07,Y-corporation,Vicki Laflamme
GTX Basic - Silis (F761DF0M),70950,qualified,2026-07-08,,Silis,Zane Levy
GTX Basic - Fasehatice (II1GOQWL),70950,lost,2026-07-08,2026-07-17,Fasehatice,Zane Levy
GTX Pro - Singletechno (4P5BOQB5),586305,won,2026-07-08,2026-09-18,Singletechno,Zane Levy
GTX Plus Basic - Umbrella Corporation (QYYOVTHC),141384,lost,2026-07-09,2026-07-16,Umbrella Corporation,Boris Faz
GTX Plus Basic - New prospect (4O3EPWFR),141384,qualified,2026-07-09,,,Corliss Cosme
MG Special - Zumgoity (AADN7F5T),7095,lost,2026-07-09,2026-07-14,Zumgoity,Darcel Schlecht
MG Advanced - Ron-tech (U8CWFFRH),437697,lost,2026-07-09,2026-07-10,Ron-tech,Jonathan Berthelot
GTX Basic - Scottech (35HVN8Q3),68112,won,2026-07-09,2026-07-18,Scottech,Jonathan Berthelot
GTX Pro - Conecom (PNNZM0OZ),653256,won,2026-07-09,2026-09-24,Conecom,Jonathan Berthelot
MG Advanced - Conecom (UYZQCWAC),413187,won,2026-07-09,2026-09-02,Conecom,Jonathan Berthelot
GTX Basic - Scotfind (K0YFUK4X),70821,won,2026-07-09,2026-07-30,Scotfind,Kami Bicknell
GTX Basic - Dalttechnology (TUL0TZSR),76626,won,2026-07-09,2026-07-20,Dalttechnology,Kary Hendrixson
GTX Basic - Globex Corporation (LS2A22IA),70950,lost,2026-07-09,2026-07-18,Globex Corporation,Lajuana Vencill
GTX Basic - Globex Corporation (L5K0S1U3),70950,lost,2026-07-09,2026-07-19,Globex Corporation,Lajuana Vencill
GTX Basic - Labdrill (82LY53FE),68241,won,2026-07-09,2026-07-29,Labdrill,Markita Hansen
GTX Pro - Fasehatice (XRJTRP20),581145,won,2026-07-09,2026-07-14,Fasehatice,Maureen Marcano
GTX Basic - Finhigh (D00FIU21),58953,won,2026-07-09,2026-09-07,Finhigh,Moses Frase
MG Advanced - Warephase (C48I5WD9),398610,won,2026-07-09,2026-07-10,Warephase,Moses Frase
MG Special - Zencorporation (HG0N3NJ4),6837,won,2026-07-09,2026-07-11,Zencorporation,Reed Clapper
GTX Plus Basic - Gekko & Co (5ZUKTSJV),129516,won,2026-07-09,2026-07-14,Gekko & Co,Violet Mclelland
MG Advanced - Hottechi (CD5B8P8U),437697,lost,2026-07-09,2026-07-16,Hottechi,Zane Levy
GTX Basic - J-Texon (MBYY3F5P),89784,won,2026-07-09,2026-07-18,J-Texon,Zane Levy
MG Special - Treequote (0V9YEQDU),7095,lost,2026-07-10,2026-07-19,Treequote,Anna Snelling
GTX Plus Basic - Opentech (76GEYK0T),114552,won,2026-07-10,2026-07-20,Opentech,Cassey Cress
MG Advanced - Warephase (0QUXNGR1),437697,lost,2026-07-10,2026-07-15,Warephase,Cecily Lampkin
GTX Plus Basic - Zathunicon (4N9E1F86),141384,lost,2026-07-10,2026-07-17,Zathunicon,Corliss Cosme
GTX Plus Pro - Yearin (895XMROB),707178,lost,2026-07-10,2026-08-18,Yearin,Corliss Cosme
GTX Pro - Konex (LFMLZPA5),621909,lost,2026-07-10,2026-07-19,Konex,Daniell Hammack
GTX Pro - Gogozoom (H54N095V),614943,won,2026-07-10,2026-07-21,Gogozoom,Darcel Schlecht
GTX Pro - Hottechi (FQPECFYO),628101,won,2026-07-10,2026-09-16,Hottechi,Darcel Schlecht
MG Advanced - Ron-tech (933OT3AE),448275,won,2026-07-10,2026-07-11,Ron-tech,Darcel Schlecht
GTX Basic - Initech (5HDKACI4),70950,lost,2026-07-10,2026-07-12,Initech,Donn Cantrell
MG Special - Donware (GVEUKZ72),7095,lost,2026-07-10,2026-09-05,Donware,Donn Cantrell
MG Advanced - Kan-code (YHOVVBSP),437697,lost,2026-07-10,2026-09-06,Kan-code,Donn Cantrell
GTX Plus Basic - Rantouch (ZN6HXJ5F),141384,lost,2026-07-10,2026-07-17,Rantouch,Hayden Neloms
MG Advanced - Kan-code (3IQ19UZ2),419250,won,2026-07-10,2026-07-11,Kan-code,Hayden Neloms
GTX Plus Pro - Singletechno (R2CG5WED),707178,lost,2026-07-10,2026-08-30,Singletechno,James Ascencio
GTX Plus Basic - New prospect (QCBO7C6E),141384,qualified,2026-07-10,,,Kami Bicknell
GTX Basic - Hottechi (ORYORRQV),70950,qualified,2026-07-10,,Hottechi,Kary Hendrixson
GTX Basic - New prospect (NGG8O0JX),70950,qualified,2026-07-10,,,Markita Hansen
MG Advanced - Nam-zim (GH0FU105),437697,lost,2026-07-10,2026-07-15,Nam-zim,Markita Hansen
MG Advanced - Cheers (NDIZ18GW),437697,lost,2026-07-10,2026-07-22,Cheers,Maureen Marcano
MG Advanced - Inity (BRIOGGKC),437697,lost,2026-07-10,2026-08-26,Inity,Moses Frase
GTX Plus Basic - Rangreen (GZYL4SG1),126162,won,2026-07-10,2026-07-23,Rangreen,Moses Frase
MG Special - Bubba Gump (7ZASHEBX),6321,won,2026-07-10,2026-09-10,Bubba Gump,Reed Clapper
MG Special - Stanredtax (WJ9JNMJ2),6321,won,2026-07-10,2026-07-21,Stanredtax,Versie Hillebrand
GTX Plus Pro - Xx-holding (N3OWNMD3),707178,lost,2026-07-10,2026-07-19,Xx-holding,Vicki Laflamme
GTX Basic - Hottechi (8U3LICIW),72627,won,2026-07-10,2026-09-06,Hottechi,Vicki Laflamme
GTX Plus Basic - Umbrella Corporation (JALBPRSF),141384,lost,2026-07-10,2026-07-18,Umbrella Corporation,Violet Mclelland
MG Special - Donware (0E1HHXGB),7095,lost,2026-07-10,2026-07-12,Donware,Violet Mclelland
MG Special - Zencorporation (MJXPSHYT),6837,won,2026-07-10,2026-07-21,Zencorporation,Violet Mclelland
GTX Plus Basic - Rangreen (AF8SULB0),150672,won,2026-07-11,2026-07-23,Rangreen,Cecily Lampkin
GTX Basic - The New York Inquirer (N8BM4XEP),72240,won,2026-07-11,2026-08-14,The New York Inquirer,Corliss Cosme
GTX Plus Basic - Gekko & Co (FZGBRGHF),141384,lost,2026-07-11,2026-09-26,Gekko & Co,Daniell Hammack
GTX Pro - Stanredtax (36PET9WM),621909,lost,2026-07-11,2026-07-12,Stanredtax,Darcel Schlecht
MG Special - Bioholding (GRO3S3HV),7095,lost,2026-07-11,2026-07-18,Bioholding,Darcel Schlecht
GTX Pro - Dontechi (KG9R5M1Y),620490,won,2026-07-11,2026-07-15,Dontechi,Darcel Schlecht
MG Special - Donware (R0S5FZ1G),7095,lost,2026-07-11,2026-07-29,Donware,Donn Cantrell
GTX Pro - Silis (3W1Y39BY),583209,won,2026-07-11,2026-07-21,Silis,Donn Cantrell
GTX Basic - Opentech (G58GOO4N),70950,lost,2026-07-11,2026-07-15,Opentech,Garret Kinder
GTX Plus Basic - Donquadtech (JF0F2J5W),141384,lost,2026-07-11,2026-07-12,Donquadtech,Garret Kinder
GTX Plus Basic - Hatfan (93AE6QM4),113649,won,2026-07-11,2026-07-12,Hatfan,Hayden Neloms
GTX Basic - Finjob (0YM4VJDP),70950,lost,2026-07-11,2026-08-27,Finjob,James Ascencio
GTX Basic - Conecom (ICD9OMSF),60888,won,2026-07-11,2026-07-19,Conecom,Jonathan Berthelot
GTX Basic - Newex (IHJEX21Z),72498,won,2026-07-11,2026-08-30,Newex,Kami Bicknell
GTX Basic - Conecom (8JORJ1SS),70950,lost,2026-07-11,2026-07-17,Conecom,Lajuana Vencill
MG Special - Toughzap (0NKINI7S),5418,won,2026-07-11,2026-07-13,Toughzap,Lajuana Vencill
GTX Pro - Streethex (QFLFLCD0),621909,lost,2026-07-11,2026-07-15,Streethex,Marty Freudenburg
GTX Basic - Dontechi (OB3OK8BQ),79335,won,2026-07-11,2026-09-22,Dontechi,Marty Freudenburg
GTX Plus Basic - Ron-tech (5S3RN7H2),141384,lost,2026-07-11,2026-09-27,Ron-tech,Niesha Huffines
MG Advanced - Newex (6YCRJK5W),437697,lost,2026-07-11,2026-07-20,Newex,Rosalina Dieter
MG Special - Scottech (FDMK85GD),7482,won,2026-07-11,2026-07-19,Scottech,Versie Hillebrand
GTX Plus Pro - New prospect (DYYJW46L),707178,qualified,2026-07-11,,,Vicki Laflamme
MG Special - Green-Plus (EVKQXZV6),7095,lost,2026-07-11,2026-07-29,Green-Plus,Vicki Laflamme
GTX Plus Pro - Hatfan (IDO6PU1B),707178,lost,2026-07-11,2026-07-20,Hatfan,Zane Levy
GTX Pro - Xx-holding (CYAL1N0B),629778,won,2026-07-11,2026-07-12,Xx-holding,Zane Levy
MG Special - Isdom (9GSBUJMH),7095,lost,2026-07-12,2026-07-21,Isdom,Anna Snelling
GTX Pro - Toughzap (XSTGL252),621909,qualified,2026-07-12,,Toughzap,Cassey Cress
GTX Plus Pro - Zotware (ECB42PGL),707178,lost,2026-07-12,2026-07-21,Zotware,Cassey Cress
MG Advanced - Streethex (PYIP2H5Z),437697,lost,2026-07-12,2026-07-13,Streethex,Cecily Lampkin
GTX Plus Pro - Ganjaflex (129P48QP),707178,lost,2026-07-12,2026-07-22,Ganjaflex,Daniell Hammack
GTX Pro - Kinnamplus (BUFF2EP5),659577,won,2026-07-12,2026-07-29,Kinnamplus,Daniell Hammack
GTX Plus Basic - Ron-tech (IQRA0Q8C),148866,won,2026-07-12,2026-07-13,Ron-tech,Darcel Schlecht
GTX Pro - Dontechi (14P6935C),630165,won,2026-07-12,2026-07-13,Dontechi,Darcel Schlecht
GTX Pro - Streethex (U220GK9W),636744,won,2026-07-12,2026-07-13,Streethex,Darcel Schlecht
GTX Plus Basic - Condax (03R1VC7O),136998,won,2026-07-12,2026-07-25,Condax,Donn Cantrell
GTX Pro - Codehow (LUFR7MJC),621909,lost,2026-07-12,2026-07-16,Codehow,Gladys Colclough
MG Special - Faxquote (8EX2PGAY),7095,lost,2026-07-12,2026-07-18,Faxquote,Hayden Neloms
GTX Plus Basic - Groovestreet (C0H6SU2X),123066,won,2026-07-12,2026-09-16,Groovestreet,Hayden Neloms
GTX Basic - Finjob (94JOUSW7),70950,lost,2026-07-12,2026-07-20,Finjob,Kary Hendrixson
GTX Basic - Konex (9RC58SP0),70950,lost,2026-07-12,2026-07-23,Konex,Kary Hendrixson
GTX Plus Basic - Xx-holding (XFNYWN7B),111972,won,2026-07-12,2026-07-13,Xx-holding,Kary Hendrixson
GTX Plus Pro - Doncon (6NFIUDKS),756843,won,2026-07-12,2026-08-23,Doncon,Kary Hendrixson
GTX Pro - Fasehatice (4TD018BE),689376,won,2026-07-12,2026-07-13,Fasehatice,Kary Hendrixson
MG Special - dambase (SWKGC34P),7095,lost,2026-07-12,2026-07-18,dambase,Lajuana Vencill
GTX Plus Pro - Globex Corporation (C3Y94J5R),707178,lost,2026-07-12,2026-07-21,Globex Corporation,Marty Freudenburg
GTX Pro - Streethex (2H45C9FK),621909,lost,2026-07-12,2026-07-20,Streethex,Marty Freudenburg
GTX Plus Pro - Codehow (LFM4SMIA),702921,won,2026-07-12,2026-07-20,Codehow,Moses Frase
MG Advanced - The New York Inquirer (MEXK5KU6),437697,lost,2026-07-12,2026-09-23,The New York Inquirer,Reed Clapper
GTX Plus Pro - Initech (UDXS7H12),580500,won,2026-07-12,2026-08-25,Initech,Reed Clapper
MG Special - Inity (4G61Z1HD),7095,lost,2026-07-12,2026-07-22,Inity,Versie Hillebrand
MG Special - Sumace (X4KAK55N),6579,won,2026-07-12,2026-07-20,Sumace,Wilburn Farren
GTX Plus Pro - Dalttechnology (AHOYDL01),856173,won,2026-07-12,2026-07-20,Dalttechnology,Zane Levy
MG Special - Stanredtax (R5ILWVDD),7353,won,2026-07-13,2026-09-09,Stanredtax,Anna Snelling
GTX Plus Basic - Statholdings (J5WP57XS),127710,won,2026-07-13,2026-07-31,Statholdings,Cecily Lampkin
GTX Pro - Zencorporation (VPD4G16I),547863,won,2026-07-13,2026-07-14,Zencorporation,Corliss Cosme
GTX Plus Basic - Sumace (Z173R82Y),130032,won,2026-07-13,2026-09-21,Sumace,Daniell Hammack
GTX Pro - Stanredtax (TFGC7TPF),621909,lost,2026-07-13,2026-07-16,Stanredtax,Darcel Schlecht
MG Special - Zumgoity (03X37HOO),7095,lost,2026-07-13,2026-07-14,Zumgoity,Darcel Schlecht
GTX Pro - Ron-tech (OWGXQLJS),623586,won,2026-07-13,2026-07-22,Ron-tech,Darcel Schlecht
MG Advanced - Conecom (Y4SN1R3L),450210,won,2026-07-13,2026-07-14,Conecom,Darcel Schlecht
GTX Basic - Initech (CX3PZ8DP),70950,lost,2026-07-13,2026-07-23,Initech,Donn Cantrell
MG Special - Codehow (V7DY5VAP),7095,lost,2026-07-13,2026-07-21,Codehow,Gladys Colclough
MG Advanced - Cheers (JLB353E4),482976,won,2026-07-13,2026-07-17,Cheers,Hayden Neloms
GTX Pro - Sonron (KOK62RF4),621909,lost,2026-07-13,2026-07-19,Sonron,Kami Bicknell
GTX Basic - Faxquote (8U59BH8O),70950,lost,2026-07-13,2026-07-23,Faxquote,Kary Hendrixson
GTX Basic - Singletechno (BZR75SK1),70950,lost,2026-07-13,2026-07-18,Singletechno,Kary Hendrixson
GTX Basic - Nam-zim (48HBI36Y),76239,won,2026-07-13,2026-08-09,Nam-zim,Kary Hendrixson
MG Special - Dalttechnology (ME7IZ1WY),6192,won,2026-07-13,2026-07-21,Dalttechnology,Kary Hendrixson
GTX Plus Basic - Golddex (STC921ZX),136740,won,2026-07-13,2026-07-20,Golddex,Markita Hansen
GTX Plus Basic - Hottechi (MJRDXH1B),141384,lost,2026-07-13,2026-07-18,Hottechi,Marty Freudenburg
GTX Basic - Betatech (W2QJUK1Y),72498,won,2026-07-13,2026-07-25,Betatech,Moses Frase
GTX Plus Basic - Hottechi (B05SO4C6),141384,lost,2026-07-13,2026-08-16,Hottechi,Niesha Huffines
GTX Pro - Vehement Capital Partners (MC717WRG),621909,lost,2026-07-13,2026-07-15,Vehement Capital Partners,Rosie Papadopoulos
MG Special - Isdom (P570QB1D),7353,won,2026-07-13,2026-07-14,Isdom,Versie Hillebrand
GTX Basic - Green-Plus (IWS4PKPP),69015,won,2026-07-13,2026-09-17,Green-Plus,Vicki Laflamme
GTX Pro - Condax (GB3S67FY),590820,won,2026-07-13,2026-07-22,Condax,Vicki Laflamme
MG Special - Lexiqvolax (0W8VWJDS),7224,won,2026-07-13,2026-07-15,Lexiqvolax,Vicki Laflamme
GTX Basic - New prospect (4ZKFSG5F),70950,qualified,2026-07-13,,,Violet Mclelland
GTX Plus Basic - New prospect (5TCGN3GX),141384,qualified,2026-07-13,,,Violet Mclelland
GTX Plus Pro - Goodsilron (5J9ELX2Y),637518,won,2026-07-13,2026-07-20,Goodsilron,Zane Levy
MG Special - dambase (SQE6KE7V),7095,won,2026-07-14,2026-07-20,dambase,Anna Snelling
GTX Plus Pro - Yearin (LH03MJX5),707178,lost,2026-07-14,2026-07-22,Yearin,Boris Faz
GTX Pro - Xx-zobam (0SQM849O),663576,won,2026-07-14,2026-07-26,Xx-zobam,Cassey Cress
MG Advanced - Plussunin (KXTUVDLU),437697,lost,2026-07-14,2026-09-09,Plussunin,Corliss Cosme
GTX Pro - Rundofase (9YOGUMN9),621909,lost,2026-07-14,2026-07-21,Rundofase,Darcel Schlecht
GTX Pro - Cancity (C933ZQBB),704082,won,2026-07-14,2026-07-20,Cancity,Darcel Schlecht
GTX Pro - Rundofase (G9M9IEQY),621909,lost,2026-07-14,2026-07-20,Rundofase,Gladys Colclough
GTX Pro - Stanredtax (M2VKMZPH),650934,won,2026-07-14,2026-07-16,Stanredtax,Jonathan Berthelot
GTX Plus Basic - New prospect (Y6NI5EBV),141384,qualified,2026-07-14,,,Kami Bicknell
GTX Pro - New prospect (OFC7ZTU8),621909,qualified,2026-07-14,,,Kami Bicknell
GTX Basic - Hatfan (AZCY0HUP),70950,lost,2026-07-14,2026-07-20,Hatfan,Markita Hansen
MG Special - Goodsilron (7CMG05CY),7095,lost,2026-07-14,2026-07-23,Goodsilron,Markita Hansen
MG Special - Nam-zim (KDNNV952),7095,lost,2026-07-14,2026-07-23,Nam-zim,Markita Hansen
MG Special - dambase (1UPVYK3H),8256,won,2026-07-14,2026-07-23,dambase,Marty Freudenburg
MG Special - Betatech (MUODVNBC),6966,won,2026-07-14,2026-07-24,Betatech,Versie Hillebrand
MG Special - Xx-holding (02G0NJCN),8772,won,2026-07-14,2026-07-23,Xx-holding,Vicki Laflamme
GTX Plus Basic - Betasoloin (76V79SHZ),141384,lost,2026-07-14,2026-07-15,Betasoloin,Violet Mclelland
MG Special - The New York Inquirer (7JMQM7XK),7095,lost,2026-07-14,2026-07-15,The New York Inquirer,Violet Mclelland
MG Special - Massive Dynamic (PIPQZ9SQ),7095,lost,2026-07-14,2026-07-16,Massive Dynamic,Wilburn Farren
GTX Plus Basic - Kan-code (NXHAAD08),145641,won,2026-07-14,2026-09-06,Kan-code,Zane Levy
MG Advanced - The New York Inquirer (ABMVTEUH),437697,lost,2026-07-15,2026-07-16,The New York Inquirer,Cassey Cress
GTX Plus Basic - Inity (9Q710H4R),154800,won,2026-07-15,2026-07-17,Inity,Cecily Lampkin
MG Advanced - Globex Corporation (4QU2EXEY),408156,won,2026-07-15,2026-09-15,Globex Corporation,Cecily Lampkin
GTX Plus Basic - Konex (3MKAQ2YI),141384,lost,2026-07-15,2026-07-22,Konex,Corliss Cosme
MG Advanced - Zotware (42CA70FG),416025,won,2026-07-15,2026-07-23,Zotware,Corliss Cosme
GTX Plus Basic - Massive Dynamic (R2C8A8SA),141384,lost,2026-07-15,2026-08-02,Massive Dynamic,Daniell Hammack
GTX Pro - Rangreen (PY96Q77S),532770,won,2026-07-15,2026-07-17,Rangreen,Darcel Schlecht
GTX Basic - Bluth Company (6QAWMSU2),70950,lost,2026-07-15,2026-07-21,Bluth Company,Donn Cantrell
GTX Pro - Donware (5B9EIYPP),621909,lost,2026-07-15,2026-08-26,Donware,Donn Cantrell
MG Special - Singletechno (Z216TKEU),6063,won,2026-07-15,2026-07-17,Singletechno,Elease Gluck
GTX Plus Pro - Konex (9EHFBSBG),612879,won,2026-07-15,2026-07-22,Konex,Garret Kinder
MG Advanced - Konmatfix (6SP45G3T),437697,lost,2026-07-15,2026-07-21,Konmatfix,Gladys Colclough
MG Advanced - Green-Plus (7U28UXIL),437697,lost,2026-07-15,2026-07-16,Green-Plus,Hayden Neloms
MG Special - Y-corporation (V2YD7XYV),6579,won,2026-07-15,2026-09-16,Y-corporation,Hayden Neloms
MG Advanced - Singletechno (1GVU0QTO),476784,won,2026-07-15,2026-07-19,Singletechno,Hayden Neloms
GTX Pro - Plexzap (QG7RGODO),621909,lost,2026-07-15,2026-07-23,Plexzap,Kami Bicknell
MG Advanced - Groovestreet (IHBYI8IO),456144,won,2026-07-15,2026-07-21,Groovestreet,Kami Bicknell
GTX Basic - Dalttechnology (M5NUUVA4),70950,lost,2026-07-15,2026-08-19,Dalttechnology,Kary Hendrixson
MG Special - Nam-zim (XKYQ16FS),7095,lost,2026-07-15,2026-08-02,Nam-zim,Kary Hendrixson
MG Special - Plusstrip (VVM450RP),7611,won,2026-07-15,2026-09-13,Plusstrip,Kary Hendrixson
GTX Basic - Funholding (60KWQS2V),61146,won,2026-07-15,2026-07-17,Funholding,Lajuana Vencill
MG Special - Bioholding (1RND0S0B),5547,won,2026-07-15,2026-07-27,Bioholding,Marty Freudenburg
MG Special - Hottechi (WI0LMD20),7740,won,2026-07-15,2026-09-15,Hottechi,Marty Freudenburg
GTX Basic - Treequote (4XPRCRX0),70950,lost,2026-07-15,2026-07-26,Treequote,Niesha Huffines
GTX Basic - Ron-tech (5UEA6KVU),59469,won,2026-07-15,2026-07-24,Ron-tech,Niesha Huffines
GTX Plus Basic - Xx-zobam (GAUSPPYM),141384,lost,2026-07-15,2026-09-07,Xx-zobam,Reed Clapper
MG Special - Gekko & Co (3Y1LN6CQ),6966,won,2026-07-15,2026-07-16,Gekko & Co,Reed Clapper
MG Special - New prospect (RVUJPYY8),7095,qualified,2026-07-15,,,Rosalina Dieter
MG Special - Plusstrip (W7GVI03S),7095,lost,2026-07-15,2026-08-29,Plusstrip,Rosalina Dieter
GTX Plus Basic - Umbrella Corporation (7RFTN4WI),141384,lost,2026-07-15,2026-07-22,Umbrella Corporation,Rosie Papadopoulos
MG Special - Initech (K00YH5XA),7095,lost,2026-07-15,2026-07-25,Initech,Rosie Papadopoulos
GTX Basic - Doncon (ZXIHEEV2),70950,lost,2026-07-15,2026-09-27,Doncon,Vicki Laflamme
MG Advanced - Hottechi (WPSHVGDZ),437697,lost,2026-07-15,2026-07-21,Hottechi,Vicki Laflamme
MG Advanced - Rantouch (DXAO9R8N),433827,won,2026-07-15,2026-07-24,Rantouch,Vicki Laflamme
GTX Plus Basic - Hottechi (PN0IWJ0N),140481,won,2026-07-16,2026-07-27,Hottechi,Anna Snelling
GTX Pro - Opentech (OXKWCAXO),621909,lost,2026-07-16,2026-07-28,Opentech,Cassey Cress
GTX Plus Basic - Acme Corporation (7FVUE0GY),141384,won,2026-07-16,2026-07-18,Acme Corporation,Cassey Cress
MG Special - Ron-tech (FAIFAGJM),7998,won,2026-07-16,2026-07-26,Ron-tech,Cecily Lampkin
MG Advanced - Kan-code (IKDFG91F),437697,lost,2026-07-16,2026-09-22,Kan-code,Corliss Cosme
GTX Plus Basic - Konex (BP3I9G0F),142545,won,2026-07-16,2026-07-18,Konex,Corliss Cosme
GTX Pro - Bluth Company (0GM4GDFT),621909,lost,2026-07-16,2026-07-25,Bluth Company,Daniell Hammack
GTX Pro - Bioplex (5YIWOUOZ),561537,won,2026-07-16,2026-07-21,Bioplex,Daniell Hammack
GTX Pro - Finhigh (LM3GZYXD),621909,lost,2026-07-16,2026-07-25,Finhigh,Darcel Schlecht
GTX Plus Pro - Warephase (UUCSEHJX),809604,won,2026-07-16,2026-07-24,Warephase,Darcel Schlecht
GTX Pro - Betatech (OQQWTFSZ),604752,won,2026-07-16,2026-07-24,Betatech,Darcel Schlecht
GTX Basic - Ontomedia (CWVAO587),70950,lost,2026-07-16,2026-07-23,Ontomedia,Garret Kinder
MG Advanced - Opentech (YDZZNTEZ),441438,won,2026-07-16,2026-07-29,Opentech,Garret Kinder
MG Special - Hottechi (O1DTVNH2),7095,lost,2026-07-16,2026-07-17,Hottechi,Gladys Colclough
GTX Pro - Inity (Q6MGPT50),669768,won,2026-07-16,2026-09-05,Inity,Gladys Colclough
GTX Plus Basic - Hottechi (ENL7MDL2),158154,won,2026-07-16,2026-07-25,Hottechi,Hayden Neloms
GTX Plus Pro - J-Texon (CLHPJZHP),587208,won,2026-07-16,2026-07-22,J-Texon,Hayden Neloms
GTX Plus Pro - New prospect (YQJGEI71),707178,qualified,2026-07-16,,,James Ascencio
GTX Plus Pro - Xx-holding (XO4ZYI3G),718401,won,2026-07-16,2026-07-23,Xx-holding,James Ascencio
GTX Pro - Fasehatice (RSBEC5KF),566181,won,2026-07-16,2026-07-17,Fasehatice,James Ascencio
GTX Plus Pro - Hottechi (6Z6SRB1Y),707178,lost,2026-07-16,2026-07-29,Hottechi,Jonathan Berthelot
GTX Pro - New prospect (BZGJ44FH),621909,qualified,2026-07-16,,,Kami Bicknell
MG Advanced - New prospect (4S17VJ7O),437697,qualified,2026-07-16,,,Kary Hendrixson
MG Advanced - Globex Corporation (FRSYEHJE),437697,lost,2026-07-16,2026-07-18,Globex Corporation,Lajuana Vencill
GTX Basic - Ron-tech (MV4DK68W),58179,won,2026-07-16,2026-07-23,Ron-tech,Lajuana Vencill
MG Special - New prospect (B2FSFXKA),7095,qualified,2026-07-16,,,Markita Hansen
MG Special - New prospect (W72TPY7P),7095,qualified,2026-07-16,,,Markita Hansen
MG Advanced - Plexzap (I15B3BNW),437697,lost,2026-07-16,2026-08-25,Plexzap,Markita Hansen
GTX Basic - Goodsilron (1CT3EWJ8),71337,won,2026-07-16,2026-07-18,Goodsilron,Markita Hansen
GTX Pro - Scottech (JPBLNA5V),621909,lost,2026-07-16,2026-07-26,Scottech,Marty Freudenburg
GTX Plus Basic - New prospect (SLILSQJV),141384,qualified,2026-07-16,,,Maureen Marcano
GTX Basic - Blackzim (R6OM4EDE),67596,won,2026-07-16,2026-07-29,Blackzim,Maureen Marcano
MG Advanced - Plussunin (74Y43OFL),437697,lost,2026-07-16,2026-07-18,Plussunin,Reed Clapper
GTX Plus Basic - Ron-tech (OIOGIDI2),141384,lost,2026-07-16,2026-07-28,Ron-tech,Versie Hillebrand
MG Special - Inity (SCN3BY47),6837,won,2026-07-16,2026-07-24,Inity,Versie Hillebrand
MG Advanced - Statholdings (HFF39KOB),354621,won,2026-07-16,2026-07-17,Statholdings,Versie Hillebrand
GTX Pro - J-Texon (OS59LIZX),621909,lost,2026-07-16,2026-07-23,J-Texon,Vicki Laflamme
GTX Pro - Rantouch (O3S3SF3W),621909,lost,2026-07-16,2026-07-18,Rantouch,Vicki Laflamme
GTX Plus Pro - Groovestreet (WA0NRLP7),692472,won,2026-07-16,2026-07-17,Groovestreet,Vicki Laflamme
GTX Pro - Kan-code (GHOQQYQM),610686,won,2026-07-16,2026-09-21,Kan-code,Wilburn Farren
MG Advanced - Condax (6OXOIJ4D),398481,won,2026-07-16,2026-09-12,Condax,Wilburn Farren
MG Advanced - Dontechi (DTFLKV60),437697,lost,2026-07-17,2026-07-18,Dontechi,Anna Snelling
MG Special - Gogozoom (RELG4CYQ),6966,won,2026-07-17,2026-07-27,Gogozoom,Anna Snelling
GTX Pro - Silis (PLV91KH7),560505,won,2026-07-17,2026-07-24,Silis,Cassey Cress
MG Advanced - Warephase (U289K4V3),496392,won,2026-07-17,2026-07-24,Warephase,Cecily Lampkin
GTX Pro - Initech (PDXFX23P),553023,won,2026-07-17,2026-07-23,Initech,Corliss Cosme
GTX Pro - Codehow (LULNYY3C),572115,won,2026-07-17,2026-07-24,Codehow,Darcel Schlecht
GTX Pro - Stanredtax (NJ1YGDZW),606171,won,2026-07-17,2026-07-25,Stanredtax,Darcel Schlecht
GTX Plus Pro - Cancity (CZC1J6FQ),707178,lost,2026-07-17,2026-07-21,Cancity,Gladys Colclough
MG Special - Genco Pura Olive Oil Company (WSWJJ234),7095,lost,2026-07-17,2026-07-19,Genco Pura Olive Oil Company,Gladys Colclough
MG Special - Stanredtax (MDBKYL2Q),7740,won,2026-07-17,2026-07-27,Stanredtax,Gladys Colclough
GTX Plus Pro - Hatfan (M9EU34FE),777354,won,2026-07-17,2026-07-18,Hatfan,Hayden Neloms
GTX Plus Pro - Golddex (HCARIWPE),707178,lost,2026-07-17,2026-07-24,Golddex,James Ascencio
GTX Plus Pro - Newex (WGJB2VDU),657255,won,2026-07-17,2026-09-21,Newex,James Ascencio
GTX Basic - Fasehatice (RYWETTBK),70950,qualified,2026-07-17,,Fasehatice,Kami Bicknell
GTX Basic - Sunnamplex (JSLSL3SU),72885,won,2026-07-17,2026-09-12,Sunnamplex,Kami Bicknell
GTX Plus Pro - Y-corporation (N1B45KIT),758907,won,2026-07-17,2026-09-18,Y-corporation,Maureen Marcano
GTX Plus Basic - Funholding (30UA0RS8),146415,won,2026-07-17,2026-09-08,Funholding,Niesha Huffines
GTX Plus Basic - Konex (R1Z8J1JL),116487,won,2026-07-17,2026-09-17,Konex,Reed Clapper
GTX Pro - Konex (2DY9U1V7),621909,qualified,2026-07-17,,Konex,Rosie Papadopoulos
MG Special - Green-Plus (MJODFG6C),7095,lost,2026-07-17,2026-07-24,Green-Plus,Vicki Laflamme
MG Special - Lexiqvolax (6D7N5SQ7),7095,lost,2026-07-17,2026-07-25,Lexiqvolax,Vicki Laflamme
MG Special - Dalttechnology (DQIKGS2U),6192,won,2026-07-17,2026-07-31,Dalttechnology,Vicki Laflamme
GTX Plus Pro - Hatfan (EZNAGRVB),695052,won,2026-07-17,2026-07-27,Hatfan,Zane Levy
GTX Pro - Plexzap (C1M1RST0),530061,won,2026-07-17,2026-07-24,Plexzap,Zane Levy
GTX Plus Basic - dambase (KIZOEC3M),141384,lost,2026-07-18,2026-07-20,dambase,Anna Snelling
MG Special - Ron-tech (CO7T7H41),7095,lost,2026-07-18,2026-07-24,Ron-tech,Anna Snelling
GTX Plus Pro - Codehow (BMQYRJC7),715047,won,2026-07-18,2026-09-12,Codehow,Anna Snelling
GTX Plus Basic - Donware (6ALPIXB7),141384,lost,2026-07-18,2026-08-26,Donware,Cassey Cress
GTX Plus Basic - Streethex (5NVTQW38),141384,lost,2026-07-18,2026-07-25,Streethex,Cecily Lampkin
MG Advanced - Genco Pura Olive Oil Company (IOUUN8LM),437697,lost,2026-07-18,2026-07-24,Genco Pura Olive Oil Company,Cecily Lampkin
GTX Pro - Bioholding (3EZLRW47),621909,lost,2026-07-18,2026-07-28,Bioholding,Darcel Schlecht
GTX Pro - Statholdings (09AILR04),610428,won,2026-07-18,2026-07-26,Statholdings,Darcel Schlecht
MG Special - Codehow (KSYI5DDW),7095,won,2026-07-18,2026-08-04,Codehow,Darcel Schlecht
GTX Basic - Xx-zobam (W4R2C7N9),70950,lost,2026-07-18,2026-07-27,Xx-zobam,Donn Cantrell
GTX Plus Pro - The New York Inquirer (KY1CESUN),707178,lost,2026-07-18,2026-07-26,The New York Inquirer,Donn Cantrell
MG Special - Konmatfix (M4EHG2ZB),6708,won,2026-07-18,2026-07-27,Konmatfix,Gladys Colclough
GTX Basic - Genco Pura Olive Oil Company (DLAMSRVT),70950,lost,2026-07-18,2026-07-19,Genco Pura Olive Oil Company,Jonathan Berthelot
GTX Basic - Doncon (PZNZD22T),70950,lost,2026-07-18,2026-09-10,Doncon,Kami Bicknell
GTX Basic - Cheers (FVCN0HQ9),70950,lost,2026-07-18,2026-07-20,Cheers,Kary Hendrixson
GTX Basic - Labdrill (A0FVQ8KO),74175,won,2026-07-18,2026-07-24,Labdrill,Kary Hendrixson
GTX Basic - Green-Plus (6KGX67OZ),70950,lost,2026-07-18,2026-07-27,Green-Plus,Maureen Marcano
MG Special - Domzoom (BXXGLPD7),7095,lost,2026-07-18,2026-07-29,Domzoom,Niesha Huffines
MG Advanced - Plussunin (MHF6GSB6),465948,won,2026-07-18,2026-07-26,Plussunin,Reed Clapper
MG Special - Zathunicon (TFILI4TE),7095,lost,2026-07-18,2026-07-22,Zathunicon,Violet Mclelland
GTX Pro - Iselectrics (4P0SDD91),641130,won,2026-07-18,2026-09-11,Iselectrics,Wilburn Farren
MG Advanced - Ganjaflex (ZZ4X9VN3),386355,won,2026-07-18,2026-07-28,Ganjaflex,Wilburn Farren
GTX Basic - Zathunicon (0J3UU8PZ),70434,won,2026-07-19,2026-09-26,Zathunicon,Boris Faz
GTX Plus Basic - Gekko & Co (UYPF6FZ3),152736,won,2026-07-19,2026-09-16,Gekko & Co,Boris Faz
GTX Plus Pro - Plussunin (2HKRINHL),709500,won,2026-07-19,2026-07-21,Plussunin,Cassey Cress
MG Advanced - Domzoom (G5JXIYRO),466464,won,2026-07-19,2026-07-21,Domzoom,Cecily Lampkin
GTK 500 - Kan-code (4MXSHU7X),3453072,lost,2026-07-19,2026-08-27,Kan-code,Corliss Cosme
MG Advanced - Mathtouch (H4FIU51C),437697,lost,2026-07-19,2026-07-23,Mathtouch,Daniell Hammack
GTX Plus Basic - Rundofase (CC2ICRAG),140223,won,2026-07-19,2026-09-25,Rundofase,Darcel Schlecht
GTX Pro - Inity (RDC531P5),461562,won,2026-07-19,2026-07-27,Inity,Darcel Schlecht
GTX Basic - Finjob (9QX62IL2),70176,won,2026-07-19,2026-07-26,Finjob,Elease Gluck
MG Advanced - Dalttechnology (3GRTE6VM),397578,won,2026-07-19,2026-07-26,Dalttechnology,Elease Gluck
MG Advanced - Hottechi (E4BPOOL6),445050,won,2026-07-19,2026-07-21,Hottechi,Elease Gluck
GTX Pro - Kan-code (B894QWQM),691440,won,2026-07-19,2026-07-26,Kan-code,Garret Kinder
GTX Pro - Cheers (U9QMLC5Z),643839,won,2026-07-19,2026-07-29,Cheers,James Ascencio
MG Advanced - Cheers (VCQBM844),424926,won,2026-07-19,2026-07-27,Cheers,James Ascencio
GTX Plus Basic - Conecom (UE66OOQS),141384,lost,2026-07-19,2026-07-27,Conecom,Jonathan Berthelot
GTX Plus Basic - Rantouch (W5ABRRKC),126549,won,2026-07-19,2026-07-28,Rantouch,Markita Hansen
GTX Plus Basic - Isdom (Y8KI5ANO),141384,lost,2026-07-19,2026-07-31,Isdom,Marty Freudenburg
GTX Plus Pro - Streethex (CTM8WFGW),804057,won,2026-07-19,2026-07-20,Streethex,Marty Freudenburg
MG Special - Domzoom (RFUJTKVO),7095,won,2026-07-19,2026-08-25,Domzoom,Marty Freudenburg
MG Special - Globex Corporation (ZMEKFXC5),7095,lost,2026-07-19,2026-07-25,Globex Corporation,Niesha Huffines
GTX Plus Pro - Conecom (LO2BMO33),792318,won,2026-07-19,2026-09-06,Conecom,Niesha Huffines
GTX Basic - New prospect (GL2FM1RM),70950,qualified,2026-07-19,,,Rosalina Dieter
MG Special - Golddex (4ETFTKHJ),7095,lost,2026-07-19,2026-07-26,Golddex,Rosalina Dieter
GTX Plus Basic - Umbrella Corporation (528YB7Q0),141384,lost,2026-07-19,2026-09-02,Umbrella Corporation,Rosie Papadopoulos
GTX Pro - Hatfan (OFEUX5PI),669510,won,2026-07-19,2026-07-25,Hatfan,Vicki Laflamme
MG Advanced - Initech (S3V8Z52J),437697,lost,2026-07-20,2026-07-22,Initech,Cassey Cress
GTX Plus Basic - Gekko & Co (TTYSSNJH),132483,won,2026-07-20,2026-07-29,Gekko & Co,Cassey Cress
GTX Plus Basic - Dontechi (LROWI84G),159573,won,2026-07-20,2026-07-28,Dontechi,Darcel Schlecht
GTX Plus Basic - Streethex (IQAP70OD),124485,won,2026-07-20,2026-07-26,Streethex,Darcel Schlecht
GTX Pro - Inity (JWWVG8KG),739041,won,2026-07-20,2026-07-31,Inity,Darcel Schlecht
GTX Pro - Isdom (7PEL3AIZ),733365,won,2026-07-20,2026-07-21,Isdom,Darcel Schlecht
GTX Pro - Rundofase (NXQR7LX6),519096,won,2026-07-20,2026-07-23,Rundofase,Darcel Schlecht
GTX Basic - Silis (JL358E5T),65919,won,2026-07-20,2026-09-08,Silis,Donn Cantrell
GTX Plus Pro - Sonron (DHUG18WU),707178,lost,2026-07-20,2026-07-27,Sonron,Elease Gluck
GTX Pro - Ontomedia (T6ENEYKW),621909,lost,2026-07-20,2026-08-01,Ontomedia,Garret Kinder
MG Advanced - Stanredtax (3MGMH9AE),437697,lost,2026-07-20,2026-07-21,Stanredtax,Gladys Colclough
GTX Plus Pro - Rangreen (JJGRAQ2K),707178,qualified,2026-07-20,,Rangreen,Kary Hendrixson
GTX Pro - Y-corporation (4Z84VV2P),565278,won,2026-07-20,2026-08-02,Y-corporation,Kary Hendrixson
GTX Plus Basic - Funholding (DMYP7REE),141384,lost,2026-07-20,2026-08-16,Funholding,Marty Freudenburg
GTX Plus Pro - Treequote (1SKNSG2B),711564,won,2026-07-20,2026-07-27,Treequote,Marty Freudenburg
GTX Plus Pro - Finhigh (G6MUC5R6),707178,lost,2026-07-20,2026-08-03,Finhigh,Versie Hillebrand
GTX Plus Pro - New prospect (X7MN9ROG),707178,qualified,2026-07-20,,,Vicki Laflamme
GTX Pro - Rantouch (6445PW4Z),621909,lost,2026-07-20,2026-07-21,Rantouch,Vicki Laflamme
MG Special - Condax (CUJIRCWV),6579,won,2026-07-20,2026-09-24,Condax,Vicki Laflamme
GTX Plus Basic - Groovestreet (YSFFEUCQ),141384,lost,2026-07-20,2026-07-25,Groovestreet,Zane Levy
GTX Plus Basic - Kan-code (OX0NE27G),154155,won,2026-07-20,2026-07-28,Kan-code,Zane Levy
GTX Plus Basic - Mathtouch (0B09WODM),141384,lost,2026-07-21,2026-07-23,Mathtouch,Boris Faz
GTX Plus Pro - Silis (FSC4A2HZ),707178,lost,2026-07-21,2026-07-22,Silis,Cassey Cress
MG Advanced - Kinnamplus (YT5GLR6D),462852,won,2026-07-21,2026-07-30,Kinnamplus,Cassey Cress
MG Special - New prospect (S7UVZXM3),7095,qualified,2026-07-21,,,Corliss Cosme
GTX Plus Basic - Massive Dynamic (KOPJOMQE),141384,lost,2026-07-21,2026-07-26,Massive Dynamic,Daniell Hammack
GTX Plus Basic - Codehow (AS2BKSCT),141384,lost,2026-07-21,2026-08-05,Codehow,Darcel Schlecht
GTX Pro - Stanredtax (S3GVO59B),714918,won,2026-07-21,2026-08-28,Stanredtax,Darcel Schlecht
MG Advanced - Finjob (L8POFR0T),425184,won,2026-07-21,2026-09-27,Finjob,James Ascencio
GTX Plus Basic - Domzoom (RYF41KOV),141384,lost,2026-07-21,2026-07-22,Domzoom,Jonathan Berthelot
GTX Basic - Betatech (MV7NPCI9),66951,won,2026-07-21,2026-07-26,Betatech,Jonathan Berthelot
GTX Plus Basic - Betatech (TSN98FPQ),160347,won,2026-07-21,2026-07-22,Betatech,Jonathan Berthelot
MG Advanced - Fasehatice (SQW60VII),437697,lost,2026-07-21,2026-07-23,Fasehatice,Kami Bicknell
GTX Plus Basic - Ron-tech (PGG2DUPO),146157,won,2026-07-21,2026-07-28,Ron-tech,Lajuana Vencill
GTX Basic - Hottechi (85U38YFD),70950,lost,2026-07-21,2026-09-20,Hottechi,Marty Freudenburg
MG Advanced - Genco Pura Olive Oil Company (M7V7UJHZ),437697,lost,2026-07-21,2026-09-25,Genco Pura Olive Oil Company,Marty Freudenburg
GTX Plus Pro - Dalttechnology (S56NVD4M),637905,won,2026-07-21,2026-08-07,Dalttechnology,Maureen Marcano
MG Advanced - Treequote (Y34O7SKI),437697,lost,2026-07-21,2026-07-27,Treequote,Versie Hillebrand
GTX Basic - Cheers (DSY9VD0O),69015,won,2026-07-21,2026-07-23,Cheers,Vicki Laflamme
GTX Basic - New prospect (HWOBBZWQ),70950,qualified,2026-07-21,,,Wilburn Farren
MG Advanced - Zoomit (6ZR7IUC4),437697,lost,2026-07-21,2026-08-04,Zoomit,Zane Levy
MG Special - Cancity (8W9YXI59),7611,won,2026-07-22,2026-08-23,Cancity,Anna Snelling
GTX Basic - New prospect (OYH46MQB),70950,qualified,2026-07-22,,,Corliss Cosme
GTX Basic - Condax (YEH9VQCD),67854,won,2026-07-22,2026-07-24,Condax,Daniell Hammack
GTX Basic - Acme Corporation (35GT4NM9),75594,won,2026-07-22,2026-08-02,Acme Corporation,Donn Cantrell
MG Advanced - Scottech (MICIJ00A),437697,lost,2026-07-22,2026-07-24,Scottech,Gladys Colclough
GTX Pro - Rundofase (D4ABG4I1),561924,won,2026-07-22,2026-08-07,Rundofase,Jonathan Berthelot
GTX Basic - Condax (EMK9P63G),73014,won,2026-07-22,2026-07-23,Condax,Markita Hansen
MG Advanced - New prospect (HXGDBNAV),437697,qualified,2026-07-22,,,Maureen Marcano
GTX Basic - Hottechi (7GWM1WT0),69273,won,2026-07-22,2026-09-26,Hottechi,Moses Frase
MG Special - The New York Inquirer (U0XWF9TW),6063,won,2026-07-22,2026-09-17,The New York Inquirer,Violet Mclelland
GTX Basic - Condax (E8L9I3QP),57663,won,2026-07-22,2026-07-31,Condax,Zane Levy
GTX Plus Basic - Domzoom (63S5SNBC),142287,won,2026-07-23,2026-07-24,Domzoom,Anna Snelling
MG Special - Finhigh (3PIPAOVU),7353,won,2026-07-23,2026-09-24,Finhigh,Anna Snelling
GTX Basic - Betasoloin (UBU4E17W),70950,lost,2026-07-23,2026-08-03,Betasoloin,Cassey Cress
GTX Plus Pro - Hottechi (99HAV7SY),707178,lost,2026-07-23,2026-08-21,Hottechi,Cecily Lampkin
GTX Pro - Ontomedia (UX9D17FS),583725,won,2026-07-23,2026-08-01,Ontomedia,Corliss Cosme
GTX Pro - Isdom (FL804BH8),621909,lost,2026-07-23,2026-07-27,Isdom,Darcel Schlecht
GTX Pro - Zumgoity (RWR0W3U8),621909,lost,2026-07-23,2026-07-24,Zumgoity,Darcel Schlecht
GTX Basic - Fasehatice (8UU0I29V),65016,won,2026-07-23,2026-07-25,Fasehatice,Elease Gluck
GTX Pro - Dontechi (89A54FHW),621909,lost,2026-07-23,2026-07-24,Dontechi,Gladys Colclough
GTX Pro - Scottech (UGAEAB27),564633,won,2026-07-23,2026-07-28,Scottech,Marty Freudenburg
MG Advanced - Betatech (U2JI00ER),432537,won,2026-07-23,2026-07-24,Betatech,Marty Freudenburg
GTX Plus Pro - Kan-code (56D231XJ),707178,lost,2026-07-23,2026-07-28,Kan-code,Maureen Marcano
MG Special - Fasehatice (O2CFE5KX),6450,won,2026-07-23,2026-07-31,Fasehatice,Maureen Marcano
GTX Basic - Conecom (UCLGT98S),70950,lost,2026-07-23,2026-07-27,Conecom,Niesha Huffines
GTX Basic - New prospect (31IV2B9O),70950,qualified,2026-07-23,,,Vicki Laflamme
GTX Basic - Blackzim (BZG9DI4Z),70950,lost,2026-07-23,2026-07-25,Blackzim,Vicki Laflamme
GTX Basic - Groovestreet (E2R39451),70950,lost,2026-07-23,2026-07-24,Groovestreet,Vicki Laflamme
MG Advanced - Sunnamplex (KHQR5AKG),437697,lost,2026-07-23,2026-08-01,Sunnamplex,Vicki Laflamme
GTX Basic - Ganjaflex (NMI79ZYT),70950,lost,2026-07-23,2026-07-28,Ganjaflex,Violet Mclelland
GTX Basic - Zencorporation (RU3HH59R),70950,lost,2026-07-23,2026-07-25,Zencorporation,Violet Mclelland
GTX Pro - Gogozoom (4D0K5T7T),621909,qualified,2026-07-23,,Gogozoom,Zane Levy
GTX Plus Pro - Rundofase (IE1N4OUS),679701,won,2026-07-24,2026-09-03,Rundofase,Anna Snelling
GTX Pro - Bioplex (A5IABHP1),680475,won,2026-07-24,2026-07-25,Bioplex,Boris Faz
GTX Plus Pro - Xx-zobam (FOFS0O2G),707178,lost,2026-07-24,2026-07-26,Xx-zobam,Cassey Cress
MG Advanced - Conecom (66BQC4C9),437697,lost,2026-07-24,2026-08-04,Conecom,Cecily Lampkin
GTX Basic - Mathtouch (GXQJVJQT),77529,won,2026-07-24,2026-07-26,Mathtouch,Corliss Cosme
GTK 500 - Treequote (PP4ZY6TZ),3453072,lost,2026-07-24,2026-08-07,Treequote,Darcel Schlecht
MG Special - Finhigh (7TOPAQ9Y),6837,won,2026-07-24,2026-09-25,Finhigh,Darcel Schlecht
MG Special - Groovestreet (7NJS374V),5934,won,2026-07-24,2026-08-07,Groovestreet,Elease Gluck
GTX Pro - Hatfan (KKO2EFHS),621909,lost,2026-07-24,2026-07-26,Hatfan,James Ascencio
GTX Basic - Treequote (PJJMVZAL),69402,won,2026-07-24,2026-07-26,Treequote,Jonathan Berthelot
MG Special - Plexzap (MFYR7SSG),6837,won,2026-07-24,2026-09-11,Plexzap,Kami Bicknell
MG Advanced - Dontechi (F2F1LPTA),425184,won,2026-07-24,2026-07-31,Dontechi,Lajuana Vencill
GTX Basic - Doncon (QVP4LFVD),70950,lost,2026-07-24,2026-07-25,Doncon,Markita Hansen
MG Advanced - Isdom (7FZMWZJT),459369,won,2026-07-24,2026-08-04,Isdom,Marty Freudenburg
GTX Plus Pro - Singletechno (8THGVJ52),729495,won,2026-07-24,2026-08-03,Singletechno,Maureen Marcano
GTX Basic - Domzoom (M827K2PI),84624,won,2026-07-24,2026-09-10,Domzoom,Moses Frase
MG Advanced - Donquadtech (4ETZYSN3),420282,won,2026-07-24,2026-08-02,Donquadtech,Reed Clapper
GTX Basic - Goodsilron (SZDGWQLT),74433,won,2026-07-24,2026-08-09,Goodsilron,Rosalina Dieter
MG Special - Statholdings (YM5F751C),6450,won,2026-07-24,2026-07-25,Statholdings,Versie Hillebrand
GTX Basic - Lexiqvolax (G7U0HP7Q),70950,lost,2026-07-24,2026-07-26,Lexiqvolax,Vicki Laflamme
MG Special - dambase (FRNGLIYS),8514,won,2026-07-25,2026-07-26,dambase,Anna Snelling
GTX Plus Basic - Gekko & Co (OY08XJ2E),139191,won,2026-07-25,2026-08-09,Gekko & Co,Corliss Cosme
MG Advanced - Conecom (ZSZFPCYS),437697,lost,2026-07-25,2026-07-26,Conecom,Darcel Schlecht
MG Advanced - Donquadtech (BXCEXXP4),437697,lost,2026-07-25,2026-07-31,Donquadtech,Donn Cantrell
GTK 500 - Cheers (H3K2E35I),3608259,won,2026-07-25,2026-07-26,Cheers,Elease Gluck
GTX Plus Pro - New prospect (P5C842B5),707178,qualified,2026-07-25,,,Kami Bicknell
GTX Basic - Xx-holding (7EHJYKWE),70950,qualified,2026-07-25,,Xx-holding,Kary Hendrixson
GTX Basic - Y-corporation (LB6S2ONR),77142,won,2026-07-25,2026-08-08,Y-corporation,Markita Hansen
MG Special - Statholdings (6BRNE2DV),7095,lost,2026-07-25,2026-07-26,Statholdings,Versie Hillebrand
GTX Pro - J-Texon (ST4H8MB7),621909,lost,2026-07-25,2026-07-26,J-Texon,Vicki Laflamme
MG Special - Bluth Company (VMGCRSWP),7869,won,2026-07-25,2026-08-11,Bluth Company,Violet Mclelland
GTX Basic - Rantouch (4HJIT2B6),70950,lost,2026-07-25,2026-08-04,Rantouch,Zane Levy
MG Advanced - Plusstrip (DJY7S9AI),397578,won,2026-07-25,2026-08-09,Plusstrip,Zane Levy
GTX Basic - Gekko & Co (X6MHLE33),70950,lost,2026-07-26,2026-08-09,Gekko & Co,Cassey Cress
GTX Plus Pro - Ontomedia (TLAWJR5V),728334,won,2026-07-26,2026-08-08,Ontomedia,Corliss Cosme
MG Advanced - Codehow (SQ63LXS8),437697,lost,2026-07-26,2026-08-01,Codehow,Darcel Schlecht
GTX Pro - Codehow (L3PLDC1Y),610557,won,2026-07-26,2026-07-27,Codehow,Darcel Schlecht
MG Advanced - Cancity (HMG6NWSR),378099,won,2026-07-26,2026-09-26,Cancity,Gladys Colclough
MG Special - Bioholding (KNH4ZX85),7998,won,2026-07-26,2026-07-28,Bioholding,Jonathan Berthelot
MG Advanced - Konex (FV7Y3ZPO),437697,lost,2026-07-26,2026-07-31,Konex,Rosie Papadopoulos
GTX Pro - Green-Plus (DDQ0MDYY),538962,won,2026-07-26,2026-07-28,Green-Plus,Zane Levy
GTX Pro - Kinnamplus (HFER9GET),675831,won,2026-07-27,2026-08-01,Kinnamplus,Cassey Cress
GTX Plus Basic - Acme Corporation (0N11U6L3),141384,qualified,2026-07-27,,Acme Corporation,Daniell Hammack
GTX Basic - Treequote (005JS57S),69531,won,2026-07-27,2026-08-08,Treequote,Gladys Colclough
MG Special - New prospect (W5FH95XO),7095,qualified,2026-07-27,,,Hayden Neloms
GTX Plus Basic - Rangreen (TWDNQ9TX),125517,won,2026-07-27,2026-07-28,Rangreen,Jonathan Berthelot
MG Special - Statholdings (G289FPBV),7095,lost,2026-07-27,2026-07-28,Statholdings,Lajuana Vencill
GTX Plus Pro - Ganjaflex (G9H0MWBL),707178,lost,2026-07-27,2026-07-28,Ganjaflex,Reed Clapper
GTX Basic - Konex (P2YWZPES),80238,won,2026-07-27,2026-08-01,Konex,Vicki Laflamme
GTX Plus Basic - Sunnamplex (NPGETEDZ),141384,lost,2026-07-27,2026-08-12,Sunnamplex,Zane Levy
MG Special - Isdom (J5I6Y4RN),7095,lost,2026-07-28,2026-08-07,Isdom,Anna Snelling
MG Advanced - Condax (XRMOUF1R),538188,won,2026-07-28,2026-08-04,Condax,Boris Faz
GTX Pro - Umbrella Corporation (TL0UILCV),584241,won,2026-07-28,2026-08-11,Umbrella Corporation,Cassey Cress
MG Advanced - Konex (FAS4V07H),347655,won,2026-07-28,2026-09-06,Konex,Cassey Cress
GTX Pro - Cancity (3Z9AX43T),621909,lost,2026-07-28,2026-09-18,Cancity,Darcel Schlecht
GTX Pro - Conecom (5JO7SIGB),621909,lost,2026-07-28,2026-08-07,Conecom,Darcel Schlecht
GTX Basic - Ganjaflex (8MQPNCCU),62694,won,2026-07-28,2026-08-06,Ganjaflex,Donn Cantrell
GTX Basic - Plussunin (2DT70XCQ),58050,won,2026-07-28,2026-08-05,Plussunin,Donn Cantrell
MG Special - New prospect (O1SCOU11),7095,qualified,2026-07-28,,,Elease Gluck
MG Special - Finjob (HYBR36NG),7095,lost,2026-07-28,2026-08-06,Finjob,Elease Gluck
GTX Plus Pro - Ontomedia (WXOL5HTS),879522,won,2026-07-28,2026-08-05,Ontomedia,Garret Kinder
MG Advanced - Condax (F15SU034),425442,won,2026-07-28,2026-09-17,Condax,Gladys Colclough
GTX Pro - New prospect (OMCFUDOU),621909,qualified,2026-07-28,,,James Ascencio
GTX Plus Pro - Goodsilron (KLBW3TOH),711048,won,2026-07-28,2026-08-06,Goodsilron,Kami Bicknell
GTX Plus Pro - Kan-code (ESNS1OS9),611718,won,2026-07-28,2026-08-04,Kan-code,Kami Bicknell
GTX Basic - Y-corporation (HDUZC4G9),84237,won,2026-07-28,2026-07-30,Y-corporation,Kary Hendrixson
GTX Plus Basic - Conecom (1629C4UW),141384,lost,2026-07-28,2026-08-07,Conecom,Lajuana Vencill
MG Advanced - Dalttechnology (0OXJ2HOP),523482,won,2026-07-28,2026-08-08,Dalttechnology,Markita Hansen
GTX Basic - Condax (RCGBY4IA),71337,won,2026-07-28,2026-07-29,Condax,Reed Clapper
GTX Plus Pro - Xx-zobam (8R0HTKUK),707178,lost,2026-07-28,2026-08-04,Xx-zobam,Rosie Papadopoulos
MG Special - Kan-code (W2ZRP2EC),7095,lost,2026-07-28,2026-07-31,Kan-code,Vicki Laflamme
GTX Plus Pro - New prospect (HN6TZPAF),707178,qualified,2026-07-28,,,Wilburn Farren
GTX Plus Basic - Kan-code (AEH9XJ3T),141384,lost,2026-07-29,2026-08-10,Kan-code,Cassey Cress
GTX Plus Pro - Globex Corporation (X3DSI0TQ),707178,lost,2026-07-29,2026-08-12,Globex Corporation,Cecily Lampkin
GTX Plus Pro - Isdom (MG3X7625),710016,won,2026-07-29,2026-09-18,Isdom,Cecily Lampkin
MG Special - Betatech (8JR8LXEU),6837,won,2026-07-29,2026-08-02,Betatech,Gladys Colclough
GTX Basic - Treequote (KMRR1P94),70950,lost,2026-07-29,2026-08-14,Treequote,Jonathan Berthelot
MG Advanced - Fasehatice (JRCD2VQY),395256,won,2026-07-29,2026-08-03,Fasehatice,Kami Bicknell
MG Advanced - Rantouch (FXKBY5FR),369714,won,2026-07-29,2026-08-11,Rantouch,Maureen Marcano
GTX Basic - Goodsilron (8415S7ZV),70950,lost,2026-07-29,2026-08-03,Goodsilron,Vicki Laflamme
GTX Plus Pro - Xx-holding (UZ83LE9X),707178,lost,2026-07-29,2026-08-07,Xx-holding,Vicki Laflamme
GTX Plus Basic - Lexiqvolax (GIDII30C),123840,won,2026-07-29,2026-08-07,Lexiqvolax,Vicki Laflamme
MG Special - Nam-zim (IVVBVNDH),7095,won,2026-07-29,2026-07-30,Nam-zim,Vicki Laflamme
MG Special - New prospect (854QZNWK),7095,qualified,2026-07-29,,,Violet Mclelland
GTX Pro - Donquadtech (FBKK68G6),535995,won,2026-07-30,2026-08-04,Donquadtech,Boris Faz
MG Special - New prospect (46UHJGY0),7095,qualified,2026-07-30,,,Corliss Cosme
GTX Plus Basic - Condax (SSSTYFDY),141384,lost,2026-07-30,2026-08-02,Condax,Daniell Hammack
GTX Basic - Bubba Gump (VSMB0KJW),68628,won,2026-07-30,2026-08-25,Bubba Gump,Donn Cantrell
GTX Basic - Cancity (UVS5WJRG),61791,won,2026-07-30,2026-07-31,Cancity,Jonathan Berthelot
GTX Basic - Xx-holding (MOBO9N8H),70950,lost,2026-07-30,2026-08-04,Xx-holding,Kami Bicknell
GTX Pro - New prospect (N2249A7T),621909,qualified,2026-07-30,,,Markita Hansen
GTX Pro - Xx-holding (5HHFR0VZ),583209,won,2026-07-30,2026-08-26,Xx-holding,Markita Hansen
GTX Basic - Ganjaflex (0DYZ71WX),75465,won,2026-07-30,2026-08-13,Ganjaflex,Reed Clapper
GTX Basic - Sunnamplex (Q1Q3D9BZ),70950,lost,2026-07-30,2026-08-04,Sunnamplex,Vicki Laflamme
GTX Basic - Sonron (9KV5GM4U),55470,won,2026-07-30,2026-08-03,Sonron,Vicki Laflamme
GTX Pro - Codehow (6X24V0NC),621909,lost,2026-07-31,2026-08-06,Codehow,Darcel Schlecht
GTX Basic - Genco Pura Olive Oil Company (IIZV9WFC),74433,won,2026-07-31,2026-08-29,Genco Pura Olive Oil Company,Jonathan Berthelot
GTX Basic - New prospect (E1LFK6E3),70950,qualified,2026-07-31,,,Kami Bicknell
GTX Plus Basic - Zoomit (XSEG5T4H),141384,qualified,2026-07-31,,Zoomit,Markita Hansen
GTX Pro - Treequote (WTZ2AHNW),592239,won,2026-07-31,2026-09-14,Treequote,Marty Freudenburg
GTX Basic - Groovestreet (RQ5FNR4O),85398,won,2026-07-31,2026-08-15,Groovestreet,Maureen Marcano
GTX Plus Pro - Plusstrip (9BZBU2GY),656739,won,2026-07-31,2026-09-27,Plusstrip,Maureen Marcano
GTX Plus Pro - Plussunin (1FMCUSFS),740073,won,2026-08-01,2026-09-04,Plussunin,Boris Faz
GTX Pro - Inity (WJO52I18),621909,qualified,2026-08-01,,Inity,Cassey Cress
GTX Basic - Donquadtech (ZQSSHSL7),75207,won,2026-08-01,2026-08-03,Donquadtech,Cassey Cress
GTX Pro - Hottechi (SWYO7V7O),621909,lost,2026-08-01,2026-08-05,Hottechi,Darcel Schlecht
GTX Plus Pro - Sunnamplex (62UFJ4IQ),648999,won,2026-08-01,2026-08-07,Sunnamplex,James Ascencio
GTX Pro - Zencorporation (SQ71BWHG),621909,qualified,2026-08-01,,Zencorporation,Kary Hendrixson
GTX Pro - New prospect (ON821ADT),621909,qualified,2026-08-01,,,Markita Hansen
GTX Pro - Rangreen (ZO4FDMPS),621909,lost,2026-08-01,2026-08-02,Rangreen,Marty Freudenburg
GTX Plus Pro - New prospect (T7N0RX05),707178,qualified,2026-08-01,,,Maureen Marcano
GTX Pro - Plussunin (D9LUG4D8),546573,won,2026-08-01,2026-08-18,Plussunin,Reed Clapper
GTX Plus Pro - Konex (M23VU0A9),707178,lost,2026-08-01,2026-08-11,Konex,Rosie Papadopoulos
GTX Basic - New prospect (RN67OVFW),70950,qualified,2026-08-01,,,Zane Levy
GTX Basic - Fasehatice (YAVTI45C),62049,won,2026-08-01,2026-09-08,Fasehatice,Zane Levy
GTX Basic - Betatech (XZUEXEUH),61920,won,2026-08-02,2026-08-06,Betatech,Anna Snelling
MG Special - New prospect (IBB0VGUN),7095,qualified,2026-08-02,,,Cassey Cress
MG Advanced - New prospect (0CR37ETK),437697,qualified,2026-08-02,,,Corliss Cosme
GTX Basic - Iselectrics (MA56XGWR),70950,qualified,2026-08-02,,Iselectrics,Daniell Hammack
MG Special - Nam-zim (6Z3EP424),6579,won,2026-08-02,2026-08-13,Nam-zim,Elease Gluck
GTX Basic - Cancity (VPIXVUUE),70950,lost,2026-08-02,2026-08-13,Cancity,Gladys Colclough
MG Special - Gogozoom (F98UFHM2),6708,won,2026-08-02,2026-09-27,Gogozoom,Gladys Colclough
GTX Plus Pro - New prospect (NNNEMOZ5),707178,qualified,2026-08-02,,,James Ascencio
GTX Plus Basic - Sunnamplex (JB7JEEI5),157122,won,2026-08-02,2026-08-19,Sunnamplex,James Ascencio
GTX Plus Pro - Plusstrip (FQP39JQV),732849,won,2026-08-02,2026-08-09,Plusstrip,Kary Hendrixson
MG Advanced - Dontechi (PWW6TH3V),437697,lost,2026-08-02,2026-08-14,Dontechi,Marty Freudenburg
MG Special - Massive Dynamic (KXEZ5B3Q),7095,lost,2026-08-02,2026-08-14,Massive Dynamic,Reed Clapper
GTX Plus Pro - Konex (3UA6O3NG),872943,won,2026-08-02,2026-08-04,Konex,Reed Clapper
GTX Pro - New prospect (QD7MU7DD),621909,qualified,2026-08-02,,,Rosie Papadopoulos
MG Special - Cancity (3ML02CAH),7869,won,2026-08-02,2026-08-08,Cancity,Versie Hillebrand
MG Special - Opentech (T7AHYN7O),7095,lost,2026-08-02,2026-08-18,Opentech,Violet Mclelland
MG Special - Scotfind (9BMWYLQV),7998,won,2026-08-02,2026-08-14,Scotfind,Zane Levy
GTX Plus Pro - Bluth Company (I5VHXAWW),707178,qualified,2026-08-03,,Bluth Company,Boris Faz
GTX Pro - Betatech (76ZQP7QY),621909,lost,2026-08-03,2026-08-04,Betatech,Darcel Schlecht
GTX Plus Basic - Faxquote (DP7QR35U),141384,lost,2026-08-03,2026-08-04,Faxquote,Elease Gluck
MG Special - Konmatfix (VAD1MF34),6192,won,2026-08-03,2026-09-15,Konmatfix,Gladys Colclough
GTX Basic - Golddex (J9PCNCUP),70950,qualified,2026-08-03,,Golddex,Kary Hendrixson
GTX Pro - Funholding (6AA52750),621909,lost,2026-08-03,2026-08-10,Funholding,Niesha Huffines
MG Special - New prospect (1BW8S7JD),7095,qualified,2026-08-03,,,Violet Mclelland
GTX Plus Basic - Stanredtax (WOD9UKMP),136611,won,2026-08-04,2026-08-15,Stanredtax,Cecily Lampkin
GTX Pro - New prospect (C2FSIMZP),621909,qualified,2026-08-04,,,Corliss Cosme
GTX Pro - Konmatfix (T482GHJQ),648999,won,2026-08-04,2026-09-16,Konmatfix,Darcel Schlecht
GTX Basic - dambase (JFIL5JU0),71853,won,2026-08-04,2026-09-18,dambase,Lajuana Vencill
MG Advanced - Bluth Company (3GVL1I1G),441954,won,2026-08-04,2026-08-11,Bluth Company,Rosie Papadopoulos
MG Advanced - Funholding (72C58IRY),382872,won,2026-08-05,2026-08-23,Funholding,Cecily Lampkin
GTX Plus Basic - Genco Pura Olive Oil Company (MMIYELAE),138159,won,2026-08-05,2026-08-16,Genco Pura Olive Oil Company,Gladys Colclough
GTX Pro - Treequote (GS9UKUGV),621909,lost,2026-08-05,2026-08-13,Treequote,Jonathan Berthelot
GTX Plus Pro - Sunnamplex (X9MTGVJZ),707178,lost,2026-08-05,2026-08-23,Sunnamplex,Kami Bicknell
GTX Plus Basic - Plusstrip (N22XN5IM),139578,won,2026-08-05,2026-08-31,Plusstrip,Kami Bicknell
GTX Plus Basic - Plexzap (OTQTFK48),155187,won,2026-08-05,2026-08-08,Plexzap,Kary Hendrixson
MG Special - Konmatfix (URN9V0FK),7095,lost,2026-08-05,2026-09-26,Konmatfix,Lajuana Vencill
GTX Plus Basic - Warephase (K6TJSGUB),127065,won,2026-08-05,2026-08-14,Warephase,Marty Freudenburg
GTX Plus Basic - Scottech (CSXOYE1C),146157,won,2026-08-05,2026-08-17,Scottech,Niesha Huffines
MG Special - Bubba Gump (4ATO2S4S),7224,won,2026-08-05,2026-09-23,Bubba Gump,Violet Mclelland
GTX Plus Basic - New prospect (PMK11X5L),141384,qualified,2026-08-05,,,Wilburn Farren
GTX Basic - New prospect (W4XB23IP),70950,qualified,2026-08-06,,,Boris Faz
GTX Basic - Zencorporation (J0X7ZNDX),70950,lost,2026-08-06,2026-08-10,Zencorporation,Donn Cantrell
GTX Plus Pro - Sumace (GCCBRJF8),630036,won,2026-08-06,2026-08-24,Sumace,Garret Kinder
GTX Basic - Kan-code (G7ZZG9DI),57147,won,2026-08-06,2026-08-19,Kan-code,James Ascencio
GTX Basic - Goodsilron (TY9RBWLT),72498,won,2026-08-06,2026-08-20,Goodsilron,Kami Bicknell
GTX Basic - Groovestreet (NNREN4Q5),56373,won,2026-08-06,2026-08-18,Groovestreet,Kami Bicknell
MG Advanced - Rantouch (T0H5HATU),437697,lost,2026-08-06,2026-08-20,Rantouch,Kary Hendrixson
GTX Basic - Kan-code (49TIKZ5B),78174,won,2026-08-06,2026-08-11,Kan-code,Kary Hendrixson
MG Special - Sonron (ZM1HKZRS),7224,won,2026-08-06,2026-09-06,Sonron,Markita Hansen
MG Advanced - Sunnamplex (2FGV5XNE),437697,lost,2026-08-06,2026-08-24,Sunnamplex,Maureen Marcano
MG Special - Warephase (04G3DK6T),6966,won,2026-08-06,2026-08-18,Warephase,Moses Frase
GTX Pro - New prospect (6JBM1ZKO),621909,qualified,2026-08-06,,,Vicki Laflamme
GTX Pro - Acme Corporation (QSCVBJNJ),621909,lost,2026-08-06,2026-08-20,Acme Corporation,Wilburn Farren
GTX Basic - Acme Corporation (C3KQJVDU),74433,won,2026-08-07,2026-08-15,Acme Corporation,Corliss Cosme
GTX Plus Basic - Massive Dynamic (NZIJ3KKG),141384,lost,2026-08-07,2026-08-13,Massive Dynamic,Daniell Hammack
GTX Pro - Ron-tech (F46Q34LY),577920,won,2026-08-07,2026-08-17,Ron-tech,Darcel Schlecht
GTX Plus Pro - Lexiqvolax (5C13TAA8),812571,won,2026-08-07,2026-09-18,Lexiqvolax,Kary Hendrixson
GTX Pro - Condax (BFB6C54U),602817,won,2026-08-07,2026-08-28,Condax,Kary Hendrixson
GTK 500 - Xx-holding (ZSYWCL6R),3453072,lost,2026-08-07,2026-08-23,Xx-holding,Markita Hansen
GTX Plus Pro - Zathunicon (VNJQD4Z7),601011,won,2026-08-07,2026-09-25,Zathunicon,Reed Clapper
MG Special - New prospect (0KWYQTQQ),7095,qualified,2026-08-07,,,Rosalina Dieter
GTX Plus Basic - Kinnamplus (50OYB2YN),152220,won,2026-08-08,2026-08-17,Kinnamplus,Corliss Cosme
GTX Plus Pro - Betatech (C8BIQFEN),707178,lost,2026-08-08,2026-08-11,Betatech,Darcel Schlecht
GTX Plus Basic - Opentech (0TEEJ0WD),141384,lost,2026-08-08,2026-08-15,Opentech,Donn Cantrell
MG Special - Treequote (T2G750N6),7353,won,2026-08-08,2026-08-31,Treequote,Jonathan Berthelot
GTX Plus Pro - Toughzap (6BCEXGTX),707178,lost,2026-08-08,2026-08-19,Toughzap,Marty Freudenburg
GTX Plus Basic - Genco Pura Olive Oil Company (6ZFEAR57),141384,lost,2026-08-08,2026-08-19,Genco Pura Olive Oil Company,Niesha Huffines
MG Special - Codehow (Y1JFDUVB),6192,won,2026-08-08,2026-09-16,Codehow,Versie Hillebrand
MG Special - Bioplex (7FCXBW1M),6579,won,2026-08-08,2026-08-10,Bioplex,Violet Mclelland
MG Special - Inity (83Y5850C),7095,lost,2026-08-09,2026-08-22,Inity,Anna Snelling
GTX Plus Basic - Umbrella Corporation (V1458D23),146802,won,2026-08-09,2026-08-10,Umbrella Corporation,Corliss Cosme
MG Special - Streethex (LJEAX51Q),6321,won,2026-08-09,2026-09-17,Streethex,Darcel Schlecht
MG Advanced - Sumace (LDDQ5PN2),437697,lost,2026-08-09,2026-08-18,Sumace,Garret Kinder
GTX Basic - Genco Pura Olive Oil Company (WPJ0AS7T),83850,won,2026-08-09,2026-09-24,Genco Pura Olive Oil Company,Gladys Colclough
GTX Basic - Lexiqvolax (4J8IA9GL),60630,won,2026-08-09,2026-09-25,Lexiqvolax,Kary Hendrixson
GTX Basic - Isdom (76RZPT87),73143,won,2026-08-09,2026-09-27,Isdom,Lajuana Vencill
MG Advanced - Newex (9E3UNPHY),494844,won,2026-08-09,2026-09-21,Newex,Markita Hansen
GTX Plus Pro - Rangreen (CQ8UELF8),763164,won,2026-08-09,2026-08-11,Rangreen,Marty Freudenburg
GTX Plus Basic - Cheers (4E5E9MYV),121002,won,2026-08-09,2026-08-19,Cheers,Maureen Marcano
GTX Plus Basic - Kan-code (24BCH90I),144996,won,2026-08-09,2026-08-12,Kan-code,Maureen Marcano
MG Special - Gogozoom (LWVZKYI0),7869,won,2026-08-09,2026-08-28,Gogozoom,Versie Hillebrand
MG Special - Faxquote (1W2EEX4L),7095,lost,2026-08-09,2026-09-20,Faxquote,Vicki Laflamme
MG Advanced - Mathtouch (8977L373),517419,won,2026-08-09,2026-08-16,Mathtouch,Wilburn Farren
GTX Plus Basic - Hatfan (66LD5EF0),141384,lost,2026-08-09,2026-08-12,Hatfan,Zane Levy
GTX Pro - Plusstrip (50JIFEWD),663576,won,2026-08-09,2026-08-14,Plusstrip,Zane Levy
GTX Basic - Zotware (MTZQ55RH),63597,won,2026-08-10,2026-08-21,Zotware,Boris Faz
GTX Basic - Kinnamplus (1V3O11ZD),70950,lost,2026-08-10,2026-08-20,Kinnamplus,Cassey Cress
GTX Plus Basic - Kinnamplus (AIBZQM42),157896,won,2026-08-10,2026-08-17,Kinnamplus,Daniell Hammack
GTX Basic - Isdom (IZ5MV9YF),70950,lost,2026-08-10,2026-08-18,Isdom,Jonathan Berthelot
GTX Basic - Konex (OHJX1K09),70950,lost,2026-08-10,2026-08-11,Konex,Kami Bicknell
GTX Pro - Hottechi (I33TECO1),621909,lost,2026-08-10,2026-08-27,Hottechi,Kami Bicknell
GTX Basic - Streethex (MT45X396),70950,lost,2026-08-10,2026-08-16,Streethex,Lajuana Vencill
GTX Plus Basic - New prospect (G1W97XZA),141384,qualified,2026-08-10,,,Maureen Marcano
GTX Plus Pro - Treequote (V8ELYA6F),680604,won,2026-08-11,2026-08-12,Treequote,Anna Snelling
GTX Plus Basic - Cancity (NXXKM7C7),141384,qualified,2026-08-11,,Cancity,Daniell Hammack
GTX Plus Pro - Bioplex (K98JFWRC),707178,lost,2026-08-11,2026-08-25,Bioplex,Garret Kinder
GTX Plus Basic - Konmatfix (H6Q0LXVH),141384,lost,2026-08-11,2026-08-17,Konmatfix,Gladys Colclough
MG Advanced - Scotfind (2BH5Q718),437697,lost,2026-08-11,2026-08-20,Scotfind,Hayden Neloms
GTX Basic - Y-corporation (CSJKVMR9),70950,lost,2026-08-11,2026-08-13,Y-corporation,James Ascencio
GTX Plus Basic - Ron-tech (N3YVDYY2),122163,won,2026-08-11,2026-08-20,Ron-tech,Marty Freudenburg
GTX Plus Pro - Konex (LRP5IXX5),707178,lost,2026-08-11,2026-08-20,Konex,Reed Clapper
MG Advanced - Kinnamplus (SH1NTXPV),431118,won,2026-08-11,2026-08-26,Kinnamplus,Violet Mclelland
GTX Plus Pro - Ganjaflex (MKAKCFBQ),723690,won,2026-08-12,2026-09-26,Ganjaflex,Boris Faz
MG Advanced - Condax (9YH8LS5H),437697,lost,2026-08-12,2026-09-11,Condax,Cassey Cress
GTX Basic - Donquadtech (RO8TURF5),71853,won,2026-08-12,2026-08-27,Donquadtech,Cassey Cress
GTX Pro - Warephase (EW5ASXX4),621909,lost,2026-08-12,2026-08-17,Warephase,Darcel Schlecht
GTX Pro - dambase (MDLJKQ5B),722400,won,2026-08-12,2026-08-27,dambase,Darcel Schlecht
GTX Pro - Acme Corporation (7OIR36P2),642420,won,2026-08-12,2026-09-23,Acme Corporation,Donn Cantrell
MG Special - Scotfind (7XRWWM0X),7095,qualified,2026-08-12,,Scotfind,Kami Bicknell
GTX Pro - Kan-code (GQ13O0AQ),621909,lost,2026-08-12,2026-08-19,Kan-code,Kami Bicknell
GTX Basic - Konex (S9DDUFGP),70950,lost,2026-08-12,2026-08-25,Konex,Kary Hendrixson
GTX Basic - Kan-code (B5OXRZTT),68370,won,2026-08-12,2026-08-22,Kan-code,Zane Levy
MG Advanced - Hottechi (FX1RWO67),425700,won,2026-08-13,2026-09-27,Hottechi,Anna Snelling
MG Advanced - New prospect (BREOLQD9),437697,qualified,2026-08-13,,,Boris Faz
MG Advanced - Konex (2AGA3ALY),472656,won,2026-08-13,2026-08-17,Konex,Hayden Neloms
GTX Plus Pro - Konex (P8ZOY6HA),707178,lost,2026-08-13,2026-08-17,Konex,James Ascencio
GTX Basic - Stanredtax (PBGAZKMQ),74175,won,2026-08-13,2026-08-19,Stanredtax,Jonathan Berthelot
MG Special - Blackzim (86MJT5KR),7095,lost,2026-08-13,2026-08-20,Blackzim,Markita Hansen
GTX Plus Basic - New prospect (62PCN0KS),141384,qualified,2026-08-13,,,Maureen Marcano
MG Advanced - J-Texon (20NZO7TT),421959,won,2026-08-13,2026-08-28,J-Texon,Maureen Marcano
GTX Plus Pro - Bioholding (6FR9YZH2),707178,lost,2026-08-13,2026-08-14,Bioholding,Moses Frase
GTX Plus Basic - Cancity (LCZGL74L),141384,lost,2026-08-13,2026-08-23,Cancity,Niesha Huffines
GTX Plus Basic - Mathtouch (6NWIZG2N),133515,won,2026-08-13,2026-08-21,Mathtouch,Reed Clapper
MG Special - Plussunin (IS2HLCEO),7095,lost,2026-08-14,2026-08-31,Plussunin,Boris Faz
GTX Plus Pro - Inity (90D20NZU),629520,won,2026-08-14,2026-08-21,Inity,Darcel Schlecht
MG Advanced - Yearin (P214KAH8),470076,won,2026-08-14,2026-08-26,Yearin,Donn Cantrell
MG Advanced - Plusstrip (HEMKK91Z),456402,won,2026-08-14,2026-09-09,Plusstrip,Elease Gluck
GTX Plus Basic - Cheers (R2JKKVOO),141384,lost,2026-08-14,2026-08-24,Cheers,Kami Bicknell
GTX Basic - Goodsilron (6LS93NXH),70950,lost,2026-08-14,2026-08-24,Goodsilron,Kary Hendrixson
GTX Pro - Bubba Gump (BI36TLO5),535866,won,2026-08-14,2026-09-02,Bubba Gump,Reed Clapper
GTX Pro - Donware (TYQFCQBN),595980,won,2026-08-14,2026-08-23,Donware,Rosie Papadopoulos
GTX Plus Pro - Domzoom (DH4WEPQ5),729237,won,2026-08-14,2026-08-15,Domzoom,Versie Hillebrand
MG Special - Bioplex (NJAOJJY9),7095,lost,2026-08-14,2026-08-22,Bioplex,Violet Mclelland
MG Special - Donquadtech (VM6SAQYT),8385,won,2026-08-14,2026-08-23,Donquadtech,Violet Mclelland
GTX Basic - Newex (E2LVAU2T),64113,won,2026-08-14,2026-09-01,Newex,Zane Levy
GTX Pro - Sumace (CNAOGH7N),599205,won,2026-08-15,2026-09-03,Sumace,Boris Faz
GTX Pro - Massive Dynamic (0ONK3WET),547347,won,2026-08-15,2026-08-18,Massive Dynamic,Cassey Cress
GTX Plus Basic - Opentech (9Y43IDMY),141384,lost,2026-08-15,2026-09-02,Opentech,Daniell Hammack
GTX Pro - Cancity (UIE5G6GW),595593,won,2026-08-15,2026-08-26,Cancity,Darcel Schlecht
GTK 500 - Xx-holding (GB6C2UK5),3769380,won,2026-08-15,2026-08-31,Xx-holding,Elease Gluck
GTX Plus Basic - Funholding (5S2JLJGL),141384,lost,2026-08-15,2026-08-27,Funholding,Jonathan Berthelot
GTX Basic - Konex (820NH7ZA),82947,won,2026-08-15,2026-08-31,Konex,Kami Bicknell
GTX Basic - Scotfind (PIPYDN8Y),70950,lost,2026-08-15,2026-08-18,Scotfind,Kary Hendrixson
GTX Plus Pro - Blackzim (E3LNNM8H),707178,lost,2026-08-15,2026-09-01,Blackzim,Maureen Marcano
MG Special - Funholding (UHYI2QB2),7095,lost,2026-08-15,2026-08-25,Funholding,Moses Frase
GTX Plus Basic - Mathtouch (5SJP2J1J),114294,won,2026-08-16,2026-08-17,Mathtouch,Boris Faz
MG Advanced - Rangreen (R5V9DX5U),413574,won,2026-08-16,2026-08-25,Rangreen,Cecily Lampkin
GTX Basic - Gekko & Co (PGCWLU4L),87462,won,2026-08-16,2026-08-17,Gekko & Co,Daniell Hammack
GTX Basic - Funholding (RVI6ARFW),70821,won,2026-08-16,2026-08-17,Funholding,Darcel Schlecht
GTX Plus Pro - Kan-code (QVWPMJ8R),843660,won,2026-08-16,2026-08-25,Kan-code,Donn Cantrell
GTX Basic - Toughzap (7M7UED1P),70950,lost,2026-08-16,2026-08-18,Toughzap,Jonathan Berthelot
MG Advanced - Lexiqvolax (JW51LS6C),437697,lost,2026-08-16,2026-08-31,Lexiqvolax,Maureen Marcano
GTX Basic - Isdom (KU4GX1KD),85398,won,2026-08-16,2026-08-25,Isdom,Niesha Huffines
GTX Pro - Finjob (GSE8QWMU),585660,won,2026-08-16,2026-08-21,Finjob,Vicki Laflamme
MG Special - Rundofase (6MTK51P5),6708,won,2026-08-17,2026-08-26,Rundofase,Anna Snelling
GTX Plus Basic - New prospect (J962I0KG),141384,qualified,2026-08-17,,,Cassey Cress
GTX Pro - Yearin (QA2XTMMZ),621909,lost,2026-08-17,2026-08-24,Yearin,Corliss Cosme
GTX Basic - Goodsilron (T58EDFV0),65016,won,2026-08-17,2026-09-04,Goodsilron,Kami Bicknell
GTX Basic - Kan-code (C09PGOZG),75981,won,2026-08-17,2026-08-31,Kan-code,Kary Hendrixson
GTX Plus Pro - Stanredtax (IG9RPWOZ),742524,won,2026-08-17,2026-09-05,Stanredtax,Moses Frase
MG Advanced - Streethex (3GFZ7SN4),407769,won,2026-08-17,2026-08-20,Streethex,Moses Frase
MG Special - New prospect (PQ84ANKD),7095,qualified,2026-08-17,,,Violet Mclelland
GTX Plus Pro - Umbrella Corporation (DC1E84LC),671961,won,2026-08-17,2026-09-04,Umbrella Corporation,Wilburn Farren
MG Advanced - Kan-code (F0XGEQOE),437697,lost,2026-08-18,2026-08-22,Kan-code,Cassey Cress
MG Special - dambase (EQIV6PMF),7482,won,2026-08-18,2026-09-04,dambase,Cecily Lampkin
MG Special - Massive Dynamic (SK3A12HI),7353,won,2026-08-18,2026-09-17,Massive Dynamic,Corliss Cosme
GTX Pro - Bubba Gump (F28BOUE5),705114,won,2026-08-18,2026-09-06,Bubba Gump,Donn Cantrell
GTX Plus Pro - Domzoom (Z7JCS0ZW),707178,lost,2026-08-18,2026-08-21,Domzoom,Gladys Colclough
GTX Plus Pro - Lexiqvolax (9E3H6ONP),894228,won,2026-08-18,2026-08-22,Lexiqvolax,James Ascencio
GTX Basic - Newex (FVTCAFCL),77013,won,2026-08-18,2026-09-18,Newex,Kary Hendrixson
MG Advanced - Green-Plus (9TTQYYIW),437697,lost,2026-08-18,2026-08-24,Green-Plus,Markita Hansen
GTX Basic - Cheers (33JYWJ1X),79851,won,2026-08-18,2026-09-25,Cheers,Maureen Marcano
MG Advanced - Faxquote (L11T0DYF),334110,won,2026-08-18,2026-08-28,Faxquote,Vicki Laflamme
GTX Pro - Sumace (QJZVB9ZG),621909,lost,2026-08-18,2026-08-23,Sumace,Wilburn Farren
GTX Basic - Yearin (WAEWV7YD),78561,won,2026-08-19,2026-09-03,Yearin,Cassey Cress
GTX Pro - Konex (3RJPZ634),579468,won,2026-08-19,2026-09-02,Konex,Corliss Cosme
GTX Plus Basic - Rantouch (FZH6NJAQ),141384,lost,2026-08-19,2026-08-24,Rantouch,Maureen Marcano
GTX Pro - Yearin (4MPM6ZPU),621909,lost,2026-08-19,2026-09-02,Yearin,Reed Clapper
MG Special - Kan-code (U0XDMZK8),6063,won,2026-08-19,2026-09-01,Kan-code,Violet Mclelland
GTX Basic - Goodsilron (J1G2SZKD),70950,qualified,2026-08-19,,Goodsilron,Zane Levy
GTX Basic - Donquadtech (BF9D3HVC),70950,lost,2026-08-20,2026-08-29,Donquadtech,Corliss Cosme
GTX Plus Basic - Warephase (YMWG4Z3S),141384,qualified,2026-08-20,,Warephase,Kary Hendrixson
GTX Basic - Sonron (6AT4VS58),62436,won,2026-08-20,2026-09-04,Sonron,Kary Hendrixson
MG Advanced - Ron-tech (S5FBJ31P),437697,lost,2026-08-20,2026-08-22,Ron-tech,Marty Freudenburg
MG Special - Toughzap (62JLAD45),7095,lost,2026-08-20,2026-08-25,Toughzap,Niesha Huffines
MG Special - Dalttechnology (Z7GJE1K0),6321,won,2026-08-20,2026-09-03,Dalttechnology,Rosalina Dieter
MG Special - New prospect (PV3TH2FF),7095,qualified,2026-08-20,,,Vicki Laflamme
MG Special - Kan-code (4ZQTMS3Z),7095,qualified,2026-08-20,,Kan-code,Violet Mclelland
GTX Plus Basic - Ganjaflex (N6ZLW0OG),119583,won,2026-08-21,2026-09-01,Ganjaflex,Cassey Cress
GTX Pro - Acme Corporation (IJ2CLOLZ),573405,won,2026-08-21,2026-09-05,Acme Corporation,Daniell Hammack
GTX Pro - Codehow (K4N74V6U),659190,won,2026-08-21,2026-08-31,Codehow,Darcel Schlecht
MG Special - Blackzim (H7GFLCDH),7998,won,2026-08-21,2026-09-14,Blackzim,Elease Gluck
GTX Plus Basic - Konex (0QMOIDET),135321,won,2026-08-21,2026-09-07,Konex,James Ascencio
GTX Plus Basic - Labdrill (33JWQH71),114165,won,2026-08-21,2026-09-01,Labdrill,Kami Bicknell
GTX Pro - Newex (D55HTKRU),621909,qualified,2026-08-21,,Newex,Kary Hendrixson
MG Advanced - Golddex (Z9WFXNX3),437697,lost,2026-08-21,2026-08-26,Golddex,Markita Hansen
MG Advanced - Gekko & Co (7ACIXBSY),465948,won,2026-08-21,2026-09-01,Gekko & Co,Violet Mclelland
GTX Pro - Zencorporation (MEIBOSW7),658674,won,2026-08-21,2026-08-26,Zencorporation,Wilburn Farren
MG Advanced - Genco Pura Olive Oil Company (NBUHFAKW),319533,won,2026-08-22,2026-09-24,Genco Pura Olive Oil Company,Anna Snelling
MG Special - Donquadtech (PJ3NGI1Y),7095,lost,2026-08-22,2026-09-06,Donquadtech,Cassey Cress
GTX Basic - Warephase (RDZ2FC3A),69273,won,2026-08-22,2026-09-07,Warephase,Darcel Schlecht
GTX Plus Pro - Hatfan (R7GYOI0M),715563,won,2026-08-22,2026-09-06,Hatfan,James Ascencio
GTX Plus Basic - Konmatfix (Z1IF1M5M),129129,won,2026-08-22,2026-08-26,Konmatfix,Moses Frase
GTX Plus Pro - Kan-code (B133ECHC),707178,lost,2026-08-22,2026-09-01,Kan-code,Vicki Laflamme
GTX Plus Basic - Yearin (P55UV5QW),141384,lost,2026-08-22,2026-08-26,Yearin,Violet Mclelland
GTX Pro - Umbrella Corporation (H0HDYIYJ),654933,won,2026-08-22,2026-08-26,Umbrella Corporation,Wilburn Farren
MG Advanced - dambase (EBMBP7JQ),495876,won,2026-08-23,2026-09-03,dambase,Anna Snelling
GTX Plus Pro - Sumace (MAUIC3DD),707178,lost,2026-08-23,2026-09-06,Sumace,Corliss Cosme
GTX Plus Basic - Opentech (20048JO2),155316,won,2026-08-23,2026-09-10,Opentech,Corliss Cosme
MG Advanced - Isdom (U071YJYI),437697,lost,2026-08-23,2026-09-07,Isdom,Darcel Schlecht
GTX Basic - Stanredtax (Y3EVBV53),72498,won,2026-08-23,2026-09-03,Stanredtax,Gladys Colclough
GTX Plus Basic - Faxquote (JE63NRUA),141384,lost,2026-08-23,2026-09-21,Faxquote,Kami Bicknell
GTX Basic - Sunnamplex (YA8CL4UM),59340,won,2026-08-23,2026-08-28,Sunnamplex,Kami Bicknell
MG Special - Rundofase (43WRAJ1I),8514,won,2026-08-23,2026-09-07,Rundofase,Versie Hillebrand
MG Advanced - Cancity (DA7BZMMO),426861,won,2026-08-23,2026-09-08,Cancity,Versie Hillebrand
MG Advanced - Massive Dynamic (6QRZCDL0),437697,lost,2026-08-23,2026-08-24,Massive Dynamic,Violet Mclelland
GTX Pro - Genco Pura Olive Oil Company (348COZ5O),630552,won,2026-08-24,2026-08-27,Genco Pura Olive Oil Company,Darcel Schlecht
GTX Plus Basic - J-Texon (GLUYX9KN),153768,won,2026-08-24,2026-09-08,J-Texon,Hayden Neloms
MG Advanced - Bluth Company (2DT6W3HA),437697,lost,2026-08-24,2026-09-08,Bluth Company,Reed Clapper
MG Special - New prospect (7S8SLZDY),7095,qualified,2026-08-24,,,Rosalina Dieter
GTX Basic - Inity (L8XNQONA),70950,qualified,2026-08-24,,Inity,Zane Levy
GTX Plus Basic - Gekko & Co (WE03969I),145899,won,2026-08-25,2026-09-05,Gekko & Co,Donn Cantrell
GTX Plus Pro - Goodsilron (3SOLZEZX),735558,won,2026-08-25,2026-09-08,Goodsilron,Hayden Neloms
GTX Basic - Cheers (MAA6TJMM),72627,won,2026-08-25,2026-09-09,Cheers,Kami Bicknell
GTX Plus Pro - Xx-holding (0DY00J6O),759294,won,2026-08-25,2026-09-07,Xx-holding,Maureen Marcano
GTX Basic - Domzoom (U8IUBGTW),70950,lost,2026-08-25,2026-09-01,Domzoom,Niesha Huffines
MG Advanced - Hatfan (EV0V1ZZA),437697,lost,2026-08-25,2026-08-29,Hatfan,Vicki Laflamme
GTX Plus Basic - New prospect (JVF7HZMV),141384,qualified,2026-08-25,,,Zane Levy
GTX Basic - Rantouch (RCDG00F7),77529,won,2026-08-25,2026-08-31,Rantouch,Zane Levy
MG Special - Sonron (XAKK81WB),7482,won,2026-08-26,2026-09-14,Sonron,Elease Gluck
MG Special - Blackzim (B6CHA7CX),7482,won,2026-08-26,2026-09-10,Blackzim,Hayden Neloms
MG Advanced - Finjob (V263VR1Y),423765,won,2026-08-26,2026-09-10,Finjob,Hayden Neloms
MG Advanced - Plussunin (A2PTJA6G),450726,won,2026-08-26,2026-09-04,Plussunin,Reed Clapper
GTX Plus Pro - New prospect (GQDS81G1),707178,qualified,2026-08-27,,,Corliss Cosme
MG Advanced - Finhigh (GUDTJY0I),437697,lost,2026-08-27,2026-09-10,Finhigh,Darcel Schlecht
GTX Plus Pro - Initech (MDK5NQJA),671316,won,2026-08-27,2026-09-10,Initech,Donn Cantrell
GTX Basic - The New York Inquirer (GB1K3Y4Y),74691,won,2026-08-27,2026-09-11,The New York Inquirer,Garret Kinder
GTX Plus Basic - Cheers (KKOU11ZD),154155,won,2026-08-27,2026-09-10,Cheers,Kary Hendrixson
GTX Plus Pro - Streethex (KHZ3IOKH),817860,won,2026-08-27,2026-09-25,Streethex,Lajuana Vencill
GTX Plus Basic - Zathunicon (Q34UWP01),152091,won,2026-08-27,2026-09-15,Zathunicon,Wilburn Farren
GTX Plus Basic - Condax (X70BM5FO),160347,won,2026-08-28,2026-09-18,Condax,Anna Snelling
GTX Plus Basic - Zoomit (NCF02FA5),122937,won,2026-08-28,2026-09-11,Zoomit,Elease Gluck
GTX Basic - New prospect (LC93MVYP),70950,qualified,2026-08-28,,,Kami Bicknell
GTX Plus Pro - Genco Pura Olive Oil Company (XF54BYUH),724851,won,2026-08-28,2026-09-05,Genco Pura Olive Oil Company,Moses Frase
GTX Plus Basic - Betasoloin (23ZL97PN),141384,lost,2026-08-29,2026-09-08,Betasoloin,Donn Cantrell
GTX Plus Basic - Donware (PVZ4YGQG),141384,lost,2026-08-29,2026-09-07,Donware,Donn Cantrell
MG Advanced - Plexzap (7L89U5DU),457563,won,2026-08-29,2026-09-16,Plexzap,Hayden Neloms
GTX Pro - Green-Plus (KNN6C4O3),631971,won,2026-08-29,2026-09-11,Green-Plus,Kami Bicknell
GTX Plus Basic - Singletechno (CXAEFADQ),128097,won,2026-08-29,2026-09-16,Singletechno,Kary Hendrixson
MG Special - Doncon (G6433A35),6966,won,2026-08-30,2026-09-06,Doncon,James Ascencio
GTX Plus Basic - Codehow (1WVEAE8N),141384,lost,2026-08-30,2026-09-16,Codehow,Jonathan Berthelot
MG Special - Initech (TJJFAU52),7482,won,2026-08-30,2026-09-20,Initech,Rosie Papadopoulos
MG Special - Hottechi (JCJ5PJDH),7353,won,2026-08-31,2026-09-09,Hottechi,Anna Snelling
MG Special - Streethex (0RH9W4E2),7095,lost,2026-08-31,2026-09-20,Streethex,Gladys Colclough
GTX Plus Basic - Inity (MG3ZJ8F3),143190,won,2026-08-31,2026-09-07,Inity,Gladys Colclough
MG Special - Rundofase (R892OD1B),7353,won,2026-08-31,2026-09-04,Rundofase,Versie Hillebrand
GTX Pro - Finjob (SZ09YDEF),621909,lost,2026-08-31,2026-09-16,Finjob,Zane Levy
MG Special - Nam-zim (9WUYZLBE),8256,won,2026-08-31,2026-09-11,Nam-zim,Zane Levy
GTX Plus Pro - Zotware (RV7ERUUT),667188,won,2026-09-01,2026-09-03,Zotware,Boris Faz
GTX Plus Basic - Zotware (EY0JZ32S),141384,lost,2026-09-01,2026-09-23,Zotware,Corliss Cosme
GTX Basic - Golddex (CEYW89RW),70950,lost,2026-09-01,2026-09-21,Golddex,Kary Hendrixson
MG Special - Faxquote (MBBBOMEV),7095,lost,2026-09-01,2026-09-15,Faxquote,Markita Hansen
GTX Plus Pro - Funholding (I6FIZ2S5),792189,won,2026-09-01,2026-09-15,Funholding,Niesha Huffines
MG Special - New prospect (07GUKIG3),7095,qualified,2026-09-01,,,Violet Mclelland
MG Special - Statholdings (7EYDG0CV),7224,won,2026-09-02,2026-09-10,Statholdings,Anna Snelling
GTX Basic - Dontechi (UFAABKQJ),66435,won,2026-09-02,2026-09-08,Dontechi,Cecily Lampkin
GTX Basic - Donware (7ZU2A8L1),90042,won,2026-09-02,2026-09-19,Donware,Donn Cantrell
GTX Basic - Yearin (O1HKZ4ZF),62049,won,2026-09-02,2026-09-26,Yearin,Donn Cantrell
GTX Pro - Faxquote (8VO26H1R),621909,lost,2026-09-02,2026-09-18,Faxquote,Kary Hendrixson
MG Special - Rangreen (A2OLLGWZ),6321,won,2026-09-02,2026-09-10,Rangreen,Versie Hillebrand
GTX Plus Basic - Xx-holding (WKIRY6KE),143319,won,2026-09-03,2026-09-14,Xx-holding,Kary Hendrixson
GTX Plus Pro - Toughzap (EJYFAV40),756198,won,2026-09-03,2026-09-24,Toughzap,Marty Freudenburg
MG Special - J-Texon (8A1EB728),6966,won,2026-09-03,2026-09-12,J-Texon,Rosalina Dieter
GTX Plus Basic - New prospect (RS31U03Y),141384,qualified,2026-09-03,,,Zane Levy
MG Special - Cancity (2KWQ6RAZ),7740,won,2026-09-04,2026-09-14,Cancity,Anna Snelling
GTX Pro - Plussunin (823X29EZ),621909,lost,2026-09-04,2026-09-18,Plussunin,Donn Cantrell
GTX Plus Basic - New prospect (VL8YNHD7),141384,qualified,2026-09-04,,,Kary Hendrixson
GTX Plus Basic - Golddex (YY4VFPND),150672,won,2026-09-04,2026-09-25,Golddex,Kary Hendrixson
MG Special - Gekko & Co (RYLBEZ4N),6192,won,2026-09-04,2026-09-14,Gekko & Co,Violet Mclelland
GTX Plus Basic - Cancity (Y4UIUIEG),127194,won,2026-09-05,2026-09-20,Cancity,Cecily Lampkin
MG Advanced - Toughzap (1HG8VLHU),495747,won,2026-09-05,2026-09-12,Toughzap,Cecily Lampkin
GTX Plus Pro - Gekko & Co (0OJE7J6C),663447,won,2026-09-05,2026-09-13,Gekko & Co,Corliss Cosme
MG Special - Codehow (OCVCCWPQ),6708,won,2026-09-05,2026-09-20,Codehow,Gladys Colclough
GTX Plus Pro - Scotfind (S2KBTW2O),719304,won,2026-09-05,2026-09-19,Scotfind,James Ascencio
MG Special - Sunnamplex (QJ9H7Y8W),7611,won,2026-09-05,2026-09-14,Sunnamplex,Kami Bicknell
GTX Pro - J-Texon (FNA51WN6),538962,won,2026-09-05,2026-09-23,J-Texon,Kary Hendrixson
GTX Plus Basic - Lexiqvolax (921APYA3),153768,won,2026-09-05,2026-09-21,Lexiqvolax,Markita Hansen
GTX Basic - New prospect (GMY4U7RD),70950,qualified,2026-09-05,,,Maureen Marcano
GTX Plus Basic - Conecom (CPC83NKN),135063,won,2026-09-05,2026-09-20,Conecom,Niesha Huffines
GTX Plus Pro - Kan-code (TBS5Y874),832824,won,2026-09-05,2026-09-13,Kan-code,Reed Clapper
GTX Pro - Xx-zobam (6JZ0HCSF),621909,lost,2026-09-05,2026-09-25,Xx-zobam,Rosie Papadopoulos
GTX Basic - Ron-tech (JRSU8ALH),70950,lost,2026-09-06,2026-09-15,Ron-tech,Anna Snelling
GTX Pro - Inity (7GXUCFW5),613395,won,2026-09-06,2026-09-13,Inity,Darcel Schlecht
MG Special - Y-corporation (E66UG7VC),7095,won,2026-09-06,2026-09-21,Y-corporation,Maureen Marcano
MG Advanced - Faxquote (7IAHPFT9),397062,won,2026-09-06,2026-09-14,Faxquote,Vicki Laflamme
GTX Plus Pro - The New York Inquirer (FZWU2I30),707178,qualified,2026-09-06,,The New York Inquirer,Zane Levy
GTX Basic - Codehow (04AOWMXV),69273,won,2026-09-07,2026-09-24,Codehow,Anna Snelling
GTX Plus Basic - Hottechi (XZ9YR78K),157380,won,2026-09-07,2026-09-14,Hottechi,Gladys Colclough
MG Special - Finjob (WZKN6PO4),6837,won,2026-09-07,2026-09-17,Finjob,Markita Hansen
MG Special - Scottech (WQSUMJRZ),7740,won,2026-09-07,2026-09-14,Scottech,Versie Hillebrand
GTX Basic - Hottechi (1RIO9PCD),63726,won,2026-09-07,2026-09-25,Hottechi,Vicki Laflamme
GTX Basic - Genco Pura Olive Oil Company (TQV7CO87),61920,won,2026-09-08,2026-09-14,Genco Pura Olive Oil Company,Jonathan Berthelot
GTX Basic - Cheers (3FJPGYD7),70950,lost,2026-09-08,2026-09-25,Cheers,Kami Bicknell
GTX Basic - Toughzap (9AQFU718),70950,lost,2026-09-08,2026-09-11,Toughzap,Lajuana Vencill
GTX Plus Basic - Hottechi (AUJE7IZR),138675,won,2026-09-08,2026-09-22,Hottechi,Maureen Marcano
GTX Plus Basic - Ganjaflex (LE3XYXEF),141384,lost,2026-09-08,2026-09-21,Ganjaflex,Reed Clapper
GTX Plus Basic - Xx-holding (PM2BF2KB),141384,qualified,2026-09-09,,Xx-holding,Cassey Cress
GTX Plus Basic - New prospect (IQR162ZT),141384,qualified,2026-09-09,,,Elease Gluck
GTX Plus Basic - Conecom (TVU1PQEL),150414,won,2026-09-09,2026-09-24,Conecom,Jonathan Berthelot
GTX Plus Basic - Hatfan (3RGNKYWW),118809,won,2026-09-09,2026-09-22,Hatfan,Kary Hendrixson
MG Advanced - Lexiqvolax (K9KGXL2E),437697,qualified,2026-09-09,,Lexiqvolax,Markita Hansen
MG Advanced - Faxquote (HNCSYU4T),444018,won,2026-09-09,2026-09-23,Faxquote,Markita Hansen
MG Advanced - Zumgoity (1PXQZ40I),481815,won,2026-09-09,2026-09-23,Zumgoity,Versie Hillebrand
MG Special - Finjob (FYAVINLC),6450,won,2026-09-09,2026-09-13,Finjob,Vicki Laflamme
GTX Pro - Domzoom (60JGDDRO),651708,won,2026-09-10,2026-09-15,Domzoom,Darcel Schlecht
GTX Basic - Cheers (R4BO7K5M),70950,lost,2026-09-10,2026-09-25,Cheers,Kary Hendrixson
MG Special - Hatfan (X4XN0M8A),5676,won,2026-09-10,2026-09-26,Hatfan,Kary Hendrixson
MG Special - Doncon (M4MAVN65),7095,lost,2026-09-10,2026-09-18,Doncon,Vicki Laflamme
GTX Plus Basic - Massive Dynamic (USJ0JACE),123840,won,2026-09-10,2026-09-12,Massive Dynamic,Violet Mclelland
GTX Plus Pro - Zotware (2SMQAWOA),834501,won,2026-09-11,2026-09-26,Zotware,Boris Faz
GTX Plus Basic - Bioholding (TOJ902PF),141384,qualified,2026-09-11,,Bioholding,Daniell Hammack
GTX Plus Basic - Cheers (JAYXM4QB),117906,won,2026-09-11,2026-09-15,Cheers,Maureen Marcano
MG Advanced - Funholding (NW5CPPIV),437697,lost,2026-09-11,2026-09-22,Funholding,Versie Hillebrand
GTX Basic - Bioplex (J5BCAQ1Z),70950,qualified,2026-09-11,,Bioplex,Zane Levy
MG Special - Newex (8LFA54EQ),7095,lost,2026-09-12,2026-09-17,Newex,Rosalina Dieter
MG Advanced - J-Texon (19MLD9YF),435891,won,2026-09-12,2026-09-20,J-Texon,Rosalina Dieter
MG Advanced - Domzoom (PLQ50D2O),417960,won,2026-09-13,2026-09-22,Domzoom,Anna Snelling
GTX Plus Basic - Cheers (3VPQNW5Y),129903,won,2026-09-13,2026-09-27,Cheers,James Ascencio
GTX Pro - Conecom (RTWE19SU),621909,qualified,2026-09-13,,Conecom,Kary Hendrixson
MG Special - J-Texon (FXYOCA0G),6966,won,2026-09-13,2026-09-24,J-Texon,Markita Hansen
MG Special - Golddex (SK30SEKS),6321,won,2026-09-13,2026-09-21,Golddex,Rosalina Dieter
GTX Plus Basic - Sonron (Q30OVFCZ),141384,lost,2026-09-13,2026-09-27,Sonron,Vicki Laflamme
MG Special - New prospect (T6MPH7JC),7095,qualified,2026-09-13,,,Violet Mclelland
MG Special - Konex (T1GPPZXH),7095,won,2026-09-13,2026-09-20,Konex,Violet Mclelland
GTX Pro - Blackzim (WL31FAI3),670284,won,2026-09-13,2026-09-22,Blackzim,Zane Levy
MG Special - Rundofase (6SNUFVQP),6966,won,2026-09-14,2026-09-27,Rundofase,Anna Snelling
GTX Pro - Doncon (5U83YWZB),638937,won,2026-09-14,2026-09-22,Doncon,Elease Gluck
MG Advanced - Zotware (ZFXYBJEY),406995,won,2026-09-14,2026-09-20,Zotware,Wilburn Farren
GTX Pro - New prospect (NGTVHTFH),621909,qualified,2026-09-15,,,Boris Faz
GTX Pro - Bioholding (OHAARANW),621909,lost,2026-09-15,2026-09-26,Bioholding,Darcel Schlecht
GTX Pro - Plussunin (6GBGF19R),589014,won,2026-09-15,2026-09-26,Plussunin,Rosie Papadopoulos
MG Special - Bioholding (5XADPM6R),7482,won,2026-09-15,2026-09-24,Bioholding,Versie Hillebrand
GTX Pro - Umbrella Corporation (YZX90X8X),556635,won,2026-09-15,2026-09-24,Umbrella Corporation,Wilburn Farren
MG Advanced - Xx-zobam (CNL7PCYU),437697,lost,2026-09-16,2026-09-24,Xx-zobam,Donn Cantrell
MG Special - Silis (HB740BLB),7095,qualified,2026-09-16,,Silis,Hayden Neloms
GTX Pro - Vehement Capital Partners (9M88QXFW),719046,won,2026-09-16,2026-09-25,Vehement Capital Partners,Rosie Papadopoulos
GTX Plus Basic - New prospect (HCQK8NQ8),141384,qualified,2026-09-16,,,Wilburn Farren
GTX Plus Pro - New prospect (RDHTQLNI),707178,qualified,2026-09-17,,,Cassey Cress
MG Advanced - Genco Pura Olive Oil Company (B50N6RL3),450726,won,2026-09-17,2026-09-26,Genco Pura Olive Oil Company,Gladys Colclough
MG Special - Doncon (HLXSEMXV),6450,won,2026-09-17,2026-09-24,Doncon,Kami Bicknell
MG Special - Hottechi (MPMG4JTY),7869,won,2026-09-17,2026-09-24,Hottechi,Vicki Laflamme
MG Special - New prospect (DB801ISB),7095,qualified,2026-09-18,,,Elease Gluck
MG Special - Sunnamplex (8QJHJXY0),7095,lost,2026-09-18,2026-09-27,Sunnamplex,Kary Hendrixson
MG Advanced - Betasoloin (MSN4ZNU6),473817,won,2026-09-18,2026-09-24,Betasoloin,Violet Mclelland
GTX Basic - Ganjaflex (3MXS2HRE),74304,won,2026-09-19,2026-09-27,Ganjaflex,Cassey Cress
GTX Basic - Singletechno (1YBATFAY),69402,won,2026-09-20,2026-09-22,Singletechno,James Ascencio
GTX Basic - Conecom (2EBLR9N8),80238,won,2026-09-20,2026-09-22,Conecom,Lajuana Vencill
GTX Plus Basic - Bluth Company (VDGA4KXA),140997,won,2026-09-20,2026-09-26,Bluth Company,Violet Mclelland
GTX Pro - Hottechi (6WCNNK5J),571857,won,2026-09-22,2026-09-25,Hottechi,Maureen Marcano
GTX Plus Basic - Inity (YJTQSZ9D),135708,won,2026-09-23,2026-09-26,Inity,Gladys Colclough
MG Special - Betatech (RB8GDYFY),8643,won,2026-09-23,2026-09-25,Betatech,Gladys Colclough
GTX Basic - Green-Plus (6CWZFOHJ),70950,lead,,,Green-Plus,Anna Snelling
GTX Basic - New prospect (3LCLVRVV),70950,lead,,,,Anna Snelling
GTX Basic - New prospect (YIU1B39V),70950,lead,,,,Anna Snelling
GTX Basic - New prospect (8E0VRCLW),70950,lead,,,,Anna Snelling
GTX Basic - New prospect (G99CS23F),70950,lead,,,,Anna Snelling
GTX Basic - New prospect (XRJ54GNR),70950,lead,,,,Anna Snelling
GTX Basic - New prospect (GR9S7VHI),70950,lead,,,,Anna Snelling
GTX Plus Basic - Plusstrip (Q9UWOC28),141384,lead,,,Plusstrip,Anna Snelling
GTX Plus Basic - Zumgoity (YL29KX3L),141384,lead,,,Zumgoity,Anna Snelling
GTX Plus Basic - New prospect (OJDZN6UK),141384,lead,,,,Anna Snelling
GTX Plus Basic - New prospect (OM60BJ4S),141384,lead,,,,Anna Snelling
GTX Plus Pro - Hatfan (9PDR4X2R),707178,lead,,,Hatfan,Anna Snelling
GTX Plus Pro - Sumace (9P9ISECL),707178,lead,,,Sumace,Anna Snelling
GTX Plus Pro - New prospect (0D8Y5JA0),707178,lead,,,,Anna Snelling
GTX Plus Pro - New prospect (GNN53C6D),707178,lead,,,,Anna Snelling
GTX Plus Pro - New prospect (6KHIXTAD),707178,lead,,,,Anna Snelling
MG Special - Conecom (5C59O9GU),7095,lead,,,Conecom,Anna Snelling
MG Special - Dontechi (ZQRBJVZF),7095,lead,,,Dontechi,Anna Snelling
MG Special - Finhigh (I93XL6Q9),7095,lead,,,Finhigh,Anna Snelling
MG Special - Ganjaflex (UMD1BA4S),7095,lead,,,Ganjaflex,Anna Snelling
MG Special - Green-Plus (E6DGJSDW),7095,lead,,,Green-Plus,Anna Snelling
MG Special - J-Texon (JHNDPI2N),7095,lead,,,J-Texon,Anna Snelling
MG Special - Labdrill (GI94RTL5),7095,lead,,,Labdrill,Anna Snelling
MG Special - Nam-zim (10ALJD82),7095,lead,,,Nam-zim,Anna Snelling
MG Special - Plussunin (Z89NKUC7),7095,lead,,,Plussunin,Anna Snelling
MG Special - Plussunin (47P0HBNM),7095,lead,,,Plussunin,Anna Snelling
MG Special - Scotfind (4H8GZ075),7095,lead,,,Scotfind,Anna Snelling
MG Special - Sonron (UDAUS3DF),7095,lead,,,Sonron,Anna Snelling
MG Special - Vehement Capital Partners (F4W7Z1UU),7095,lead,,,Vehement Capital Partners,Anna Snelling
MG Special - Zoomit (DW5BQ220),7095,lead,,,Zoomit,Anna Snelling
MG Special - New prospect (4ENCEYPG),7095,lead,,,,Anna Snelling
MG Special - New prospect (EU4DPJGN),7095,lead,,,,Anna Snelling
MG Special - New prospect (426EL41A),7095,lead,,,,Anna Snelling
MG Special - New prospect (OXKLRULK),7095,lead,,,,Anna Snelling
MG Special - New prospect (D3ZJX20X),7095,lead,,,,Anna Snelling
MG Special - New prospect (V9JDJ861),7095,lead,,,,Anna Snelling
MG Special - New prospect (DYXD1AXO),7095,lead,,,,Anna Snelling
MG Special - New prospect (JSTHYUCD),7095,lead,,,,Anna Snelling
MG Special - New prospect (JC7DDV56),7095,lead,,,,Anna Snelling
MG Special - New prospect (ASDR6QEZ),7095,lead,,,,Anna Snelling
MG Special - New prospect (5ELMZN3E),7095,lead,,,,Anna Snelling
MG Special - New prospect (7Q90C2VN),7095,lead,,,,Anna Snelling
MG Special - New prospect (ZIMT5RQ2),7095,lead,,,,Anna Snelling
MG Advanced - Betasoloin (WTD6O2OR),437697,lead,,,Betasoloin,Anna Snelling
MG Advanced - Bioplex (OEG8QG42),437697,lead,,,Bioplex,Anna Snelling
MG Advanced - Fasehatice (BG0BLC6S),437697,lead,,,Fasehatice,Anna Snelling
MG Advanced - Inity (5Q2BX622),437697,lead,,,Inity,Anna Snelling
MG Advanced - Streethex (RSY2XLKK),437697,lead,,,Streethex,Anna Snelling
MG Advanced - New prospect (FEEOZHT8),437697,lead,,,,Anna Snelling
MG Advanced - New prospect (D382N39B),437697,lead,,,,Anna Snelling
MG Advanced - New prospect (YYUJ1DCF),437697,lead,,,,Anna Snelling
MG Advanced - New prospect (OH0HJ6KK),437697,lead,,,,Anna Snelling
MG Advanced - New prospect (5TGQL49J),437697,lead,,,,Anna Snelling
MG Advanced - New prospect (Y7WAFW9D),437697,lead,,,,Anna Snelling
MG Advanced - New prospect (I8NC3RFB),437697,lead,,,,Anna Snelling
GTX Basic - Fasehatice (38K5251H),70950,lead,,,Fasehatice,Cecily Lampkin
GTX Basic - New prospect (QR63ME8L),70950,lead,,,,Cecily Lampkin
GTX Plus Basic - New prospect (I79B9KJ2),141384,lead,,,,Cecily Lampkin
GTX Plus Basic - New prospect (LABZ0UGB),141384,lead,,,,Cecily Lampkin
GTX Plus Basic - New prospect (3R4W7ZVY),141384,lead,,,,Cecily Lampkin
GTX Plus Pro - Sunnamplex (2SZX9B7J),707178,lead,,,Sunnamplex,Cecily Lampkin
GTX Plus Pro - New prospect (0ZG6U7MQ),707178,lead,,,,Cecily Lampkin
GTX Plus Pro - New prospect (KQPNPH8A),707178,lead,,,,Cecily Lampkin
GTX Plus Pro - New prospect (SGI0VM1F),707178,lead,,,,Cecily Lampkin
MG Special - Betatech (DS5HZHDA),7095,lead,,,Betatech,Cecily Lampkin
MG Special - Conecom (TLZGG7G5),7095,lead,,,Conecom,Cecily Lampkin
MG Special - Goodsilron (8NI8O26G),7095,lead,,,Goodsilron,Cecily Lampkin
MG Special - Sumace (9BM1CGBV),7095,lead,,,Sumace,Cecily Lampkin
MG Special - New prospect (GSBUIL1E),7095,lead,,,,Cecily Lampkin
MG Special - New prospect (9F9NDO41),7095,lead,,,,Cecily Lampkin
MG Advanced - Singletechno (IAV71BEX),437697,lead,,,Singletechno,Cecily Lampkin
MG Advanced - New prospect (SJE81OUR),437697,lead,,,,Cecily Lampkin
MG Advanced - New prospect (R0MBBXL8),437697,lead,,,,Cecily Lampkin
MG Advanced - New prospect (NR2EDMKC),437697,lead,,,,Cecily Lampkin
MG Advanced - New prospect (SU8FTFLS),437697,lead,,,,Cecily Lampkin
MG Advanced - New prospect (61GDYW9T),437697,lead,,,,Cecily Lampkin
MG Advanced - New prospect (TFCQZ28G),437697,lead,,,,Cecily Lampkin
MG Advanced - New prospect (IXW68X6Z),437697,lead,,,,Cecily Lampkin
MG Advanced - New prospect (F77XD7IZ),437697,lead,,,,Cecily Lampkin
GTX Basic - Donquadtech (LEJWV2Y5),70950,lead,,,Donquadtech,Darcel Schlecht
GTX Basic - Kinnamplus (CAONNFXN),70950,lead,,,Kinnamplus,Darcel Schlecht
GTX Basic - Konmatfix (R8V3ALA8),70950,lead,,,Konmatfix,Darcel Schlecht
GTX Basic - New prospect (CPEYUW7V),70950,lead,,,,Darcel Schlecht
GTX Basic - New prospect (5ZATE1WV),70950,lead,,,,Darcel Schlecht
GTX Basic - New prospect (R1HFBU5H),70950,lead,,,,Darcel Schlecht
GTX Basic - New prospect (03P9VXWG),70950,lead,,,,Darcel Schlecht
GTX Basic - New prospect (RMJG8OS2),70950,lead,,,,Darcel Schlecht
GTX Basic - New prospect (9L0WKMJ2),70950,lead,,,,Darcel Schlecht
GTX Plus Basic - Acme Corporation (VAM56BG4),141384,lead,,,Acme Corporation,Darcel Schlecht
GTX Plus Basic - Faxquote (ZTCQWF53),141384,lead,,,Faxquote,Darcel Schlecht
GTX Plus Basic - Yearin (LKDSEQ2Q),141384,lead,,,Yearin,Darcel Schlecht
GTX Plus Basic - New prospect (I2LEEFAM),141384,lead,,,,Darcel Schlecht
GTX Plus Basic - New prospect (1LWG4COF),141384,lead,,,,Darcel Schlecht
GTX Plus Basic - New prospect (FEL7FQQG),141384,lead,,,,Darcel Schlecht
GTX Plus Basic - New prospect (0TQP0E65),141384,lead,,,,Darcel Schlecht
GTX Plus Basic - New prospect (P95E1DOX),141384,lead,,,,Darcel Schlecht
GTX Plus Basic - New prospect (JCRT0QHO),141384,lead,,,,Darcel Schlecht
GTX Plus Basic - New prospect (MTGV7WOM),141384,lead,,,,Darcel Schlecht
GTX Plus Basic - New prospect (IEMOIN3K),141384,lead,,,,Darcel Schlecht
GTX Plus Basic - New prospect (XTXMQMRC),141384,lead,,,,Darcel Schlecht
GTX Plus Basic - New prospect (OQX98BBL),141384,lead,,,,Darcel Schlecht
GTX Plus Basic - New prospect (RH0FJYPZ),141384,lead,,,,Darcel Schlecht
GTX Plus Basic - New prospect (HD6YD6P9),141384,lead,,,,Darcel Schlecht
GTX Plus Basic - New prospect (64OXRCSR),141384,lead,,,,Darcel Schlecht
GTX Plus Basic - New prospect (EG3X1ACF),141384,lead,,,,Darcel Schlecht
GTX Plus Basic - New prospect (TJ64MOUR),141384,lead,,,,Darcel Schlecht
GTX Plus Basic - New prospect (FY0SHNZY),141384,lead,,,,Darcel Schlecht
GTX Plus Basic - New prospect (V2V69I86),141384,lead,,,,Darcel Schlecht
GTX Plus Basic - New prospect (OAECXU4A),141384,lead,,,,Darcel Schlecht
GTX Plus Pro - Finjob (XETF5BVH),707178,lead,,,Finjob,Darcel Schlecht
GTX Plus Pro - Green-Plus (FU2PQZR4),707178,lead,,,Green-Plus,Darcel Schlecht
GTX Plus Pro - Hatfan (CVMNBKGH),707178,lead,,,Hatfan,Darcel Schlecht
GTX Plus Pro - Zathunicon (LZW4N9KF),707178,lead,,,Zathunicon,Darcel Schlecht
GTX Plus Pro - New prospect (A4TA5P1B),707178,lead,,,,Darcel Schlecht
GTX Plus Pro - New prospect (KIKV29M0),707178,lead,,,,Darcel Schlecht
GTX Plus Pro - New prospect (PCXGIH9X),707178,lead,,,,Darcel Schlecht
GTX Plus Pro - New prospect (ODSFN0YA),707178,lead,,,,Darcel Schlecht
GTX Plus Pro - New prospect (6RQUXORL),707178,lead,,,,Darcel Schlecht
GTX Plus Pro - New prospect (74LCNGIK),707178,lead,,,,Darcel Schlecht
GTX Plus Pro - New prospect (28EJ0L9T),707178,lead,,,,Darcel Schlecht
GTX Plus Pro - New prospect (UH9TR8Y1),707178,lead,,,,Darcel Schlecht
GTX Plus Pro - New prospect (JVXGG70X),707178,lead,,,,Darcel Schlecht
GTX Pro - Bioholding (SYP74C5W),621909,lead,,,Bioholding,Darcel Schlecht
GTX Pro - Blackzim (R0Q5BZ9Y),621909,lead,,,Blackzim,Darcel Schlecht
GTX Pro - Bluth Company (OT0GOR3I),621909,lead,,,Bluth Company,Darcel Schlecht
GTX Pro - Condax (6RN7I8ZF),621909,lead,,,Condax,Darcel Schlecht
GTX Pro - Condax (YBWUG6QP),621909,lead,,,Condax,Darcel Schlecht
GTX Pro - Donquadtech (8XE8GGIW),621909,lead,,,Donquadtech,Darcel Schlecht
GTX Pro - Dontechi (IHKIAB1W),621909,lead,,,Dontechi,Darcel Schlecht
GTX Pro - Faxquote (YKBJP191),621909,lead,,,Faxquote,Darcel Schlecht
GTX Pro - Faxquote (P7UPCSTC),621909,lead,,,Faxquote,Darcel Schlecht
GTX Pro - Finjob (GEQ8IGKW),621909,lead,,,Finjob,Darcel Schlecht
GTX Pro - Initech (EYR5E7LO),621909,lead,,,Initech,Darcel Schlecht
GTX Pro - Inity (LO8L5ELD),621909,lead,,,Inity,Darcel Schlecht
GTX Pro - Iselectrics (S1U1RD6K),621909,lead,,,Iselectrics,Darcel Schlecht
GTX Pro - Opentech (R6HYAPR6),621909,lead,,,Opentech,Darcel Schlecht
GTX Pro - Plusstrip (A8NXNY0M),621909,lead,,,Plusstrip,Darcel Schlecht
GTX Pro - Ron-tech (4ROECHG6),621909,lead,,,Ron-tech,Darcel Schlecht
GTX Pro - Ron-tech (FVVATY89),621909,lead,,,Ron-tech,Darcel Schlecht
GTX Pro - Rundofase (BV75OM0B),621909,lead,,,Rundofase,Darcel Schlecht
GTX Pro - Rundofase (ZGTCQT1A),621909,lead,,,Rundofase,Darcel Schlecht
GTX Pro - Warephase (GR8JTX1T),621909,lead,,,Warephase,Darcel Schlecht
GTX Pro - Xx-zobam (2IRZM0LB),621909,lead,,,Xx-zobam,Darcel Schlecht
GTX Pro - Yearin (99YRLZM0),621909,lead,,,Yearin,Darcel Schlecht
GTX Pro - Zathunicon (VJILDVVF),621909,lead,,,Zathunicon,Darcel Schlecht
GTX Pro - Zencorporation (A9DGDN56),621909,lead,,,Zencorporation,Darcel Schlecht
GTX Pro - Zumgoity (D01U08PR),621909,lead,,,Zumgoity,Darcel Schlecht
GTX Pro - New prospect (LFD1ZGJ8),621909,lead,,,,Darcel Schlecht
GTX Pro - New prospect (4YJKB8EC),621909,lead,,,,Darcel Schlecht
GTX Pro - New prospect (DIGG7U6M),621909,lead,,,,Darcel Schlecht
GTX Pro - New prospect (VMXGBINH),621909,lead,,,,Darcel Schlecht
GTX Pro - New prospect (N6BT2U29),621909,lead,,,,Darcel Schlecht
GTX Pro - New prospect (T12MT0HL),621909,lead,,,,Darcel Schlecht
GTX Pro - New prospect (HZVVOITE),621909,lead,,,,Darcel Schlecht
GTX Pro - New prospect (P6Z4X54S),621909,lead,,,,Darcel Schlecht
GTX Pro - New prospect (910NLQ80),621909,lead,,,,Darcel Schlecht
GTX Pro - New prospect (8IPMP8NT),621909,lead,,,,Darcel Schlecht
GTX Pro - New prospect (7YOJ4KU7),621909,lead,,,,Darcel Schlecht
GTX Pro - New prospect (3K70RL7Q),621909,lead,,,,Darcel Schlecht
GTX Pro - New prospect (DX1M0XF0),621909,lead,,,,Darcel Schlecht
GTX Pro - New prospect (5MNF16D8),621909,lead,,,,Darcel Schlecht
GTX Pro - New prospect (PES548QV),621909,lead,,,,Darcel Schlecht
GTX Pro - New prospect (XGMTNND1),621909,lead,,,,Darcel Schlecht
GTX Pro - New prospect (6R94B0SG),621909,lead,,,,Darcel Schlecht
GTX Pro - New prospect (8JL58ECD),621909,lead,,,,Darcel Schlecht
GTX Pro - New prospect (KO7JWXCT),621909,lead,,,,Darcel Schlecht
GTX Pro - New prospect (FGSBCJSC),621909,lead,,,,Darcel Schlecht
GTX Pro - New prospect (65SMA4OZ),621909,lead,,,,Darcel Schlecht
GTX Pro - New prospect (537X47QY),621909,lead,,,,Darcel Schlecht
GTX Pro - New prospect (D95K3R9N),621909,lead,,,,Darcel Schlecht
GTX Pro - New prospect (51HOGHF0),621909,lead,,,,Darcel Schlecht
GTX Pro - New prospect (PRUFERA6),621909,lead,,,,Darcel Schlecht
GTX Pro - New prospect (NST2FEF3),621909,lead,,,,Darcel Schlecht
GTX Pro - New prospect (BBV196A3),621909,lead,,,,Darcel Schlecht
GTX Pro - New prospect (E4YR0OE6),621909,lead,,,,Darcel Schlecht
MG Special - New prospect (TR7WLH5Q),7095,lead,,,,Darcel Schlecht
MG Special - New prospect (M64OQCC3),7095,lead,,,,Darcel Schlecht
MG Special - New prospect (WR9CQB8E),7095,lead,,,,Darcel Schlecht
MG Special - New prospect (TWWD62O3),7095,lead,,,,Darcel Schlecht
MG Special - New prospect (7CZU8GS1),7095,lead,,,,Darcel Schlecht
MG Special - New prospect (APXWBOOT),7095,lead,,,,Darcel Schlecht
MG Special - New prospect (7N6AHU7C),7095,lead,,,,Darcel Schlecht
MG Advanced - Bubba Gump (EJUQOEY5),437697,lead,,,Bubba Gump,Darcel Schlecht
MG Advanced - Donquadtech (9HA8VBAP),437697,lead,,,Donquadtech,Darcel Schlecht
MG Advanced - New prospect (X4THRRSJ),437697,lead,,,,Darcel Schlecht
MG Advanced - New prospect (3PN3YSPK),437697,lead,,,,Darcel Schlecht
MG Advanced - New prospect (F6AOT0NK),437697,lead,,,,Darcel Schlecht
MG Advanced - New prospect (YI92HVHO),437697,lead,,,,Darcel Schlecht
MG Advanced - New prospect (39NJ6UC9),437697,lead,,,,Darcel Schlecht
MG Advanced - New prospect (1XR36ESV),437697,lead,,,,Darcel Schlecht
GTX Basic - Hottechi (RJ21Q4HO),70950,lead,,,Hottechi,Gladys Colclough
GTX Basic - New prospect (NSYCCHCJ),70950,lead,,,,Gladys Colclough
GTX Basic - New prospect (ATOYVLLB),70950,lead,,,,Gladys Colclough
GTX Basic - New prospect (0M4K6F8Q),70950,lead,,,,Gladys Colclough
GTX Plus Basic - Iselectrics (TLJWMKEO),141384,lead,,,Iselectrics,Gladys Colclough
GTX Plus Basic - Plexzap (NXJNQ3Z9),141384,lead,,,Plexzap,Gladys Colclough
GTX Plus Basic - New prospect (HWKJ7TFJ),141384,lead,,,,Gladys Colclough
GTX Plus Basic - New prospect (Q62STRQQ),141384,lead,,,,Gladys Colclough
GTX Plus Basic - New prospect (9P9J2ANM),141384,lead,,,,Gladys Colclough
GTX Plus Basic - New prospect (OJWGRIXN),141384,lead,,,,Gladys Colclough
GTX Plus Basic - New prospect (EB393LSH),141384,lead,,,,Gladys Colclough
GTX Plus Basic - New prospect (566X0PLZ),141384,lead,,,,Gladys Colclough
GTX Plus Basic - New prospect (SFR7RG9V),141384,lead,,,,Gladys Colclough
GTX Plus Pro - Kan-code (9RGWSKNU),707178,lead,,,Kan-code,Gladys Colclough
GTX Plus Pro - Plussunin (49T7VKA7),707178,lead,,,Plussunin,Gladys Colclough
GTX Plus Pro - Vehement Capital Partners (BTDY3DHP),707178,lead,,,Vehement Capital Partners,Gladys Colclough
GTX Plus Pro - New prospect (UZ7DU3D9),707178,lead,,,,Gladys Colclough
GTX Plus Pro - New prospect (73CWPT9H),707178,lead,,,,Gladys Colclough
GTX Plus Pro - New prospect (B7KZYEII),707178,lead,,,,Gladys Colclough
GTX Plus Pro - New prospect (67CBAWHG),707178,lead,,,,Gladys Colclough
GTX Plus Pro - New prospect (2WTPSQTN),707178,lead,,,,Gladys Colclough
GTX Plus Pro - New prospect (V5PKXYWS),707178,lead,,,,Gladys Colclough
GTX Pro - Bioholding (EJCPWP6V),621909,lead,,,Bioholding,Gladys Colclough
GTX Pro - Genco Pura Olive Oil Company (BJE7KCZ1),621909,lead,,,Genco Pura Olive Oil Company,Gladys Colclough
GTX Pro - Treequote (TK9J8AOZ),621909,lead,,,Treequote,Gladys Colclough
GTX Pro - New prospect (XARW0KTX),621909,lead,,,,Gladys Colclough
GTX Pro - New prospect (0C34Z5UZ),621909,lead,,,,Gladys Colclough
GTX Pro - New prospect (OA3RDG12),621909,lead,,,,Gladys Colclough
GTX Pro - New prospect (847RHYQE),621909,lead,,,,Gladys Colclough
MG Special - Codehow (P0B49XCI),7095,lead,,,Codehow,Gladys Colclough
MG Special - Plexzap (DOP1NORG),7095,lead,,,Plexzap,Gladys Colclough
MG Special - Rundofase (BUOI3TBI),7095,lead,,,Rundofase,Gladys Colclough
MG Special - The New York Inquirer (F22C6LKO),7095,lead,,,The New York Inquirer,Gladys Colclough
MG Special - Yearin (D8ZJ6F45),7095,lead,,,Yearin,Gladys Colclough
MG Special - New prospect (HP50ZWIZ),7095,lead,,,,Gladys Colclough
MG Special - New prospect (X3KQZM1K),7095,lead,,,,Gladys Colclough
MG Special - New prospect (WA3U0EVI),7095,lead,,,,Gladys Colclough
MG Special - New prospect (Q9CASEJL),7095,lead,,,,Gladys Colclough
MG Special - New prospect (OIBR7UA7),7095,lead,,,,Gladys Colclough
MG Advanced - Cancity (J5IXJWVU),437697,lead,,,Cancity,Gladys Colclough
MG Advanced - Plusstrip (KFSKQ291),437697,lead,,,Plusstrip,Gladys Colclough
MG Advanced - Ron-tech (ZT1234V3),437697,lead,,,Ron-tech,Gladys Colclough
MG Advanced - Xx-zobam (JQBN7PXK),437697,lead,,,Xx-zobam,Gladys Colclough
MG Advanced - New prospect (J5IF7CT6),437697,lead,,,,Gladys Colclough
MG Advanced - New prospect (AAQ5H36J),437697,lead,,,,Gladys Colclough
MG Advanced - New prospect (37PEZCGO),437697,lead,,,,Gladys Colclough
MG Advanced - New prospect (X9NUTLTR),437697,lead,,,,Gladys Colclough
MG Advanced - New prospect (L5PS6S68),437697,lead,,,,Gladys Colclough
MG Advanced - New prospect (JLZCOLIE),437697,lead,,,,Gladys Colclough
GTX Basic - Bluth Company (TN4KM3D1),70950,lead,,,Bluth Company,Jonathan Berthelot
GTX Basic - Conecom (OIIFWY81),70950,lead,,,Conecom,Jonathan Berthelot
GTX Basic - Dontechi (WE2CEE8A),70950,lead,,,Dontechi,Jonathan Berthelot
GTX Basic - Gogozoom (NT38RBZY),70950,lead,,,Gogozoom,Jonathan Berthelot
GTX Basic - Groovestreet (0XVL2UMH),70950,lead,,,Groovestreet,Jonathan Berthelot
GTX Basic - Lexiqvolax (UFZFCBOS),70950,lead,,,Lexiqvolax,Jonathan Berthelot
GTX Basic - Vehement Capital Partners (2BD1SDBX),70950,lead,,,Vehement Capital Partners,Jonathan Berthelot
GTX Basic - Xx-zobam (AE3YDLK3),70950,lead,,,Xx-zobam,Jonathan Berthelot
GTX Basic - Zencorporation (C54CWZIT),70950,lead,,,Zencorporation,Jonathan Berthelot
GTX Basic - New prospect (D00AN5HY),70950,lead,,,,Jonathan Berthelot
GTX Basic - New prospect (E6798P2J),70950,lead,,,,Jonathan Berthelot
GTX Basic - New prospect (MR08TTTT),70950,lead,,,,Jonathan Berthelot
GTX Basic - New prospect (7UVKZD60),70950,lead,,,,Jonathan Berthelot
GTX Basic - New prospect (0RLU8I9Q),70950,lead,,,,Jonathan Berthelot
GTX Basic - New prospect (ZT163LH3),70950,lead,,,,Jonathan Berthelot
GTX Basic - New prospect (8Y3OMER4),70950,lead,,,,Jonathan Berthelot
GTX Basic - New prospect (OQ1P1OLH),70950,lead,,,,Jonathan Berthelot
GTX Basic - New prospect (UY93W9NZ),70950,lead,,,,Jonathan Berthelot
GTX Basic - New prospect (NVH71LD4),70950,lead,,,,Jonathan Berthelot
GTX Basic - New prospect (XVQ3OA99),70950,lead,,,,Jonathan Berthelot
GTX Basic - New prospect (DJDJ5A58),70950,lead,,,,Jonathan Berthelot
GTX Basic - New prospect (22TUMCKT),70950,lead,,,,Jonathan Berthelot
GTX Plus Basic - Globex Corporation (ARBTXSEH),141384,lead,,,Globex Corporation,Jonathan Berthelot
GTX Plus Basic - Isdom (P4D8H19O),141384,lead,,,Isdom,Jonathan Berthelot
GTX Plus Basic - New prospect (UD1GNRL4),141384,lead,,,,Jonathan Berthelot
GTX Plus Basic - New prospect (B2YZJ212),141384,lead,,,,Jonathan Berthelot
GTX Plus Basic - New prospect (94DGJSLN),141384,lead,,,,Jonathan Berthelot
GTX Plus Basic - New prospect (IRTO8ZJW),141384,lead,,,,Jonathan Berthelot
GTX Plus Pro - Cheers (OAMIMSUU),707178,lead,,,Cheers,Jonathan Berthelot
GTX Plus Pro - Silis (B26TNOGQ),707178,lead,,,Silis,Jonathan Berthelot
GTX Plus Pro - New prospect (QN1UL4N3),707178,lead,,,,Jonathan Berthelot
GTX Plus Pro - New prospect (FW2CVY2X),707178,lead,,,,Jonathan Berthelot
GTX Pro - Initech (9R8AKL0D),621909,lead,,,Initech,Jonathan Berthelot
GTX Pro - Plexzap (R14YE68N),621909,lead,,,Plexzap,Jonathan Berthelot
GTX Pro - New prospect (8RQCHZ5O),621909,lead,,,,Jonathan Berthelot
GTX Pro - New prospect (90KRHC6T),621909,lead,,,,Jonathan Berthelot
GTX Pro - New prospect (8NLGRTU5),621909,lead,,,,Jonathan Berthelot
GTX Pro - New prospect (QMRDG7WP),621909,lead,,,,Jonathan Berthelot
GTX Pro - New prospect (F0K8UDEG),621909,lead,,,,Jonathan Berthelot
GTX Pro - New prospect (NUEPXB8Z),621909,lead,,,,Jonathan Berthelot
GTX Pro - New prospect (FBDS7GIZ),621909,lead,,,,Jonathan Berthelot
MG Special - Blackzim (URRD7VUB),7095,lead,,,Blackzim,Jonathan Berthelot
MG Special - Bluth Company (11T4HX93),7095,lead,,,Bluth Company,Jonathan Berthelot
MG Special - New prospect (0QMDTHBS),7095,lead,,,,Jonathan Berthelot
MG Special - New prospect (GM5X0CSG),7095,lead,,,,Jonathan Berthelot
MG Special - New prospect (E0HMRMZ9),7095,lead,,,,Jonathan Berthelot
MG Special - New prospect (DYA87PL1),7095,lead,,,,Jonathan Berthelot
MG Advanced - New prospect (CGRMC7OE),437697,lead,,,,Jonathan Berthelot
GTX Basic - Bluth Company (0KSK9O00),70950,lead,,,Bluth Company,Lajuana Vencill
GTX Basic - Konex (76WK0KFZ),70950,lead,,,Konex,Lajuana Vencill
GTX Basic - Statholdings (IMN2GUYV),70950,lead,,,Statholdings,Lajuana Vencill
GTX Basic - New prospect (9HFEMESD),70950,lead,,,,Lajuana Vencill
GTX Basic - New prospect (00400B1S),70950,lead,,,,Lajuana Vencill
GTX Basic - New prospect (PELBIQ95),70950,lead,,,,Lajuana Vencill
GTX Basic - New prospect (HLE798LQ),70950,lead,,,,Lajuana Vencill
GTX Basic - New prospect (NB67WD27),70950,lead,,,,Lajuana Vencill
GTX Basic - New prospect (2RQOUJ9V),70950,lead,,,,Lajuana Vencill
GTX Basic - New prospect (6KW4PU0S),70950,lead,,,,Lajuana Vencill
GTX Basic - New prospect (Y533QVR5),70950,lead,,,,Lajuana Vencill
GTX Basic - New prospect (PAUK1IU0),70950,lead,,,,Lajuana Vencill
GTX Basic - New prospect (97WEHB4X),70950,lead,,,,Lajuana Vencill
GTX Basic - New prospect (Z4JQEOMT),70950,lead,,,,Lajuana Vencill
GTX Plus Basic - Dalttechnology (W2K1S9N3),141384,lead,,,Dalttechnology,Lajuana Vencill
GTX Plus Basic - New prospect (U0U1RIMI),141384,lead,,,,Lajuana Vencill
GTX Plus Basic - New prospect (ZTFYF8PV),141384,lead,,,,Lajuana Vencill
GTX Plus Basic - New prospect (Q620I4AZ),141384,lead,,,,Lajuana Vencill
GTX Plus Basic - New prospect (L7PPTHLF),141384,lead,,,,Lajuana Vencill
GTX Plus Basic - New prospect (8U9CA21G),141384,lead,,,,Lajuana Vencill
GTX Plus Pro - New prospect (F14T88OP),707178,lead,,,,Lajuana Vencill
MG Special - Bioplex (JZ4QLP1W),7095,lead,,,Bioplex,Lajuana Vencill
MG Special - Codehow (HSGGBG9J),7095,lead,,,Codehow,Lajuana Vencill
MG Special - New prospect (O7MBZPN4),7095,lead,,,,Lajuana Vencill
MG Special - New prospect (XS7B6QT7),7095,lead,,,,Lajuana Vencill
MG Special - New prospect (N6JMQG0E),7095,lead,,,,Lajuana Vencill
MG Special - New prospect (TBNPWPNE),7095,lead,,,,Lajuana Vencill
MG Special - New prospect (M4WW6I1S),7095,lead,,,,Lajuana Vencill
MG Special - New prospect (GLQLEZJM),7095,lead,,,,Lajuana Vencill
MG Advanced - Finjob (ZKJIVMSG),437697,lead,,,Finjob,Lajuana Vencill
MG Advanced - Kinnamplus (3TMNC3GW),437697,lead,,,Kinnamplus,Lajuana Vencill
MG Advanced - Rangreen (P25KLAD2),437697,lead,,,Rangreen,Lajuana Vencill
MG Advanced - New prospect (NDJBDONI),437697,lead,,,,Lajuana Vencill
MG Advanced - New prospect (94ZZLWOH),437697,lead,,,,Lajuana Vencill
MG Advanced - New prospect (KKUHAY4O),437697,lead,,,,Lajuana Vencill
MG Advanced - New prospect (4V17GRKW),437697,lead,,,,Lajuana Vencill
MG Advanced - New prospect (EOJHYLXG),437697,lead,,,,Lajuana Vencill
MG Advanced - New prospect (4XQ43RJW),437697,lead,,,,Lajuana Vencill
MG Advanced - New prospect (MJK3UJ1B),437697,lead,,,,Lajuana Vencill
MG Advanced - New prospect (44JDHBI8),437697,lead,,,,Lajuana Vencill
GTX Basic - Plexzap (ETJR6FUL),70950,lead,,,Plexzap,Marty Freudenburg
GTX Basic - Stanredtax (9CYYLZ11),70950,lead,,,Stanredtax,Marty Freudenburg
GTX Basic - Xx-zobam (RGW7PKJ6),70950,lead,,,Xx-zobam,Marty Freudenburg
GTX Basic - New prospect (BW0NOLCK),70950,lead,,,,Marty Freudenburg
GTX Basic - New prospect (G7K3HJAT),70950,lead,,,,Marty Freudenburg
GTX Basic - New prospect (NBE5EMSV),70950,lead,,,,Marty Freudenburg
GTX Basic - New prospect (D00KRY2S),70950,lead,,,,Marty Freudenburg
GTX Basic - New prospect (ZB3JRI67),70950,lead,,,,Marty Freudenburg
GTX Basic - New prospect (4AUWVKUU),70950,lead,,,,Marty Freudenburg
GTX Plus Basic - Betasoloin (I43F0Z77),141384,lead,,,Betasoloin,Marty Freudenburg
GTX Plus Basic - Donquadtech (YYMKOAVY),141384,lead,,,Donquadtech,Marty Freudenburg
GTX Plus Basic - Plussunin (0HR4TEU4),141384,lead,,,Plussunin,Marty Freudenburg
GTX Plus Basic - Silis (O8JCYJSV),141384,lead,,,Silis,Marty Freudenburg
GTX Plus Basic - Toughzap (FMRVHL9O),141384,lead,,,Toughzap,Marty Freudenburg
GTX Plus Basic - Zumgoity (YMI68O7S),141384,lead,,,Zumgoity,Marty Freudenburg
GTX Plus Basic - New prospect (VUFZB941),141384,lead,,,,Marty Freudenburg
GTX Plus Basic - New prospect (EABYCHB3),141384,lead,,,,Marty Freudenburg
GTX Plus Basic - New prospect (6Z6DMG2V),141384,lead,,,,Marty Freudenburg
GTX Plus Basic - New prospect (BZ96Z7AI),141384,lead,,,,Marty Freudenburg
GTX Plus Basic - New prospect (QY7GTG6Y),141384,lead,,,,Marty Freudenburg
GTX Plus Basic - New prospect (VZ28EXFN),141384,lead,,,,Marty Freudenburg
GTX Plus Basic - New prospect (KOPIWJO5),141384,lead,,,,Marty Freudenburg
GTX Plus Basic - New prospect (465ZW6J2),141384,lead,,,,Marty Freudenburg
GTX Plus Pro - New prospect (BVRUBA3A),707178,lead,,,,Marty Freudenburg
GTX Plus Pro - New prospect (5JS1Z5BQ),707178,lead,,,,Marty Freudenburg
GTX Plus Pro - New prospect (5EUHU5AF),707178,lead,,,,Marty Freudenburg
GTX Plus Pro - New prospect (F11IGBLD),707178,lead,,,,Marty Freudenburg
GTX Plus Pro - New prospect (CC70D9SD),707178,lead,,,,Marty Freudenburg
GTX Pro - Donware (0BQTT5UF),621909,lead,,,Donware,Marty Freudenburg
GTX Pro - Finhigh (M7UNLZEP),621909,lead,,,Finhigh,Marty Freudenburg
GTX Pro - Konmatfix (EG7S6ZOI),621909,lead,,,Konmatfix,Marty Freudenburg
GTX Pro - Plusstrip (UND13JS5),621909,lead,,,Plusstrip,Marty Freudenburg
GTX Pro - New prospect (HFVWQIMF),621909,lead,,,,Marty Freudenburg
GTX Pro - New prospect (9YLUGU6I),621909,lead,,,,Marty Freudenburg
GTX Pro - New prospect (SAUIIUTV),621909,lead,,,,Marty Freudenburg
GTX Pro - New prospect (B5H6M7AP),621909,lead,,,,Marty Freudenburg
MG Special - Doncon (COGXUYLL),7095,lead,,,Doncon,Marty Freudenburg
MG Special - Faxquote (ZVO432VF),7095,lead,,,Faxquote,Marty Freudenburg
MG Special - Globex Corporation (1BB5LME9),7095,lead,,,Globex Corporation,Marty Freudenburg
MG Special - Rangreen (7WXPAXAV),7095,lead,,,Rangreen,Marty Freudenburg
MG Special - New prospect (GSOR2INK),7095,lead,,,,Marty Freudenburg
MG Special - New prospect (BTH2O9OF),7095,lead,,,,Marty Freudenburg
MG Special - New prospect (HW367OVT),7095,lead,,,,Marty Freudenburg
MG Special - New prospect (O6NIPA7N),7095,lead,,,,Marty Freudenburg
MG Advanced - Acme Corporation (MI3MV7PU),437697,lead,,,Acme Corporation,Marty Freudenburg
MG Advanced - Condax (A8PVW8RI),437697,lead,,,Condax,Marty Freudenburg
MG Advanced - Finjob (S4V0T890),437697,lead,,,Finjob,Marty Freudenburg
MG Advanced - Iselectrics (AP74NF6M),437697,lead,,,Iselectrics,Marty Freudenburg
MG Advanced - New prospect (WJ7HDR4Q),437697,lead,,,,Marty Freudenburg
MG Advanced - New prospect (F1NWH30L),437697,lead,,,,Marty Freudenburg
MG Advanced - New prospect (7KQAH6UI),437697,lead,,,,Marty Freudenburg
MG Advanced - New prospect (2NO97U9Z),437697,lead,,,,Marty Freudenburg
MG Advanced - New prospect (BKI3OLP8),437697,lead,,,,Marty Freudenburg
MG Advanced - New prospect (KTSP63I0),437697,lead,,,,Marty Freudenburg
GTX Basic - Plusstrip (HKMMBDMW),70950,lead,,,Plusstrip,Moses Frase
GTX Basic - Stanredtax (52V1RWCZ),70950,lead,,,Stanredtax,Moses Frase
GTX Basic - Zencorporation (XS7L2AQE),70950,lead,,,Zencorporation,Moses Frase
GTX Basic - New prospect (M22PCEKY),70950,lead,,,,Moses Frase
GTX Basic - New prospect (IVTNXNYP),70950,lead,,,,Moses Frase
GTX Basic - New prospect (HOXD9TTL),70950,lead,,,,Moses Frase
GTX Basic - New prospect (H046CU4Z),70950,lead,,,,Moses Frase
GTX Basic - New prospect (JF4MEWPX),70950,lead,,,,Moses Frase
GTX Plus Basic - New prospect (1HD5JJM3),141384,lead,,,,Moses Frase
GTX Plus Basic - New prospect (NWPSEF2I),141384,lead,,,,Moses Frase
GTX Plus Basic - New prospect (0E8D6TCQ),141384,lead,,,,Moses Frase
GTX Plus Pro - New prospect (7MKYTX69),707178,lead,,,,Moses Frase
MG Special - Yearin (CLPDG9BG),7095,lead,,,Yearin,Moses Frase
MG Special - New prospect (32NDDT4L),7095,lead,,,,Moses Frase
MG Special - New prospect (1969NL80),7095,lead,,,,Moses Frase
MG Special - New prospect (IKR0NSUE),7095,lead,,,,Moses Frase
MG Special - New prospect (473F6L9F),7095,lead,,,,Moses Frase
MG Special - New prospect (KN4LCS4D),7095,lead,,,,Moses Frase
MG Advanced - Dalttechnology (EL09RK8X),437697,lead,,,Dalttechnology,Moses Frase
MG Advanced - Donquadtech (Y9EBNML6),437697,lead,,,Donquadtech,Moses Frase
MG Advanced - Funholding (9H2V1F1E),437697,lead,,,Funholding,Moses Frase
MG Advanced - New prospect (2872DC79),437697,lead,,,,Moses Frase
MG Advanced - New prospect (OYRF34VN),437697,lead,,,,Moses Frase
MG Advanced - New prospect (HP8IWA1E),437697,lead,,,,Moses Frase
MG Advanced - New prospect (M5ZYQFGR),437697,lead,,,,Moses Frase
MG Advanced - New prospect (0CECGPEJ),437697,lead,,,,Moses Frase
MG Advanced - New prospect (D6YEYMJC),437697,lead,,,,Moses Frase
MG Advanced - New prospect (RLDCYEJU),437697,lead,,,,Moses Frase
MG Advanced - New prospect (BIN9U8D9),437697,lead,,,,Moses Frase
MG Advanced - New prospect (8O98HGMW),437697,lead,,,,Moses Frase
MG Advanced - New prospect (SRYX0U85),437697,lead,,,,Moses Frase
GTX Basic - Groovestreet (MON9ZE47),70950,lead,,,Groovestreet,Niesha Huffines
GTX Basic - Plussunin (FJHKS2T2),70950,lead,,,Plussunin,Niesha Huffines
GTX Basic - New prospect (HUG2KAHE),70950,lead,,,,Niesha Huffines
GTX Basic - New prospect (PGN9I1HU),70950,lead,,,,Niesha Huffines
GTX Basic - New prospect (647SQRGL),70950,lead,,,,Niesha Huffines
GTX Basic - New prospect (TAKHOTRW),70950,lead,,,,Niesha Huffines
GTX Basic - New prospect (TS9QPHNA),70950,lead,,,,Niesha Huffines
GTX Basic - New prospect (UEI0RABV),70950,lead,,,,Niesha Huffines
GTX Basic - New prospect (27ZK0L0F),70950,lead,,,,Niesha Huffines
GTX Basic - New prospect (K38J8D75),70950,lead,,,,Niesha Huffines
GTX Basic - New prospect (UIP7MXOR),70950,lead,,,,Niesha Huffines
GTX Plus Basic - Nam-zim (MNCY3CKD),141384,lead,,,Nam-zim,Niesha Huffines
GTX Plus Basic - Streethex (E0S2ZL6X),141384,lead,,,Streethex,Niesha Huffines
GTX Plus Basic - Zoomit (XT9QCG8T),141384,lead,,,Zoomit,Niesha Huffines
GTX Plus Basic - New prospect (52WACRCG),141384,lead,,,,Niesha Huffines
GTX Plus Basic - New prospect (0PXJYUT7),141384,lead,,,,Niesha Huffines
GTX Plus Basic - New prospect (D45LXDPW),141384,lead,,,,Niesha Huffines
GTX Plus Pro - Konex (DDHNCZMO),707178,lead,,,Konex,Niesha Huffines
GTX Plus Pro - Zencorporation (Z99W80UY),707178,lead,,,Zencorporation,Niesha Huffines
GTX Plus Pro - New prospect (K8ITR8PA),707178,lead,,,,Niesha Huffines
GTX Pro - New prospect (G4B3UCWQ),621909,lead,,,,Niesha Huffines
GTX Pro - New prospect (8O212QCV),621909,lead,,,,Niesha Huffines
GTX Pro - New prospect (X2REWR7J),621909,lead,,,,Niesha Huffines
MG Special - Hottechi (RKP2DVSU),7095,lead,,,Hottechi,Niesha Huffines
MG Special - Konex (T3T4OE0A),7095,lead,,,Konex,Niesha Huffines
MG Special - New prospect (K7L1RE8B),7095,lead,,,,Niesha Huffines
MG Special - New prospect (RPCZJOE2),7095,lead,,,,Niesha Huffines
MG Special - New prospect (6IG2A8KD),7095,lead,,,,Niesha Huffines
MG Special - New prospect (MFU6Y5HX),7095,lead,,,,Niesha Huffines
MG Special - New prospect (Y0EKPBLQ),7095,lead,,,,Niesha Huffines
MG Special - New prospect (8TLX2786),7095,lead,,,,Niesha Huffines
MG Special - New prospect (Z9CW6K35),7095,lead,,,,Niesha Huffines
MG Advanced - Faxquote (YVFK9Q0W),437697,lead,,,Faxquote,Niesha Huffines
MG Advanced - New prospect (PF7M8CG2),437697,lead,,,,Niesha Huffines
GTX Basic - Inity (ZHPJ73Q6),70950,lead,,,Inity,Versie Hillebrand
GTX Basic - Lexiqvolax (2TI0MAKP),70950,lead,,,Lexiqvolax,Versie Hillebrand
GTX Basic - Scottech (2G5ZMOYC),70950,lead,,,Scottech,Versie Hillebrand
GTX Basic - New prospect (EPOB4B15),70950,lead,,,,Versie Hillebrand
GTX Basic - New prospect (2WWMPY7O),70950,lead,,,,Versie Hillebrand
GTX Basic - New prospect (Z6VQW8TB),70950,lead,,,,Versie Hillebrand
GTX Basic - New prospect (FNLAOXF8),70950,lead,,,,Versie Hillebrand
GTX Plus Basic - Sumace (C5B5WBY9),141384,lead,,,Sumace,Versie Hillebrand
GTX Plus Basic - New prospect (6IO91583),141384,lead,,,,Versie Hillebrand
GTX Plus Pro - New prospect (ZXNPF7PL),707178,lead,,,,Versie Hillebrand
GTX Plus Pro - New prospect (NKFG3KKP),707178,lead,,,,Versie Hillebrand
MG Special - Blackzim (JQ338VQC),7095,lead,,,Blackzim,Versie Hillebrand
MG Special - Doncon (WJK0O5J9),7095,lead,,,Doncon,Versie Hillebrand
MG Special - Golddex (W2149WNZ),7095,lead,,,Golddex,Versie Hillebrand
MG Special - Goodsilron (6WNENPQM),7095,lead,,,Goodsilron,Versie Hillebrand
MG Special - Konmatfix (VW8CEV4C),7095,lead,,,Konmatfix,Versie Hillebrand
MG Special - Opentech (KLUS7RVS),7095,lead,,,Opentech,Versie Hillebrand
MG Special - Rundofase (ROM4I2T0),7095,lead,,,Rundofase,Versie Hillebrand
MG Special - New prospect (6QKBZAEQ),7095,lead,,,,Versie Hillebrand
MG Special - New prospect (5P4OCP0Q),7095,lead,,,,Versie Hillebrand
MG Special - New prospect (E54FFQBM),7095,lead,,,,Versie Hillebrand
MG Special - New prospect (8GNSME5U),7095,lead,,,,Versie Hillebrand
MG Special - New prospect (5697WKA6),7095,lead,,,,Versie Hillebrand
MG Special - New prospect (A5DN7SE1),7095,lead,,,,Versie Hillebrand
MG Special - New prospect (DGI6CB5K),7095,lead,,,,Versie Hillebrand
MG Special - New prospect (MTH7D617),7095,lead,,,,Versie Hillebrand
MG Special - New prospect (S6BD2RV6),7095,lead,,,,Versie Hillebrand
MG Special - New prospect (P43NZA0V),7095,lead,,,,Versie Hillebrand
MG Special - New prospect (TFPZNRS3),7095,lead,,,,Versie Hillebrand
MG Special - New prospect (SPTF1MZ4),7095,lead,,,,Versie Hillebrand
MG Special - New prospect (WI5RHGX9),7095,lead,,,,Versie Hillebrand
MG Special - New prospect (WAT7H38N),7095,lead,,,,Versie Hillebrand
MG Special - New prospect (1FAU5C6V),7095,lead,,,,Versie Hillebrand
MG Special - New prospect (Q5RRTVJK),7095,lead,,,,Versie Hillebrand
MG Special - New prospect (KIOF5EM0),7095,lead,,,,Versie Hillebrand
MG Special - New prospect (SH4FSTJV),7095,lead,,,,Versie Hillebrand
MG Special - New prospect (AV50UWVV),7095,lead,,,,Versie Hillebrand
MG Special - New prospect (KAZ72JJ0),7095,lead,,,,Versie Hillebrand
MG Special - New prospect (QVWEPN6J),7095,lead,,,,Versie Hillebrand
MG Special - New prospect (JD7ACALY),7095,lead,,,,Versie Hillebrand
MG Special - New prospect (NSGU1K3N),7095,lead,,,,Versie Hillebrand
MG Special - New prospect (UK00OVV2),7095,lead,,,,Versie Hillebrand
MG Special - New prospect (DWGARGA2),7095,lead,,,,Versie Hillebrand
MG Special - New prospect (A4M34F8C),7095,lead,,,,Versie Hillebrand
MG Advanced - Ganjaflex (FCNN6UY0),437697,lead,,,Ganjaflex,Versie Hillebrand
MG Advanced - Silis (8M2O0Q8V),437697,lead,,,Silis,Versie Hillebrand
MG Advanced - New prospect (WNWI8RJU),437697,lead,,,,Versie Hillebrand
MG Advanced - New prospect (4H6DFFO4),437697,lead,,,,Versie Hillebrand
MG Advanced - New prospect (IUM2FVA1),437697,lead,,,,Versie Hillebrand
MG Advanced - New prospect (9MIWFW5J),437697,lead,,,,Versie Hillebrand
MG Advanced - New prospect (6SLKZ8FI),437697,lead,,,,Versie Hillebrand
MG Advanced - New prospect (LIB4KUZJ),437697,lead,,,,Versie Hillebrand
MG Advanced - New prospect (18IUIUK0),437697,lead,,,,Versie Hillebrand
MG Advanced - New prospect (8I5ONXJX),437697,lead,,,,Versie Hillebrand
